Cost Center;Name;Company Code;Profit Center;Profit Center Name;Functional Area;PC Only;Segment
1002000001;COMMERCIAL ADMIN;1710 (Delek US Holdings, Inc.);10020001 (DELEK US ENERGY, INC);DELEK US ENERGY, INC;"YB50 (G&A; D&A BELOW COS)";10020001;Corporate
1002000002;ECONOMICS & PLANNING;1710 (Delek US Holdings, Inc.);10020001 (DELEK US ENERGY, INC);DELEK US ENERGY, INC;"YB50 (G&A; D&A BELOW COS)";10020001;Corporate
1002000003;PROD. SUPPLY & DIST.;1710 (Delek US Holdings, Inc.);10020001 (DELEK US ENERGY, INC);DELEK US ENERGY, INC;"YB50 (G&A; D&A BELOW COS)";10020001;Corporate
1002000004;TRADING & SUPPLY;1710 (Delek US Holdings, Inc.);10020001 (DELEK US ENERGY, INC);DELEK US ENERGY, INC;"YB50 (G&A; D&A BELOW COS)";10020001;Corporate
1002000005;HR FACILITIES -G&A;1710 (Delek US Holdings, Inc.);10020001 (DELEK US ENERGY, INC);DELEK US ENERGY, INC;"YB50 (G&A; D&A BELOW COS)";10020001;Corporate
1002000006;BOARD OF DIRECTORS;1710 (Delek US Holdings, Inc.);10020001 (DELEK US ENERGY, INC);DELEK US ENERGY, INC;"YB50 (G&A; D&A BELOW COS)";10020001;Corporate
1002000007;EXECUTIVE;1710 (Delek US Holdings, Inc.);10020001 (DELEK US ENERGY, INC);DELEK US ENERGY, INC;"YB50 (G&A; D&A BELOW COS)";10020001;Corporate
1002000008;GENERAL ADMIN;1710 (Delek US Holdings, Inc.);10020001 (DELEK US ENERGY, INC);DELEK US ENERGY, INC;"YB50 (G&A; D&A BELOW COS)";10020001;Corporate
1002000009;INTERNAL AUDIT;1710 (Delek US Holdings, Inc.);10020001 (DELEK US ENERGY, INC);DELEK US ENERGY, INC;"YB50 (G&A; D&A BELOW COS)";10020001;Corporate
1002000010;INVESTOR RELATIONS;1710 (Delek US Holdings, Inc.);10020001 (DELEK US ENERGY, INC);DELEK US ENERGY, INC;"YB50 (G&A; D&A BELOW COS)";10020001;Corporate
1002000011;ACCOUNTING;1710 (Delek US Holdings, Inc.);10020001 (DELEK US ENERGY, INC);DELEK US ENERGY, INC;"YB50 (G&A; D&A BELOW COS)";10020001;Corporate
1002000012;ACQUIS. & INTEGRA.;1710 (Delek US Holdings, Inc.);10020001 (DELEK US ENERGY, INC);DELEK US ENERGY, INC;"YB50 (G&A; D&A BELOW COS)";10020001;Corporate
1002000013;CREDIT;1710 (Delek US Holdings, Inc.);10020001 (DELEK US ENERGY, INC);DELEK US ENERGY, INC;"YB50 (G&A; D&A BELOW COS)";10020001;Corporate
1002000014;FP&A;1710 (Delek US Holdings, Inc.);10020001 (DELEK US ENERGY, INC);DELEK US ENERGY, INC;"YB50 (G&A; D&A BELOW COS)";10020001;Corporate
1002000015;Cybersecurity;1710 (Delek US Holdings, Inc.);10020001 (DELEK US ENERGY, INC);DELEK US ENERGY, INC;"YB50 (G&A; D&A BELOW COS)";10020001;Corporate
1002000016;NETWORK ENGINEERING;1710 (Delek US Holdings, Inc.);10020001 (DELEK US ENERGY, INC);DELEK US ENERGY, INC;"YB50 (G&A; D&A BELOW COS)";10020001;Corporate
1002000017;HR RECRUIT&RELO -G&A;1710 (Delek US Holdings, Inc.);10020001 (DELEK US ENERGY, INC);DELEK US ENERGY, INC;"YB50 (G&A; D&A BELOW COS)";10020001;Corporate
1002000018;IT;1710 (Delek US Holdings, Inc.);10020001 (DELEK US ENERGY, INC);DELEK US ENERGY, INC;"YB50 (G&A; D&A BELOW COS)";10020001;Corporate
1002000019;HR LEARNING&DEV-G&A;1710 (Delek US Holdings, Inc.);10020001 (DELEK US ENERGY, INC);DELEK US ENERGY, INC;"YB50 (G&A; D&A BELOW COS)";10020001;Corporate
1002000020;MIDDLE OFFICE;1710 (Delek US Holdings, Inc.);10020001 (DELEK US ENERGY, INC);DELEK US ENERGY, INC;"YB50 (G&A; D&A BELOW COS)";10020001;Corporate
1002000021;SUPPLY CHAIN;1710 (Delek US Holdings, Inc.);10020001 (DELEK US ENERGY, INC);DELEK US ENERGY, INC;YB20 (OPEX IN COS);10020001;Corporate
1002000022;TREASURY;1710 (Delek US Holdings, Inc.);10020001 (DELEK US ENERGY, INC);DELEK US ENERGY, INC;"YB50 (G&A; D&A BELOW COS)";10020001;Corporate
1002000023;HR CORPORATE - G&A;1710 (Delek US Holdings, Inc.);10020001 (DELEK US ENERGY, INC);DELEK US ENERGY, INC;"YB50 (G&A; D&A BELOW COS)";10020001;Corporate
1002000024;LEGAL;1710 (Delek US Holdings, Inc.);10020001 (DELEK US ENERGY, INC);DELEK US ENERGY, INC;"YB50 (G&A; D&A BELOW COS)";10020001;Corporate
1002000025;PUBLIC AFFAIRS;1710 (Delek US Holdings, Inc.);10020001 (DELEK US ENERGY, INC);DELEK US ENERGY, INC;"YB50 (G&A; D&A BELOW COS)";10020001;Corporate
1002000026;RISK MANAGEMENT;1710 (Delek US Holdings, Inc.);10020001 (DELEK US ENERGY, INC);DELEK US ENERGY, INC;"YB50 (G&A; D&A BELOW COS)";10020001;Corporate
1002000027;STRATEGIC PLANNING;1710 (Delek US Holdings, Inc.);10020001 (DELEK US ENERGY, INC);DELEK US ENERGY, INC;"YB50 (G&A; D&A BELOW COS)";10020001;Corporate
1002000028;BUS. TRANSFORMATION;1710 (Delek US Holdings, Inc.);10020001 (DELEK US ENERGY, INC);DELEK US ENERGY, INC;"YB50 (G&A; D&A BELOW COS)";10020001;Corporate
1002000029;CAPITAL PROJECTS;1710 (Delek US Holdings, Inc.);10020001 (DELEK US ENERGY, INC);DELEK US ENERGY, INC;YB20 (OPEX IN COS);10020001;Corporate
1002000030;ENVIRONMENTAL  H&S;1710 (Delek US Holdings, Inc.);10020001 (DELEK US ENERGY, INC);DELEK US ENERGY, INC;YB20 (OPEX IN COS);10020001;Corporate
1002000031;REFINING SPLIT;1710 (Delek US Holdings, Inc.);10020001 (DELEK US ENERGY, INC);DELEK US ENERGY, INC;YB20 (OPEX IN COS);10020001;Corporate
1002000032;DK PERMIAN GATHERING;1710 (Delek US Holdings, Inc.);10020001 (DELEK US ENERGY, INC);DELEK US ENERGY, INC;YB20 (OPEX IN COS);10020001;Corporate
1002000033;HYD. LOSS CONTROL;1710 (Delek US Holdings, Inc.);10020001 (DELEK US ENERGY, INC);DELEK US ENERGY, INC;"YB50 (G&A; D&A BELOW COS)";10020001;Corporate
1002000034;RAIL;1710 (Delek US Holdings, Inc.);10020001 (DELEK US ENERGY, INC);DELEK US ENERGY, INC;"YB50 (G&A; D&A BELOW COS)";10020001;Corporate
1002000035;TRUCKING;1710 (Delek US Holdings, Inc.);10020001 (DELEK US ENERGY, INC);DELEK US ENERGY, INC;"YB50 (G&A; D&A BELOW COS)";10020001;Corporate
1002000036;BRANDED WHOLESALE;1710 (Delek US Holdings, Inc.);10020001 (DELEK US ENERGY, INC);DELEK US ENERGY, INC;"YB50 (G&A; D&A BELOW COS)";10020001;Corporate
1002000037;RETAIL ADMIN;1710 (Delek US Holdings, Inc.);10020001 (DELEK US ENERGY, INC);DELEK US ENERGY, INC;"YB50 (G&A; D&A BELOW COS)";10020001;Corporate
1002000038;DKL PAYROLL;1710 (Delek US Holdings, Inc.);10020001 (DELEK US ENERGY, INC);DELEK US ENERGY, INC;"YB50 (G&A; D&A BELOW COS)";10020001;Corporate
1002000039;Brentwood Office Mov;1710 (Delek US Holdings, Inc.);10020001 (DELEK US ENERGY, INC);DELEK US ENERGY, INC;"YB50 (G&A; D&A BELOW COS)";10020001;Corporate
1002000040;GENERAL ADMIN (OPEX);1710 (Delek US Holdings, Inc.);10020001 (DELEK US ENERGY, INC);DELEK US ENERGY, INC;YB30 (OPEX BELOW COS);10020001;Corporate
1002000041;CONSORTIUM COST - DK;1710 (Delek US Holdings, Inc.);10020001 (DELEK US ENERGY, INC);DELEK US ENERGY, INC;"YB40 (G&A; D&A IN COS)";10020001;Corporate
1002000042;SUM OF THE PARTS;1710 (Delek US Holdings, Inc.);10020001 (DELEK US ENERGY, INC);DELEK US ENERGY, INC;"YB50 (G&A; D&A BELOW COS)";10020001;Corporate
1002000043;Data & Analytics;1710 (Delek US Holdings, Inc.);10020001 (DELEK US ENERGY, INC);DELEK US ENERGY, INC;"YB50 (G&A; D&A BELOW COS)";10020001;Corporate
1002000044;Office of the CTO;1710 (Delek US Holdings, Inc.);10020001 (DELEK US ENERGY, INC);DELEK US ENERGY, INC;"YB50 (G&A; D&A BELOW COS)";10020001;Corporate
1002000045;REF GEN OPERATING;1710 (Delek US Holdings, Inc.);10020001 (DELEK US ENERGY, INC);DELEK US ENERGY, INC;YB20 (OPEX IN COS);10020001;Corporate
1002000046;DK New Energies;1710 (Delek US Holdings, Inc.);10020001 (DELEK US ENERGY, INC);DELEK US ENERGY, INC;YB20 (OPEX IN COS);10020001;Corporate
1002000047;EXECUTIVE - OPEX;1710 (Delek US Holdings, Inc.);10020001 (DELEK US ENERGY, INC);DELEK US ENERGY, INC;YB20 (OPEX IN COS);10020001;Corporate
1002000048;HR LEARNING&DEV-OPEX;1710 (Delek US Holdings, Inc.);10020001 (DELEK US ENERGY, INC);DELEK US ENERGY, INC;YB20 (OPEX IN COS);10020001;Corporate
1002000049;IT - OPEX;1710 (Delek US Holdings, Inc.);10020001 (DELEK US ENERGY, INC);DELEK US ENERGY, INC;YB20 (OPEX IN COS);10020001;Corporate
1002000050;UNBRANDED WHOLESALE;1710 (Delek US Holdings, Inc.);10020001 (DELEK US ENERGY, INC);DELEK US ENERGY, INC;"YB50 (G&A; D&A BELOW COS)";10020001;Corporate
1002000051;HR - COMM&ENG -G&A;1710 (Delek US Holdings, Inc.);10020001 (DELEK US ENERGY, INC);DELEK US ENERGY, INC;"YB40 (G&A; D&A IN COS)";10020001;Corporate
1002000052;PROJECT GATEWAY G&A;1710 (Delek US Holdings, Inc.);10020001 (DELEK US ENERGY, INC);DELEK US ENERGY, INC;"YB50 (G&A; D&A BELOW COS)";10020001;Corporate
1002000053;RETAIL TSA;1710 (Delek US Holdings, Inc.);10020001 (DELEK US ENERGY, INC);DELEK US ENERGY, INC;"YB50 (G&A; D&A BELOW COS)";10020001;Corporate
1002000054;ECON & PLANNING OPEX;1710 (Delek US Holdings, Inc.);10020001 (DELEK US ENERGY, INC);DELEK US ENERGY, INC;YB20 (OPEX IN COS);10020001;Corporate
1002000055;HR CORPORATE - OPEX;1710 (Delek US Holdings, Inc.);10020001 (DELEK US ENERGY, INC);DELEK US ENERGY, INC;YB20 (OPEX IN COS);10020001;Corporate
1002000056;HR RECRUIT&RELO-OPEX;1710 (Delek US Holdings, Inc.);10020001 (DELEK US ENERGY, INC);DELEK US ENERGY, INC;YB20 (OPEX IN COS);10020001;Corporate
1002000057;HR FACILITIES -OPEX;1710 (Delek US Holdings, Inc.);10020001 (DELEK US ENERGY, INC);DELEK US ENERGY, INC;YB20 (OPEX IN COS);10020001;Corporate
1002000058;HR - COMM&ENG -OPEX;1710 (Delek US Holdings, Inc.);10020001 (DELEK US ENERGY, INC);DELEK US ENERGY, INC;YB20 (OPEX IN COS);10020001;Corporate
1002000059;PROJECT GATEWAY OPEX;1710 (Delek US Holdings, Inc.);10020001 (DELEK US ENERGY, INC);DELEK US ENERGY, INC;YB20 (OPEX IN COS);10020001;Corporate
1002000060;TYR SUPPLY CHAIN OP;1710 (Delek US Holdings, Inc.);10020001 (DELEK US ENERGY, INC);DELEK US ENERGY, INC;YB20 (OPEX IN COS);10020001;Corporate
1002000061;EDR SUPPLY CHAIN OP;1710 (Delek US Holdings, Inc.);10020001 (DELEK US ENERGY, INC);DELEK US ENERGY, INC;YB20 (OPEX IN COS);10020001;Corporate
1002000062;KSR SUPPLY CHAIN OP;1710 (Delek US Holdings, Inc.);10020001 (DELEK US ENERGY, INC);DELEK US ENERGY, INC;YB20 (OPEX IN COS);10020001;Corporate
1002000063;BSR SUPPLY CHAIN OP;1710 (Delek US Holdings, Inc.);10020001 (DELEK US ENERGY, INC);DELEK US ENERGY, INC;YB20 (OPEX IN COS);10020001;Corporate
1002000064;Refine IT-OPEX Split;1710 (Delek US Holdings, Inc.);10020001 (DELEK US ENERGY, INC);DELEK US ENERGY, INC;YB20 (OPEX IN COS);10020001;Refining
1002000065;Refine IT-G&A Split;1710 (Delek US Holdings, Inc.);10020001 (DELEK US ENERGY, INC);DELEK US ENERGY, INC;"YB50 (G&A; D&A BELOW COS)";10020001;Refining
1004000001;Alon US GP;1710 (Delek US Holdings, Inc.);10040001 (Alon US GP);Alon US GP;"YB50 (G&A; D&A BELOW COS)";10040001;Corporate
1005000001;NATURAL GAS;1710 (Delek US Holdings, Inc.);10051001 (DK Trading & Supply);DK Trading & Supply;YB20 (OPEX IN COS);10051001;Refining
1005000002;DK CANADA;1710 (Delek US Holdings, Inc.);10052003 (DELEK CANADA ENERGY);DELEK CANADA ENERGY;"YB40 (G&A; D&A IN COS)";10052003;Corporate
1005000003;HEDGING;1710 (Delek US Holdings, Inc.);10051002 (Hedging);Hedging;"YB50 (G&A; D&A BELOW COS)";10051002;Refining
1005000004;CRUDE SUPPLY & TRADI;1710 (Delek US Holdings, Inc.);10051003 (Crude Wholesale-US);Crude Wholesale-US;"YB50 (G&A; D&A BELOW COS)";10051003;Refining
1005000005;MARRERO - BUCKEYE;1710 (Delek US Holdings, Inc.);10051016 (SLURRY OPS);SLURRY OPS;"YB50 (G&A; D&A BELOW COS)";10051016;Refining
1005000006;GALENA PARK MAGELLAN;1710 (Delek US Holdings, Inc.);10051016 (SLURRY OPS);SLURRY OPS;"YB50 (G&A; D&A BELOW COS)";10051016;Refining
1005000007;CENTRIFUGE - KSR;1710 (Delek US Holdings, Inc.);10051016 (SLURRY OPS);SLURRY OPS;"YB50 (G&A; D&A BELOW COS)";10051016;Refining
1005000008;TAMPA KINDER MORGAN;1710 (Delek US Holdings, Inc.);10051005 (WHOLESALE BUY/SELL);WHOLESALE BUY/SELL;"YB50 (G&A; D&A BELOW COS)";10051005;Refining
1005000009;ORLAN. KINDER MORGAN;1710 (Delek US Holdings, Inc.);10051005 (WHOLESALE BUY/SELL);WHOLESALE BUY/SELL;"YB50 (G&A; D&A BELOW COS)";10051005;Refining
1005000010;TAMPA - MURPHY;1710 (Delek US Holdings, Inc.);10051005 (WHOLESALE BUY/SELL);WHOLESALE BUY/SELL;"YB50 (G&A; D&A BELOW COS)";10051005;Refining
1005000011;CINCINNATI - BUCKEYE;1710 (Delek US Holdings, Inc.);10051005 (WHOLESALE BUY/SELL);WHOLESALE BUY/SELL;"YB50 (G&A; D&A BELOW COS)";10051005;Refining
1005000012;SAUGET - SCF;1710 (Delek US Holdings, Inc.);10051005 (WHOLESALE BUY/SELL);WHOLESALE BUY/SELL;"YB50 (G&A; D&A BELOW COS)";10051005;Refining
1005000013;TAMPA - COMMON DOCK;1710 (Delek US Holdings, Inc.);10051005 (WHOLESALE BUY/SELL);WHOLESALE BUY/SELL;"YB50 (G&A; D&A BELOW COS)";10051005;Refining
1005000014;FREEPORT - MURPHY;1710 (Delek US Holdings, Inc.);10051005 (WHOLESALE BUY/SELL);WHOLESALE BUY/SELL;"YB50 (G&A; D&A BELOW COS)";10051005;Refining
1005000015;SHARED SERVICE ALLOC;1710 (Delek US Holdings, Inc.);10052003 (DELEK CANADA ENERGY);DELEK CANADA ENERGY;"YB40 (G&A; D&A IN COS)";10052003;Corporate
1005000016;COMMOD. INVES. TRADE;1710 (Delek US Holdings, Inc.);10052003 (DELEK CANADA ENERGY);DELEK CANADA ENERGY;"YB40 (G&A; D&A IN COS)";10052003;Corporate
1005000017;CANADA TRADING FEES;1710 (Delek US Holdings, Inc.);10052003 (DELEK CANADA ENERGY);DELEK CANADA ENERGY;"YB40 (G&A; D&A IN COS)";10052003;Corporate
1005000018;ADMINISTRATION;1710 (Delek US Holdings, Inc.);10052003 (DELEK CANADA ENERGY);DELEK CANADA ENERGY;"YB40 (G&A; D&A IN COS)";10052003;Corporate
1005000019;ENBRIDGE MAINLINE;1710 (Delek US Holdings, Inc.);10052003 (DELEK CANADA ENERGY);DELEK CANADA ENERGY;YB20 (OPEX IN COS);10052003;Corporate
1005000020;DKTS - ADMIN;1710 (Delek US Holdings, Inc.);10051017 (DKTS - ADMIN);DKTS - ADMIN;"YB50 (G&A; D&A BELOW COS)";10051017;Refining
1005000021;REFINED PROD -WS GEN;1710 (Delek US Holdings, Inc.);10051005 (WHOLESALE BUY/SELL);WHOLESALE BUY/SELL;"YB50 (G&A; D&A BELOW COS)";10051005;Refining
1005000022;ETHANOL;1710 (Delek US Holdings, Inc.);10051009 (Ethanol);Ethanol;"YB50 (G&A; D&A BELOW COS)";10051009;Refining
1005000023;RINS - DKTS;1710 (Delek US Holdings, Inc.);10051011 (RINs);RINs;"YB50 (G&A; D&A BELOW COS)";10051011;Refining
1005000024;LION ASPHALT-DKTS;1710 (Delek US Holdings, Inc.);10051014 (LION ASPHALT);LION ASPHALT;"YB50 (G&A; D&A BELOW COS)";10051014;Refining
1005000025;BSR ASPHALT-DKTS;1710 (Delek US Holdings, Inc.);10051015 (ALON ASPHALT);ALON ASPHALT;"YB50 (G&A; D&A BELOW COS)";10051015;Refining
1005000026;CRUDE WHOLESALE-DEPR;1710 (Delek US Holdings, Inc.);10051003 (Crude Wholesale-US);Crude Wholesale-US;"YB40 (G&A; D&A IN COS)";10051003;Refining
1005000027;CRUDE WHOLESALE-OPEX;1710 (Delek US Holdings, Inc.);10051003 (Crude Wholesale-US);Crude Wholesale-US;YB20 (OPEX IN COS);10051003;Refining
1005000028;DKTS ADMIN - OPEX;1710 (Delek US Holdings, Inc.);10051017 (DKTS - ADMIN);DKTS - ADMIN;YB20 (OPEX IN COS);10051017;Refining
1005000029;SREs Small Ref Exemp;1710 (Delek US Holdings, Inc.);10051011 (RINs);RINs;YB20 (OPEX IN COS);10051011;Refining
1006000001;SHARED SERVICES;1710 (Delek US Holdings, Inc.);10060001 (ALON USA ENRGY, INC);ALON USA ENRGY, INC;"YB50 (G&A; D&A BELOW COS)";10060001;Corporate
1007000001;SHD SVC ALLOCATIONS;1710 (Delek US Holdings, Inc.);10070001 (Delek Permian Gather);Delek Permian Gather;"YB40 (G&A; D&A IN COS)";10070001;Corporate
1007000002;DKP PPL HOLD. SSA;1710 (Delek US Holdings, Inc.);10070001 (Delek Permian Gather);Delek Permian Gather;"YB40 (G&A; D&A IN COS)";10070001;Corporate
1007000003;DKP PPL FINANCE SSA;1710 (Delek US Holdings, Inc.);10070001 (Delek Permian Gather);Delek Permian Gather;"YB40 (G&A; D&A IN COS)";10070001;Corporate
1007000004;DELEK LOGISTICS PART;1710 (Delek US Holdings, Inc.);10070001 (Delek Permian Gather);Delek Permian Gather;"YB40 (G&A; D&A IN COS)";10070001;Corporate
1007000005;CAPITAL PROJECTS;1710 (Delek US Holdings, Inc.);10070001 (Delek Permian Gather);Delek Permian Gather;"YB40 (G&A; D&A IN COS)";10070001;Corporate
1007000006;PROJECT DEVELOPMENT;1710 (Delek US Holdings, Inc.);10070001 (Delek Permian Gather);Delek Permian Gather;"YB40 (G&A; D&A IN COS)";10070001;Corporate
1007000007;DPG S4 MIGRATE OPEX;1710 (Delek US Holdings, Inc.);10070001 (Delek Permian Gather);Delek Permian Gather;YB20 (OPEX IN COS);10070001;Corporate
1007000008;DPG S4 MIGRATE OVHD;1710 (Delek US Holdings, Inc.);10070001 (Delek Permian Gather);Delek Permian Gather;"YB40 (G&A; D&A IN COS)";10070001;Corporate
1008000001;SHD SVC ALLOCATIONS;1710 (Delek US Holdings, Inc.);10080001 (Alon West Coast);Alon West Coast;YB20 (OPEX IN COS);10080001;Corporate
1009000001;DK Innovation (US);1710 (Delek US Holdings, Inc.);10090001 (DKI-US);DKI-US;"YB40 (G&A; D&A IN COS)";10090001;Corporate
1009000002;VENTURE CAPITAL;1710 (Delek US Holdings, Inc.);10090001 (DKI-US);DKI-US;"YB40 (G&A; D&A IN COS)";10090001;Corporate
1009000003;DKI-US SOCIAL MEDIA;1710 (Delek US Holdings, Inc.);10090001 (DKI-US);DKI-US;"YB40 (G&A; D&A IN COS)";10090001;Corporate
1009000004;IS AND CYBER SECURIT;1710 (Delek US Holdings, Inc.);10090001 (DKI-US);DKI-US;"YB40 (G&A; D&A IN COS)";10090001;Corporate
1010000001;DK INNOVATION (IL);1710 (Delek US Holdings, Inc.);10100001 (DKI - Israel);DKI - Israel;"YB40 (G&A; D&A IN COS)";10100001;Corporate
1010000002;VENTURE CAPITAL;1710 (Delek US Holdings, Inc.);10100001 (DKI - Israel);DKI - Israel;"YB40 (G&A; D&A IN COS)";10100001;Corporate
1010000003;DKI-ISR SOCIAL MEDIA;1710 (Delek US Holdings, Inc.);10100001 (DKI - Israel);DKI - Israel;"YB40 (G&A; D&A IN COS)";10100001;Corporate
1010000004;CYBERSECURITY (IL);1710 (Delek US Holdings, Inc.);10100001 (DKI - Israel);DKI - Israel;"YB40 (G&A; D&A IN COS)";10100001;Corporate
1010000005;CONSORTIUM COST;1710 (Delek US Holdings, Inc.);10100001 (DKI - Israel);DKI - Israel;"YB40 (G&A; D&A IN COS)";10100001;Corporate
1011000001;SHARED SERVICES;1710 (Delek US Holdings, Inc.);10110001 (Paramount of Wash);Paramount of Wash;"YB40 (G&A; D&A IN COS)";10110001;Corporate
1011000002;TERMINAL OPERATIONS;1710 (Delek US Holdings, Inc.);10110001 (Paramount of Wash);Paramount of Wash;"YB40 (G&A; D&A IN COS)";10110001;Corporate
1012000001;SHD SVC ALLOCATIONS;1710 (Delek US Holdings, Inc.);10120001 (CWIC);CWIC;"YB50 (G&A; D&A BELOW COS)";10120001;Corporate
1012000002;TREASURY;1710 (Delek US Holdings, Inc.);10120001 (CWIC);CWIC;"YB50 (G&A; D&A BELOW COS)";10120001;Corporate
1012000003;LEGAL;1710 (Delek US Holdings, Inc.);10120001 (CWIC);CWIC;"YB50 (G&A; D&A BELOW COS)";10120001;Corporate
1012000004;RISK MANAGEMENT;1710 (Delek US Holdings, Inc.);10120001 (CWIC);CWIC;"YB50 (G&A; D&A BELOW COS)";10120001;Corporate
1012000005;ACCOUNTING;1710 (Delek US Holdings, Inc.);10120001 (CWIC);CWIC;"YB50 (G&A; D&A BELOW COS)";10120001;Corporate
1013000001;SHD SVC ALLOCATIONS;1710 (Delek US Holdings, Inc.);10130001 (Delek Helena);Delek Helena;YB20 (OPEX IN COS);10130001;Corporate
1014000001;SHARED SERVICES;1710 (Delek US Holdings, Inc.);10140001 (Alon Paramount Holdg);Alon Paramount Holdg;"YB50 (G&A; D&A BELOW COS)";10140001;Corporate
1015000001;SHD SVC ALLOCATIONS;1710 (Delek US Holdings, Inc.);10150001 (Paramount Petroleum);Paramount Petroleum;YB20 (OPEX IN COS);10150001;Corporate
1015000002;PARAMOUNT PETRO-OVHD;1710 (Delek US Holdings, Inc.);10150001 (Paramount Petroleum);Paramount Petroleum;"YB40 (G&A; D&A IN COS)";10150001;Corporate
1016000001;SHARED SERVICES;1710 (Delek US Holdings, Inc.);10160001 (Delek US Holdings);Delek US Holdings;"YB50 (G&A; D&A BELOW COS)";10160001;Corporate
1017000001;DK Logistics GP;1710 (Delek US Holdings, Inc.);10170001 (DK Logistics GP);DK Logistics GP;"YB50 (G&A; D&A BELOW COS)";10170001;Corporate
1018000001;DK Logistics Servc.;1710 (Delek US Holdings, Inc.);10180001 (DK Logistics Servc.);DK Logistics Servc.;"YB50 (G&A; D&A BELOW COS)";10180001;Corporate
1018000002;DKL Services-OPEX;1710 (Delek US Holdings, Inc.);10180001 (DK Logistics Servc.);DK Logistics Servc.;YB30 (OPEX BELOW COS);10180001;Corporate
1018000003;DK Logi serv- 3 Bear;1710 (Delek US Holdings, Inc.);10180001 (DK Logistics Servc.);DK Logistics Servc.;"YB50 (G&A; D&A BELOW COS)";10180001;Corporate
1018000004;DKL - H2O;1710 (Delek US Holdings, Inc.);10180001 (DK Logistics Servc.);DK Logistics Servc.;YB20 (OPEX IN COS);10180001;Corporate
1018000005;DKL - DWM Permian;1710 (Delek US Holdings, Inc.);10180001 (DK Logistics Servc.);DK Logistics Servc.;YB20 (OPEX IN COS);10180001;Corporate
1018000006;DKL - DEP Bakken;1710 (Delek US Holdings, Inc.);10180001 (DK Logistics Servc.);DK Logistics Servc.;YB20 (OPEX IN COS);10180001;Corporate
1019000001;Delek Permian Pipeli;1710 (Delek US Holdings, Inc.);10190001 (Delek Permian hold.);Delek Permian hold.;"YB40 (G&A; D&A IN COS)";10190001;Corporate
1020000001;Delek Permian Pipeli;1710 (Delek US Holdings, Inc.);10200001 (Delek Permian Financ);Delek Permian Financ;"YB40 (G&A; D&A IN COS)";10200001;Corporate
1021000001;W2W Holdings, LLC;1710 (Delek US Holdings, Inc.);10210001 (W2W Holdings, LLC);W2W Holdings, LLC;"YB40 (G&A; D&A IN COS)";10210001;Corporate
1022000001;W2W Finance, LLC;1710 (Delek US Holdings, Inc.);10220001 (W2W Finance, LLC);W2W Finance, LLC;"YB40 (G&A; D&A IN COS)";10220001;Corporate
1023000001;Delek W2W, LLC;1710 (Delek US Holdings, Inc.);10230001 (Delek W2W, LLC);Delek W2W, LLC;"YB40 (G&A; D&A IN COS)";10230001;Corporate
1024000001;Wink to Webster Pipe;1710 (Delek US Holdings, Inc.);10240001 (Wink to Webster Pipe);Wink to Webster Pipe;"YB40 (G&A; D&A IN COS)";10240001;Corporate
1025000001;Delek Acquisitions,;1710 (Delek US Holdings, Inc.);10250001 (Delek Acquisitions);Delek Acquisitions;"YB40 (G&A; D&A IN COS)";10250001;Corporate
1026000001;WAPC Holdings, LLC;1710 (Delek US Holdings, Inc.);10260001 (WAPC Holdings, LLC);WAPC Holdings, LLC;"YB40 (G&A; D&A IN COS)";10260001;Corporate
1027000001;Alon USA Partners GP;1710 (Delek US Holdings, Inc.);10270001 (Alon USA Partners GP);Alon USA Partners GP;"YB50 (G&A; D&A BELOW COS)";10270001;Corporate
1028000001;Alon USA GP II, LLC;1710 (Delek US Holdings, Inc.);10280001 (Alon USA GP II, LLC);Alon USA GP II, LLC;"YB40 (G&A; D&A IN COS)";10280001;Corporate
1029000001;WRIGHT ASPHALT PRODU;1710 (Delek US Holdings, Inc.);10290001 (Wright Asphalt Prdt);Wright Asphalt Prdt;"YB40 (G&A; D&A IN COS)";10290001;Corporate
1030000001;Delek Dissolved-Corp;1710 (Delek US Holdings, Inc.);10300001 (Delek Dissolved);Delek Dissolved;YB20 (OPEX IN COS);10300001;Corporate
1030000002;DK Dslvd-Corp-OPEX B;1710 (Delek US Holdings, Inc.);10300001 (Delek Dissolved);Delek Dissolved;YB30 (OPEX BELOW COS);10300001;Corporate
1030000003;DK Dslvd-Corp-OVHD;1710 (Delek US Holdings, Inc.);10300001 (Delek Dissolved);Delek Dissolved;"YB50 (G&A; D&A BELOW COS)";10300001;Corporate
1031000001;Delek Marine, LLC;1710 (Delek US Holdings, Inc.);10310001 (Delek Marine, LLC);Delek Marine, LLC;YB20 (OPEX IN COS);10310001;Corporate
2000000002;ALON USA DEL.;1710 (Delek US Holdings, Inc.);20000001 (Alon USA Del.);Alon USA Del.;"YB40 (G&A; D&A IN COS)";20000001;Refining
2000000003;ALON USA PART.;1710 (Delek US Holdings, Inc.);20000002 (Alon USA Part.);Alon USA Part.;"YB40 (G&A; D&A IN COS)";20000002;Refining
2000000004;ALON USA REF.;1710 (Delek US Holdings, Inc.);20000003 (Alon USA Ref.);Alon USA Ref.;"YB40 (G&A; D&A IN COS)";20000003;Refining
2000000005;ALON RENEWABLES FUEL;1710 (Delek US Holdings, Inc.);20000007 (Alon Renewable Fuel);Alon Renewable Fuel;"YB40 (G&A; D&A IN COS)";20000007;Refining
2000000007;ALON LOUISIANA HLDG;1710 (Delek US Holdings, Inc.);20000009 (Alon Louisana Hldg);Alon Louisana Hldg;"YB40 (G&A; D&A IN COS)";20000009;Refining
2000000008;ALON REF LOUISIANA;1710 (Delek US Holdings, Inc.);20000010 (Alon Ref Louisiana);Alon Ref Louisiana;"YB40 (G&A; D&A IN COS)";20000010;Refining
2000000009;ALON USA REF G&A;1710 (Delek US Holdings, Inc.);20000003 (Alon USA Ref.);Alon USA Ref.;"YB40 (G&A; D&A IN COS)";20000003;Refining
2000000010;PP&E BIG SPRING REF;1710 (Delek US Holdings, Inc.);20000003 (Alon USA Ref.);Alon USA Ref.;"YB40 (G&A; D&A IN COS)";20000003;Refining
2000000011;PP&E BIG SPRING ASP;1710 (Delek US Holdings, Inc.);20000003 (Alon USA Ref.);Alon USA Ref.;"YB40 (G&A; D&A IN COS)";20000003;Refining
2000000012;PARAMOUNT OF OREGON;1710 (Delek US Holdings, Inc.);20000004 (Paramount of OR);Paramount of OR;YB20 (OPEX IN COS);20000004;Refining
2000000013;Alon Bakersfield Hld;1710 (Delek US Holdings, Inc.);20000005 (Alon Bakersfield Hld);Alon Bakersfield Hld;"YB40 (G&A; D&A IN COS)";20000005;Refining
2000000014;Delek Refining, Inc.;1710 (Delek US Holdings, Inc.);20000011 (Delek Refining, Inc.);Delek Refining, Inc.;"YB40 (G&A; D&A IN COS)";20000011;Refining
2000000015;Delek U.S. Refining;1710 (Delek US Holdings, Inc.);20000012 (Delek U.S. Refining);Delek U.S. Refining;"YB40 (G&A; D&A IN COS)";20000012;Refining
2001000001;EMULSION/PAV ASPHALT;1710 (Delek US Holdings, Inc.);20012001 (BSR - Crude Refinery);BSR - Crude Refinery;YB20 (OPEX IN COS);20012001;Refining
2001000002;BSR CRUDE;1710 (Delek US Holdings, Inc.);20012001 (BSR - Crude Refinery);BSR - Crude Refinery;YB20 (OPEX IN COS);20012001;Refining
2001000003;PROPYLENE SPLITTER;1710 (Delek US Holdings, Inc.);20012001 (BSR - Crude Refinery);BSR - Crude Refinery;YB20 (OPEX IN COS);20012001;Refining
2001000004;HDS;1710 (Delek US Holdings, Inc.);20012001 (BSR - Crude Refinery);BSR - Crude Refinery;YB20 (OPEX IN COS);20012001;Refining
2001000005;REFORMER;1710 (Delek US Holdings, Inc.);20012001 (BSR - Crude Refinery);BSR - Crude Refinery;YB20 (OPEX IN COS);20012001;Refining
2001000006;FCCU;1710 (Delek US Holdings, Inc.);20012001 (BSR - Crude Refinery);BSR - Crude Refinery;YB20 (OPEX IN COS);20012001;Refining
2001000008;CLE;1710 (Delek US Holdings, Inc.);20012001 (BSR - Crude Refinery);BSR - Crude Refinery;YB20 (OPEX IN COS);20012001;Refining
2001000009;LIGHT DISTILLATE HYD;1710 (Delek US Holdings, Inc.);20012001 (BSR - Crude Refinery);BSR - Crude Refinery;YB20 (OPEX IN COS);20012001;Refining
2001000010;FUEL GASTREATER;1710 (Delek US Holdings, Inc.);20012001 (BSR - Crude Refinery);BSR - Crude Refinery;YB20 (OPEX IN COS);20012001;Refining
2001000011;ALKY;1710 (Delek US Holdings, Inc.);20012001 (BSR - Crude Refinery);BSR - Crude Refinery;YB20 (OPEX IN COS);20012001;Refining
2001000014;NORTH SIDE FLARE SYS;1710 (Delek US Holdings, Inc.);20012001 (BSR - Crude Refinery);BSR - Crude Refinery;YB20 (OPEX IN COS);20012001;Refining
2001000015;GASOIL HYDROTREATER;1710 (Delek US Holdings, Inc.);20012001 (BSR - Crude Refinery);BSR - Crude Refinery;YB20 (OPEX IN COS);20012001;Refining
2001000016;SOUTHSIDE FLARE-ZONE;1710 (Delek US Holdings, Inc.);20012001 (BSR - Crude Refinery);BSR - Crude Refinery;YB20 (OPEX IN COS);20012001;Refining
2001000017;PDA UNIT;1710 (Delek US Holdings, Inc.);20012001 (BSR - Crude Refinery);BSR - Crude Refinery;YB20 (OPEX IN COS);20012001;Refining
2001000018;BOILERS;1710 (Delek US Holdings, Inc.);20012001 (BSR - Crude Refinery);BSR - Crude Refinery;YB20 (OPEX IN COS);20012001;Refining
2001000020;WASTE WATER TREATING;1710 (Delek US Holdings, Inc.);20012001 (BSR - Crude Refinery);BSR - Crude Refinery;YB20 (OPEX IN COS);20012001;Refining
2001000022;BUNDLE SLAB;1710 (Delek US Holdings, Inc.);20012001 (BSR - Crude Refinery);BSR - Crude Refinery;YB20 (OPEX IN COS);20012001;Refining
2001000024;STEAM UNIT & UTILITI;1710 (Delek US Holdings, Inc.);20012001 (BSR - Crude Refinery);BSR - Crude Refinery;YB20 (OPEX IN COS);20012001;Refining
2001000025;AROMEX;1710 (Delek US Holdings, Inc.);20012001 (BSR - Crude Refinery);BSR - Crude Refinery;YB20 (OPEX IN COS);20012001;Refining
2001000026;C-8 COLUMN;1710 (Delek US Holdings, Inc.);20012001 (BSR - Crude Refinery);BSR - Crude Refinery;YB20 (OPEX IN COS);20012001;Refining
2001000027;SOLID WASTE;1710 (Delek US Holdings, Inc.);20012001 (BSR - Crude Refinery);BSR - Crude Refinery;YB20 (OPEX IN COS);20012001;Refining
2001000028;SLE;1710 (Delek US Holdings, Inc.);20012001 (BSR - Crude Refinery);BSR - Crude Refinery;YB20 (OPEX IN COS);20012001;Refining
2001000031;RELIABILITY;1710 (Delek US Holdings, Inc.);20012001 (BSR - Crude Refinery);BSR - Crude Refinery;YB20 (OPEX IN COS);20012001;Refining
2001000032;SUPPLY CHAIN;1710 (Delek US Holdings, Inc.);20012001 (BSR - Crude Refinery);BSR - Crude Refinery;"YB40 (G&A; D&A IN COS)";20012001;Refining
2001000033;BUILDING & GROUNDS;1710 (Delek US Holdings, Inc.);20012001 (BSR - Crude Refinery);BSR - Crude Refinery;YB20 (OPEX IN COS);20012001;Refining
2001000034;PLANT SAFETY SUPERVI;1710 (Delek US Holdings, Inc.);20012001 (BSR - Crude Refinery);BSR - Crude Refinery;YB20 (OPEX IN COS);20012001;Refining
2001000035;PIPELINES;1710 (Delek US Holdings, Inc.);20012001 (BSR - Crude Refinery);BSR - Crude Refinery;YB20 (OPEX IN COS);20012001;Refining
2001000036;LABORATORY;1710 (Delek US Holdings, Inc.);20012001 (BSR - Crude Refinery);BSR - Crude Refinery;YB20 (OPEX IN COS);20012001;Refining
2001000037;TANKS & BLENDING;1710 (Delek US Holdings, Inc.);20012001 (BSR - Crude Refinery);BSR - Crude Refinery;YB20 (OPEX IN COS);20012001;Refining
2001000038;GARAGE/AUTO MAINTENA;1710 (Delek US Holdings, Inc.);20012001 (BSR - Crude Refinery);BSR - Crude Refinery;YB20 (OPEX IN COS);20012001;Refining
2001000039;OFFICE SERVICES;1710 (Delek US Holdings, Inc.);20012001 (BSR - Crude Refinery);BSR - Crude Refinery;"YB40 (G&A; D&A IN COS)";20012001;Refining
2001000040;WAREHOUSE;1710 (Delek US Holdings, Inc.);20012001 (BSR - Crude Refinery);BSR - Crude Refinery;"YB40 (G&A; D&A IN COS)";20012001;Refining
2001000041;LOADING & RECEIVING;1710 (Delek US Holdings, Inc.);20012001 (BSR - Crude Refinery);BSR - Crude Refinery;YB20 (OPEX IN COS);20012001;Refining
2001000042;MAINTENANCE OVERHEAD;1710 (Delek US Holdings, Inc.);20012001 (BSR - Crude Refinery);BSR - Crude Refinery;YB20 (OPEX IN COS);20012001;Refining
2001000043;ELECTRICAL DISTRIBUT;1710 (Delek US Holdings, Inc.);20012001 (BSR - Crude Refinery);BSR - Crude Refinery;YB20 (OPEX IN COS);20012001;Refining
2001000044;PLANNING & COORDINAT;1710 (Delek US Holdings, Inc.);20012001 (BSR - Crude Refinery);BSR - Crude Refinery;YB20 (OPEX IN COS);20012001;Refining
2001000045;OFFICE ADMINISTRATIO;1710 (Delek US Holdings, Inc.);20012001 (BSR - Crude Refinery);BSR - Crude Refinery;"YB40 (G&A; D&A IN COS)";20012001;Refining
2001000046;REFINING OVERHEAD;1710 (Delek US Holdings, Inc.);20012001 (BSR - Crude Refinery);BSR - Crude Refinery;"YB40 (G&A; D&A IN COS)";20012001;Refining
2001000047;ENVIRONMENTAL;1710 (Delek US Holdings, Inc.);20012001 (BSR - Crude Refinery);BSR - Crude Refinery;YB20 (OPEX IN COS);20012001;Refining
2001000048;INSPECTION;1710 (Delek US Holdings, Inc.);20012001 (BSR - Crude Refinery);BSR - Crude Refinery;YB20 (OPEX IN COS);20012001;Refining
2001000049;BSR - IT OPEX;1710 (Delek US Holdings, Inc.);20012001 (BSR - Crude Refinery);BSR - Crude Refinery;YB20 (OPEX IN COS);20012001;Refining
2001000050;CENTRAL MX MECHANICS;1710 (Delek US Holdings, Inc.);20012001 (BSR - Crude Refinery);BSR - Crude Refinery;YB20 (OPEX IN COS);20012001;Refining
2001000051;CENTRAL MX PIPEFITTE;1710 (Delek US Holdings, Inc.);20012001 (BSR - Crude Refinery);BSR - Crude Refinery;YB20 (OPEX IN COS);20012001;Refining
2001000052;PROCESS SAFETY;1710 (Delek US Holdings, Inc.);20012001 (BSR - Crude Refinery);BSR - Crude Refinery;YB20 (OPEX IN COS);20012001;Refining
2001000053;CENTRAL MX INSTRUMEN;1710 (Delek US Holdings, Inc.);20012001 (BSR - Crude Refinery);BSR - Crude Refinery;YB20 (OPEX IN COS);20012001;Refining
2001000054;EMERGENCY RESPONSE;1710 (Delek US Holdings, Inc.);20012001 (BSR - Crude Refinery);BSR - Crude Refinery;YB20 (OPEX IN COS);20012001;Refining
2001000055;VPP;1710 (Delek US Holdings, Inc.);20012001 (BSR - Crude Refinery);BSR - Crude Refinery;YB20 (OPEX IN COS);20012001;Refining
2001000056;MECHANICAL ENGINEERI;1710 (Delek US Holdings, Inc.);20012001 (BSR - Crude Refinery);BSR - Crude Refinery;YB20 (OPEX IN COS);20012001;Refining
2001000058;WASTE WATER SYSTEM;1710 (Delek US Holdings, Inc.);20012001 (BSR - Crude Refinery);BSR - Crude Refinery;YB20 (OPEX IN COS);20012001;Refining
2001000061;TRAINING;1710 (Delek US Holdings, Inc.);20012001 (BSR - Crude Refinery);BSR - Crude Refinery;"YB40 (G&A; D&A IN COS)";20012001;Refining
2001000062;BSR - IT G&A;1710 (Delek US Holdings, Inc.);20012001 (BSR - Crude Refinery);BSR - Crude Refinery;"YB40 (G&A; D&A IN COS)";20012001;Refining
2001000068;#1 SRU SCOT;1710 (Delek US Holdings, Inc.);20012001 (BSR - Crude Refinery);BSR - Crude Refinery;YB20 (OPEX IN COS);20012001;Refining
2001000069;#1 SRU;1710 (Delek US Holdings, Inc.);20012001 (BSR - Crude Refinery);BSR - Crude Refinery;YB20 (OPEX IN COS);20012001;Refining
2001000070;RAW WATER TREATING;1710 (Delek US Holdings, Inc.);20012001 (BSR - Crude Refinery);BSR - Crude Refinery;YB20 (OPEX IN COS);20012001;Refining
2001000071;#2 SRU;1710 (Delek US Holdings, Inc.);20012001 (BSR - Crude Refinery);BSR - Crude Refinery;YB20 (OPEX IN COS);20012001;Refining
2001000072;#2 SRU SCOT;1710 (Delek US Holdings, Inc.);20012001 (BSR - Crude Refinery);BSR - Crude Refinery;YB20 (OPEX IN COS);20012001;Refining
2001000073;GROUNDWATER REMEDIAT;1710 (Delek US Holdings, Inc.);20012001 (BSR - Crude Refinery);BSR - Crude Refinery;YB20 (OPEX IN COS);20012001;Refining
2001000074;SOUR WATER STRIPPER;1710 (Delek US Holdings, Inc.);20012001 (BSR - Crude Refinery);BSR - Crude Refinery;YB20 (OPEX IN COS);20012001;Refining
2001000075;PRU;1710 (Delek US Holdings, Inc.);20012001 (BSR - Crude Refinery);BSR - Crude Refinery;YB20 (OPEX IN COS);20012001;Refining
2001000077;LOW SULFUR GASOLINE;1710 (Delek US Holdings, Inc.);20012001 (BSR - Crude Refinery);BSR - Crude Refinery;YB20 (OPEX IN COS);20012001;Refining
2001000080;DHT;1710 (Delek US Holdings, Inc.);20012001 (BSR - Crude Refinery);BSR - Crude Refinery;YB20 (OPEX IN COS);20012001;Refining
2001000089;RICHMOND BEACH TERM;1710 (Delek US Holdings, Inc.);20011001 (Alon Asphalt Company);Alon Asphalt Company;YB20 (OPEX IN COS);20011001;Corporate
2001000090;BIG SPRING-ACC TERM;1710 (Delek US Holdings, Inc.);20011001 (Alon Asphalt Company);Alon Asphalt Company;YB20 (OPEX IN COS);20011001;Corporate
2001000091;ALON ASPHALT COMPANY;1710 (Delek US Holdings, Inc.);20011001 (Alon Asphalt Company);Alon Asphalt Company;YB20 (OPEX IN COS);20011001;Corporate
2001000235;REFINING SPLIT;1710 (Delek US Holdings, Inc.);20012001 (BSR - Crude Refinery);BSR - Crude Refinery;YB20 (OPEX IN COS);20012001;Refining
2001000250;LEGAL;1710 (Delek US Holdings, Inc.);20012001 (BSR - Crude Refinery);BSR - Crude Refinery;"YB40 (G&A; D&A IN COS)";20012001;Refining
2001000750;RAIL TRANSPORT - BSR;1710 (Delek US Holdings, Inc.);20012001 (BSR - Crude Refinery);BSR - Crude Refinery;"YB40 (G&A; D&A IN COS)";20012001;Refining
2001001005;SW BR HYB TRAD MINUS;1710 (Delek US Holdings, Inc.);20012001 (BSR - Crude Refinery);BSR - Crude Refinery;"YB40 (G&A; D&A IN COS)";20012001;Refining
2001001008;BIG SPRING REFINERY;1710 (Delek US Holdings, Inc.);20012001 (BSR - Crude Refinery);BSR - Crude Refinery;YB20 (OPEX IN COS);20012001;Refining
2001001012;ASPHALT;1710 (Delek US Holdings, Inc.);20012001 (BSR - Crude Refinery);BSR - Crude Refinery;YB20 (OPEX IN COS);20012001;Refining
2001001026;RETAIL SERVICES;1710 (Delek US Holdings, Inc.);20012001 (BSR - Crude Refinery);BSR - Crude Refinery;YB20 (OPEX IN COS);20012001;Refining
2001001211;PROJECT DEVELOP-BSR;1710 (Delek US Holdings, Inc.);20012001 (BSR - Crude Refinery);BSR - Crude Refinery;YB20 (OPEX IN COS);20012001;Refining
2001001221;ACCOUNTING;1710 (Delek US Holdings, Inc.);20012001 (BSR - Crude Refinery);BSR - Crude Refinery;"YB40 (G&A; D&A IN COS)";20012001;Refining
2001001250;TURNAROUND;1710 (Delek US Holdings, Inc.);20012001 (BSR - Crude Refinery);BSR - Crude Refinery;YB20 (OPEX IN COS);20012001;Refining
2001002010;ALON USA, LP;1710 (Delek US Holdings, Inc.);20012001 (BSR - Crude Refinery);BSR - Crude Refinery;"YB40 (G&A; D&A IN COS)";20012001;Refining
2001010301;PIPELINES/TERMINALS;1710 (Delek US Holdings, Inc.);20012001 (BSR - Crude Refinery);BSR - Crude Refinery;YB20 (OPEX IN COS);20012001;Refining
2001010303;HAWLEY PRODUCT TERMI;1710 (Delek US Holdings, Inc.);20012001 (BSR - Crude Refinery);BSR - Crude Refinery;YB20 (OPEX IN COS);20012001;Refining
2001010304;WICHITA FALLS PRODUC;1710 (Delek US Holdings, Inc.);20012001 (BSR - Crude Refinery);BSR - Crude Refinery;YB20 (OPEX IN COS);20012001;Refining
2001010305;DUNCAN PRODUCT TERMI;1710 (Delek US Holdings, Inc.);20012001 (BSR - Crude Refinery);BSR - Crude Refinery;YB20 (OPEX IN COS);20012001;Refining
2001010306;ABILENE PRODUCT TERM;1710 (Delek US Holdings, Inc.);20012001 (BSR - Crude Refinery);BSR - Crude Refinery;YB20 (OPEX IN COS);20012001;Refining
2001010307;UNALLOCATD COST-OPEX;1710 (Delek US Holdings, Inc.);20012001 (BSR - Crude Refinery);BSR - Crude Refinery;YB20 (OPEX IN COS);20012001;Refining
2001010502;BRANDED MKT - SW;1710 (Delek US Holdings, Inc.);20012001 (BSR - Crude Refinery);BSR - Crude Refinery;"YB40 (G&A; D&A IN COS)";20012001;Refining
2001010507;MARKETING;1710 (Delek US Holdings, Inc.);20012001 (BSR - Crude Refinery);BSR - Crude Refinery;"YB40 (G&A; D&A IN COS)";20012001;Refining
2001010508;MARKETING-UNBRANDED;1710 (Delek US Holdings, Inc.);20012001 (BSR - Crude Refinery);BSR - Crude Refinery;"YB40 (G&A; D&A IN COS)";20012001;Refining
2001010519;MARKETING-PMT CARDS;1710 (Delek US Holdings, Inc.);20012001 (BSR - Crude Refinery);BSR - Crude Refinery;"YB40 (G&A; D&A IN COS)";20012001;Refining
2001010522;BRANDED DISTR SALES;1710 (Delek US Holdings, Inc.);20012001 (BSR - Crude Refinery);BSR - Crude Refinery;"YB40 (G&A; D&A IN COS)";20012001;Refining
2001011312;DFW P/L OPER EXP-SW;1710 (Delek US Holdings, Inc.);20012001 (BSR - Crude Refinery);BSR - Crude Refinery;YB20 (OPEX IN COS);20012001;Refining
2001012311;OPR EXP-FINTEX W P/L;1710 (Delek US Holdings, Inc.);20012001 (BSR - Crude Refinery);BSR - Crude Refinery;YB20 (OPEX IN COS);20012001;Refining
2001060003;PRODUCT;1710 (Delek US Holdings, Inc.);20012001 (BSR - Crude Refinery);BSR - Crude Refinery;"YB40 (G&A; D&A IN COS)";20012001;Refining
2001060155;EL PASO, TX- WESTERN;1710 (Delek US Holdings, Inc.);20012001 (BSR - Crude Refinery);BSR - Crude Refinery;YB20 (OPEX IN COS);20012001;Refining
2001068110;CRUDE;1710 (Delek US Holdings, Inc.);20012001 (BSR - Crude Refinery);BSR - Crude Refinery;"YB40 (G&A; D&A IN COS)";20012001;Refining
2002000001;PRODUCT;1710 (Delek US Holdings, Inc.);20022001 (EDR -Refinery (Lion));EDR -Refinery (Lion);"YB40 (G&A; D&A IN COS)";20022001;Refining
2002000002;LO WHOLESALE SALES;1710 (Delek US Holdings, Inc.);20022001 (EDR -Refinery (Lion));EDR -Refinery (Lion);"YB40 (G&A; D&A IN COS)";20022001;Refining
2002000003;CRUDE;1710 (Delek US Holdings, Inc.);20022001 (EDR -Refinery (Lion));EDR -Refinery (Lion);"YB40 (G&A; D&A IN COS)";20022001;Refining
2002000004;ASPHALT TERMINALS;1710 (Delek US Holdings, Inc.);20022001 (EDR -Refinery (Lion));EDR -Refinery (Lion);"YB40 (G&A; D&A IN COS)";20022001;Refining
2002000005;LO PLANT DIST & TRAF;1710 (Delek US Holdings, Inc.);20022001 (EDR -Refinery (Lion));EDR -Refinery (Lion);"YB40 (G&A; D&A IN COS)";20022001;Refining
2002000006;HENDERSON RAIL;1710 (Delek US Holdings, Inc.);20022001 (EDR -Refinery (Lion));EDR -Refinery (Lion);"YB40 (G&A; D&A IN COS)";20022001;Refining
2002000007;LO MUSKOGEE ASP TERM;1710 (Delek US Holdings, Inc.);20022001 (EDR -Refinery (Lion));EDR -Refinery (Lion);YB20 (OPEX IN COS);20022001;Refining
2002000008;LO HENDERSON ASP TER;1710 (Delek US Holdings, Inc.);20022001 (EDR -Refinery (Lion));EDR -Refinery (Lion);YB20 (OPEX IN COS);20022001;Refining
2002000009;DKEP-MEMPHIS;1710 (Delek US Holdings, Inc.);20022001 (EDR -Refinery (Lion));EDR -Refinery (Lion);YB20 (OPEX IN COS);20022001;Refining
2002000010;LO MUSKOGEE TERM-FR;1710 (Delek US Holdings, Inc.);20022001 (EDR -Refinery (Lion));EDR -Refinery (Lion);YB20 (OPEX IN COS);20022001;Refining
2002000011;LO CRUDE OIL GATH;1710 (Delek US Holdings, Inc.);20022001 (EDR -Refinery (Lion));EDR -Refinery (Lion);"YB40 (G&A; D&A IN COS)";20022001;Refining
2002000012;LO PALINE PIPELINE;1710 (Delek US Holdings, Inc.);20022001 (EDR -Refinery (Lion));EDR -Refinery (Lion);"YB40 (G&A; D&A IN COS)";20022001;Refining
2002000013;LO PROP TERM-MEMPHIS;1710 (Delek US Holdings, Inc.);20022001 (EDR -Refinery (Lion));EDR -Refinery (Lion);YB20 (OPEX IN COS);20022001;Refining
2002000014;RAIL;1710 (Delek US Holdings, Inc.);20022001 (EDR -Refinery (Lion));EDR -Refinery (Lion);"YB40 (G&A; D&A IN COS)";20022001;Refining
2002000015;LO ELECTRICITY PURCH;1710 (Delek US Holdings, Inc.);20022001 (EDR -Refinery (Lion));EDR -Refinery (Lion);YB20 (OPEX IN COS);20022001;Refining
2002000016;LO FUELS BURNED;1710 (Delek US Holdings, Inc.);20022001 (EDR -Refinery (Lion));EDR -Refinery (Lion);YB20 (OPEX IN COS);20022001;Refining
2002000017;LO CRUDE UNIT #4;1710 (Delek US Holdings, Inc.);20022001 (EDR -Refinery (Lion));EDR -Refinery (Lion);YB20 (OPEX IN COS);20022001;Refining
2002000018;LO ALKY & GAS UNIT;1710 (Delek US Holdings, Inc.);20022001 (EDR -Refinery (Lion));EDR -Refinery (Lion);YB20 (OPEX IN COS);20022001;Refining
2002000019;LO ISOMERIZATION UNT;1710 (Delek US Holdings, Inc.);20022001 (EDR -Refinery (Lion));EDR -Refinery (Lion);YB20 (OPEX IN COS);20022001;Refining
2002000020;LO FL CAT CRACK UNIT;1710 (Delek US Holdings, Inc.);20022001 (EDR -Refinery (Lion));EDR -Refinery (Lion);YB20 (OPEX IN COS);20022001;Refining
2002000021;LO NO 8 DIESEL HYDRO;1710 (Delek US Holdings, Inc.);20022001 (EDR -Refinery (Lion));EDR -Refinery (Lion);YB20 (OPEX IN COS);20022001;Refining
2002000022;LO UNIF & PLAT UNIT;1710 (Delek US Holdings, Inc.);20022001 (EDR -Refinery (Lion));EDR -Refinery (Lion);YB20 (OPEX IN COS);20022001;Refining
2002000023;LO DIST UNIF UNIT;1710 (Delek US Holdings, Inc.);20022001 (EDR -Refinery (Lion));EDR -Refinery (Lion);YB20 (OPEX IN COS);20022001;Refining
2002000024;LO DEASPHALTING UNIT;1710 (Delek US Holdings, Inc.);20022001 (EDR -Refinery (Lion));EDR -Refinery (Lion);YB20 (OPEX IN COS);20022001;Refining
2002000025;LO GAS OIL HYD UNIT;1710 (Delek US Holdings, Inc.);20022001 (EDR -Refinery (Lion));EDR -Refinery (Lion);YB20 (OPEX IN COS);20022001;Refining
2002000026;LO GAS CONCENTR UNIT;1710 (Delek US Holdings, Inc.);20022001 (EDR -Refinery (Lion));EDR -Refinery (Lion);YB20 (OPEX IN COS);20022001;Refining
2002000027;LO #15 SOD HYDR UNIT;1710 (Delek US Holdings, Inc.);20022001 (EDR -Refinery (Lion));EDR -Refinery (Lion);YB20 (OPEX IN COS);20022001;Refining
2002000028;LO ASPHALT OXID UNIT;1710 (Delek US Holdings, Inc.);20022001 (EDR -Refinery (Lion));EDR -Refinery (Lion);YB20 (OPEX IN COS);20022001;Refining
2002000029;LO SULFUR REC/AM UNT;1710 (Delek US Holdings, Inc.);20022001 (EDR -Refinery (Lion));EDR -Refinery (Lion);YB20 (OPEX IN COS);20022001;Refining
2002000030;LO #18 SOD HYDR UNIT;1710 (Delek US Holdings, Inc.);20022001 (EDR -Refinery (Lion));EDR -Refinery (Lion);YB20 (OPEX IN COS);20022001;Refining
2002000031;LO POLYM MOD ASP FAC;1710 (Delek US Holdings, Inc.);20022001 (EDR -Refinery (Lion));EDR -Refinery (Lion);YB20 (OPEX IN COS);20022001;Refining
2002000032;LO HYDROGEN PLANT;1710 (Delek US Holdings, Inc.);20022001 (EDR -Refinery (Lion));EDR -Refinery (Lion);YB20 (OPEX IN COS);20022001;Refining
2002000033;"LO OPER ""A"" PROC GEN";1710 (Delek US Holdings, Inc.);20022001 (EDR -Refinery (Lion));EDR -Refinery (Lion);YB20 (OPEX IN COS);20022001;Refining
2002000034;LO LUBE OIL;1710 (Delek US Holdings, Inc.);20022001 (EDR -Refinery (Lion));EDR -Refinery (Lion);YB20 (OPEX IN COS);20022001;Refining
2002000035;LO LIGHT OIL TREATNG;1710 (Delek US Holdings, Inc.);20022001 (EDR -Refinery (Lion));EDR -Refinery (Lion);YB20 (OPEX IN COS);20022001;Refining
2002000036;LO #4 & #11 STILL OP;1710 (Delek US Holdings, Inc.);20022001 (EDR -Refinery (Lion));EDR -Refinery (Lion);YB20 (OPEX IN COS);20022001;Refining
2002000037;LO #7,9,10 STILL OP;1710 (Delek US Holdings, Inc.);20022001 (EDR -Refinery (Lion));EDR -Refinery (Lion);YB20 (OPEX IN COS);20022001;Refining
2002000038;LO #5,14,42 STILL OP;1710 (Delek US Holdings, Inc.);20022001 (EDR -Refinery (Lion));EDR -Refinery (Lion);YB20 (OPEX IN COS);20022001;Refining
2002000039;LO STILL OP #1 UNIT;1710 (Delek US Holdings, Inc.);20022001 (EDR -Refinery (Lion));EDR -Refinery (Lion);YB20 (OPEX IN COS);20022001;Refining
2002000040;LO BOILER FIREMAN;1710 (Delek US Holdings, Inc.);20022001 (EDR -Refinery (Lion));EDR -Refinery (Lion);YB20 (OPEX IN COS);20022001;Refining
2002000041;LO PUMPERS;1710 (Delek US Holdings, Inc.);20022001 (EDR -Refinery (Lion));EDR -Refinery (Lion);YB20 (OPEX IN COS);20022001;Refining
2002000042;LO WATER SYS CONTR;1710 (Delek US Holdings, Inc.);20022001 (EDR -Refinery (Lion));EDR -Refinery (Lion);YB20 (OPEX IN COS);20022001;Refining
2002000043;LO STEAM PLANT;1710 (Delek US Holdings, Inc.);20022001 (EDR -Refinery (Lion));EDR -Refinery (Lion);YB20 (OPEX IN COS);20022001;Refining
2002000044;LO WELL WATER;1710 (Delek US Holdings, Inc.);20022001 (EDR -Refinery (Lion));EDR -Refinery (Lion);YB20 (OPEX IN COS);20022001;Refining
2002000045;LO PURCHASED WATER;1710 (Delek US Holdings, Inc.);20022001 (EDR -Refinery (Lion));EDR -Refinery (Lion);YB20 (OPEX IN COS);20022001;Refining
2002000046;LO COOLING WATER;1710 (Delek US Holdings, Inc.);20022001 (EDR -Refinery (Lion));EDR -Refinery (Lion);YB20 (OPEX IN COS);20022001;Refining
2002000047;LO COMPRESSED AIR;1710 (Delek US Holdings, Inc.);20022001 (EDR -Refinery (Lion));EDR -Refinery (Lion);YB20 (OPEX IN COS);20022001;Refining
2002000048;LO NITROGEN;1710 (Delek US Holdings, Inc.);20022001 (EDR -Refinery (Lion));EDR -Refinery (Lion);YB20 (OPEX IN COS);20022001;Refining
2002000049;LO STR TANKS & PLINE;1710 (Delek US Holdings, Inc.);20022001 (EDR -Refinery (Lion));EDR -Refinery (Lion);YB20 (OPEX IN COS);20022001;Refining
2002000050;LO LOADING RACKS;1710 (Delek US Holdings, Inc.);20022001 (EDR -Refinery (Lion));EDR -Refinery (Lion);YB20 (OPEX IN COS);20022001;Refining
2002000051;LO PROT COATING PACK;1710 (Delek US Holdings, Inc.);20022001 (EDR -Refinery (Lion));EDR -Refinery (Lion);YB20 (OPEX IN COS);20022001;Refining
2002000052;LO REF FLARE/PMP SYS;1710 (Delek US Holdings, Inc.);20022001 (EDR -Refinery (Lion));EDR -Refinery (Lion);YB20 (OPEX IN COS);20022001;Refining
2002000053;DKL TANKAGE;1710 (Delek US Holdings, Inc.);20022001 (EDR -Refinery (Lion));EDR -Refinery (Lion);YB20 (OPEX IN COS);20022001;Refining
2002000054;DKL-LIGHT OIL RACK;1710 (Delek US Holdings, Inc.);20022001 (EDR -Refinery (Lion));EDR -Refinery (Lion);YB20 (OPEX IN COS);20022001;Refining
2002000055;PROJ DEVELOPMENT-EDR;1710 (Delek US Holdings, Inc.);20022001 (EDR -Refinery (Lion));EDR -Refinery (Lion);YB20 (OPEX IN COS);20022001;Refining
2002000056;LO ENVIRONMENTAL ENG;1710 (Delek US Holdings, Inc.);20022001 (EDR -Refinery (Lion));EDR -Refinery (Lion);YB20 (OPEX IN COS);20022001;Refining
2002000057;LO PROC SAFETY MGMT;1710 (Delek US Holdings, Inc.);20022001 (EDR -Refinery (Lion));EDR -Refinery (Lion);YB20 (OPEX IN COS);20022001;Refining
2002000058;LO WASTE WATER FAC;1710 (Delek US Holdings, Inc.);20022001 (EDR -Refinery (Lion));EDR -Refinery (Lion);YB20 (OPEX IN COS);20022001;Refining
2002000059;LO SOUR WAT STRP FAC;1710 (Delek US Holdings, Inc.);20022001 (EDR -Refinery (Lion));EDR -Refinery (Lion);YB20 (OPEX IN COS);20022001;Refining
2002000060;LO WASTE SLUDGE DISP;1710 (Delek US Holdings, Inc.);20022001 (EDR -Refinery (Lion));EDR -Refinery (Lion);YB20 (OPEX IN COS);20022001;Refining
2002000061;LO SLUDGE MGMT FAC;1710 (Delek US Holdings, Inc.);20022001 (EDR -Refinery (Lion));EDR -Refinery (Lion);YB20 (OPEX IN COS);20022001;Refining
2002000062;LO TRAINING;1710 (Delek US Holdings, Inc.);20022001 (EDR -Refinery (Lion));EDR -Refinery (Lion);"YB40 (G&A; D&A IN COS)";20022001;Refining
2002000063;LO SAFETY/PROP PROT;1710 (Delek US Holdings, Inc.);20022001 (EDR -Refinery (Lion));EDR -Refinery (Lion);YB20 (OPEX IN COS);20022001;Refining
2002000064;LO FIRST AID;1710 (Delek US Holdings, Inc.);20022001 (EDR -Refinery (Lion));EDR -Refinery (Lion);YB20 (OPEX IN COS);20022001;Refining
2002000065;LO OCC TECH SERVICES;1710 (Delek US Holdings, Inc.);20022001 (EDR -Refinery (Lion));EDR -Refinery (Lion);YB20 (OPEX IN COS);20022001;Refining
2002000066;TURNAROUND - EDR;1710 (Delek US Holdings, Inc.);20022001 (EDR -Refinery (Lion));EDR -Refinery (Lion);YB20 (OPEX IN COS);20022001;Refining
2002000067;UNALLOCATD COST-OPEX;1710 (Delek US Holdings, Inc.);20022001 (EDR -Refinery (Lion));EDR -Refinery (Lion);YB20 (OPEX IN COS);20022001;Refining
2002000068;LO PROCESS ENGINEER;1710 (Delek US Holdings, Inc.);20022001 (EDR -Refinery (Lion));EDR -Refinery (Lion);YB20 (OPEX IN COS);20022001;Refining
2002000069;LO PLANT ENG/DESIGN;1710 (Delek US Holdings, Inc.);20022001 (EDR -Refinery (Lion));EDR -Refinery (Lion);YB20 (OPEX IN COS);20022001;Refining
2002000070;LO LAB CTRL & ANAL;1710 (Delek US Holdings, Inc.);20022001 (EDR -Refinery (Lion));EDR -Refinery (Lion);YB20 (OPEX IN COS);20022001;Refining
2002000071;LO ASPHALT RES LAB;1710 (Delek US Holdings, Inc.);20022001 (EDR -Refinery (Lion));EDR -Refinery (Lion);YB20 (OPEX IN COS);20022001;Refining
2002000072;EL DORADO, AR;1710 (Delek US Holdings, Inc.);20022001 (EDR -Refinery (Lion));EDR -Refinery (Lion);YB20 (OPEX IN COS);20022001;Refining
2002000073;LO NON TERMINAL;1710 (Delek US Holdings, Inc.);20022001 (EDR -Refinery (Lion));EDR -Refinery (Lion);YB20 (OPEX IN COS);20022001;Refining
2002000074;LO PLANT ADMIN;1710 (Delek US Holdings, Inc.);20022001 (EDR -Refinery (Lion));EDR -Refinery (Lion);"YB40 (G&A; D&A IN COS)";20022001;Refining
2002000075;LO ECONOMICS & PLAN;1710 (Delek US Holdings, Inc.);20022001 (EDR -Refinery (Lion));EDR -Refinery (Lion);YB20 (OPEX IN COS);20022001;Refining
2002000076;LO GENERAL SERVICES;1710 (Delek US Holdings, Inc.);20022001 (EDR -Refinery (Lion));EDR -Refinery (Lion);"YB40 (G&A; D&A IN COS)";20022001;Refining
2002000077;UNALLOCATD COST-OVHD;1710 (Delek US Holdings, Inc.);20022001 (EDR -Refinery (Lion));EDR -Refinery (Lion);"YB40 (G&A; D&A IN COS)";20022001;Refining
2002000078;LO ADMINISTRATIVE;1710 (Delek US Holdings, Inc.);20022001 (EDR -Refinery (Lion));EDR -Refinery (Lion);"YB40 (G&A; D&A IN COS)";20022001;Refining
2002000079;LO EL DORADO;1710 (Delek US Holdings, Inc.);20022001 (EDR -Refinery (Lion));EDR -Refinery (Lion);YB20 (OPEX IN COS);20022001;Refining
2002000080;LO PLANT YARD/SEWERS;1710 (Delek US Holdings, Inc.);20022001 (EDR -Refinery (Lion));EDR -Refinery (Lion);YB20 (OPEX IN COS);20022001;Refining
2002000081;LO MAINT GEN EXPEN;1710 (Delek US Holdings, Inc.);20022001 (EDR -Refinery (Lion));EDR -Refinery (Lion);YB20 (OPEX IN COS);20022001;Refining
2002000082;MAINT-FIXED EQP;1710 (Delek US Holdings, Inc.);20022001 (EDR -Refinery (Lion));EDR -Refinery (Lion);YB20 (OPEX IN COS);20022001;Refining
2002000083;LO ELEC/INSTR MAINT;1710 (Delek US Holdings, Inc.);20022001 (EDR -Refinery (Lion));EDR -Refinery (Lion);YB20 (OPEX IN COS);20022001;Refining
2002000084;LO ROTATING EQUIP;1710 (Delek US Holdings, Inc.);20022001 (EDR -Refinery (Lion));EDR -Refinery (Lion);YB20 (OPEX IN COS);20022001;Refining
2002000085;MAINT - MECHANICAL;1710 (Delek US Holdings, Inc.);20022001 (EDR -Refinery (Lion));EDR -Refinery (Lion);YB20 (OPEX IN COS);20022001;Refining
2002000086;MAINT -RELIABILITY;1710 (Delek US Holdings, Inc.);20022001 (EDR -Refinery (Lion));EDR -Refinery (Lion);YB20 (OPEX IN COS);20022001;Refining
2002000087;LO MAINT-BLD/INFRAST;1710 (Delek US Holdings, Inc.);20022001 (EDR -Refinery (Lion));EDR -Refinery (Lion);YB20 (OPEX IN COS);20022001;Refining
2002000088;LO M & R ENGINEERING;1710 (Delek US Holdings, Inc.);20022001 (EDR -Refinery (Lion));EDR -Refinery (Lion);YB20 (OPEX IN COS);20022001;Refining
2002000089;ACCOUNTING;1710 (Delek US Holdings, Inc.);20022001 (EDR -Refinery (Lion));EDR -Refinery (Lion);"YB40 (G&A; D&A IN COS)";20022001;Refining
2002000090;LEGAL;1710 (Delek US Holdings, Inc.);20022001 (EDR -Refinery (Lion));EDR -Refinery (Lion);"YB40 (G&A; D&A IN COS)";20022001;Refining
2002000091;REFINING SPLIT;1710 (Delek US Holdings, Inc.);20022001 (EDR -Refinery (Lion));EDR -Refinery (Lion);YB20 (OPEX IN COS);20022001;Refining
2002000092;SUPPLY CHAIN;1710 (Delek US Holdings, Inc.);20022001 (EDR -Refinery (Lion));EDR -Refinery (Lion);"YB40 (G&A; D&A IN COS)";20022001;Refining
2002000093;TREASURY;1710 (Delek US Holdings, Inc.);20022001 (EDR -Refinery (Lion));EDR -Refinery (Lion);"YB40 (G&A; D&A IN COS)";20022001;Refining
2002000094;IT;1710 (Delek US Holdings, Inc.);20022001 (EDR -Refinery (Lion));EDR -Refinery (Lion);"YB40 (G&A; D&A IN COS)";20022001;Refining
2002000095;HR;1710 (Delek US Holdings, Inc.);20022001 (EDR -Refinery (Lion));EDR -Refinery (Lion);"YB40 (G&A; D&A IN COS)";20022001;Refining
2002000096;LO ASPHALT SALES;1710 (Delek US Holdings, Inc.);20022001 (EDR -Refinery (Lion));EDR -Refinery (Lion);"YB40 (G&A; D&A IN COS)";20022001;Refining
2002000097;LO PROD SUP & DISTR;1710 (Delek US Holdings, Inc.);20022001 (EDR -Refinery (Lion));EDR -Refinery (Lion);"YB40 (G&A; D&A IN COS)";20022001;Refining
2002000098;N LITTLE ROCK TERM;1710 (Delek US Holdings, Inc.);20022001 (EDR -Refinery (Lion));EDR -Refinery (Lion);YB20 (OPEX IN COS);20022001;Refining
2002000099;LION OIL TRUCKING;1710 (Delek US Holdings, Inc.);20022001 (EDR -Refinery (Lion));EDR -Refinery (Lion);"YB40 (G&A; D&A IN COS)";20022001;Refining
2002000100;LO LOTT CHARGES;1710 (Delek US Holdings, Inc.);20022001 (EDR -Refinery (Lion));EDR -Refinery (Lion);YB20 (OPEX IN COS);20022001;Refining
2002000101;LO OPERATIONS;1710 (Delek US Holdings, Inc.);20022001 (EDR -Refinery (Lion));EDR -Refinery (Lion);YB20 (OPEX IN COS);20022001;Refining
2002000102;LO PROC B/ASPHALT OP;1710 (Delek US Holdings, Inc.);20022001 (EDR -Refinery (Lion));EDR -Refinery (Lion);YB20 (OPEX IN COS);20022001;Refining
2002000103;LO MAINT-INSPECTION;1710 (Delek US Holdings, Inc.);20022001 (EDR -Refinery (Lion));EDR -Refinery (Lion);YB20 (OPEX IN COS);20022001;Refining
2002000104;DKL-RAIL OFFLOAD FAC;1710 (Delek US Holdings, Inc.);20022001 (EDR -Refinery (Lion));EDR -Refinery (Lion);YB20 (OPEX IN COS);20022001;Refining
2002000105;MEXICAN FUELS;1710 (Delek US Holdings, Inc.);20022001 (EDR -Refinery (Lion));EDR -Refinery (Lion);YB20 (OPEX IN COS);20022001;Refining
2002000106;MEX OPS-LAKE CHARLES;1710 (Delek US Holdings, Inc.);20022001 (EDR -Refinery (Lion));EDR -Refinery (Lion);YB20 (OPEX IN COS);20022001;Refining
2002000107;LO COR MEASURES-REM;1710 (Delek US Holdings, Inc.);20022001 (EDR -Refinery (Lion));EDR -Refinery (Lion);YB20 (OPEX IN COS);20022001;Refining
2002000108;CAMU2GWM;1710 (Delek US Holdings, Inc.);20022001 (EDR -Refinery (Lion));EDR -Refinery (Lion);YB20 (OPEX IN COS);20022001;Refining
2002000109;SWMU-EQ BASIN REMED;1710 (Delek US Holdings, Inc.);20022001 (EDR -Refinery (Lion));EDR -Refinery (Lion);YB20 (OPEX IN COS);20022001;Refining
2002000110;SWMU-ST WAT POND REM;1710 (Delek US Holdings, Inc.);20022001 (EDR -Refinery (Lion));EDR -Refinery (Lion);YB20 (OPEX IN COS);20022001;Refining
2002000111;SWMU-SPCC PD SP REM;1710 (Delek US Holdings, Inc.);20022001 (EDR -Refinery (Lion));EDR -Refinery (Lion);YB20 (OPEX IN COS);20022001;Refining
2002000112;REM PROJ MGMT COSTS;1710 (Delek US Holdings, Inc.);20022001 (EDR -Refinery (Lion));EDR -Refinery (Lion);YB20 (OPEX IN COS);20022001;Refining
2002000113;REFINERY-WIDE GWM;1710 (Delek US Holdings, Inc.);20022001 (EDR -Refinery (Lion));EDR -Refinery (Lion);YB20 (OPEX IN COS);20022001;Refining
2002000114;SSI POST-CLOSURE GWM;1710 (Delek US Holdings, Inc.);20022001 (EDR -Refinery (Lion));EDR -Refinery (Lion);YB20 (OPEX IN COS);20022001;Refining
2002000115;LO PLANT SP PART WHE;1710 (Delek US Holdings, Inc.);20022001 (EDR -Refinery (Lion));EDR -Refinery (Lion);"YB40 (G&A; D&A IN COS)";20022001;Refining
2002000116;RISK MANAGEMENT;1710 (Delek US Holdings, Inc.);20022001 (EDR -Refinery (Lion));EDR -Refinery (Lion);"YB40 (G&A; D&A IN COS)";20022001;Refining
2002000117;CC J. CHRISTY CONSTR;1710 (Delek US Holdings, Inc.);20022003 (J Christy Const Co);J Christy Const Co;"YB40 (G&A; D&A IN COS)";20022003;Refining
2002000118;TT DIV OR/CR OIL ACT;1710 (Delek US Holdings, Inc.);20022004 (LOTT);LOTT;"YB40 (G&A; D&A IN COS)";20022004;Refining
2002000119;TT DOM CRUDE SUPPLY;1710 (Delek US Holdings, Inc.);20022004 (LOTT);LOTT;YB20 (OPEX IN COS);20022004;Refining
2002000120;TT ADMINISTRATIVE;1710 (Delek US Holdings, Inc.);20022004 (LOTT);LOTT;"YB40 (G&A; D&A IN COS)";20022004;Refining
2002000121;RAIL TRANSPORT-LOTT;1710 (Delek US Holdings, Inc.);20022004 (LOTT);LOTT;"YB40 (G&A; D&A IN COS)";20022004;Refining
2002000122;TT ADMIN OPEX;1710 (Delek US Holdings, Inc.);20022004 (LOTT);LOTT;YB20 (OPEX IN COS);20022004;Refining
2002000123;LO SECURITY;1710 (Delek US Holdings, Inc.);20022001 (EDR -Refinery (Lion));EDR -Refinery (Lion);YB20 (OPEX IN COS);20022001;Refining
2002000124;EDR - IT OPEX;1710 (Delek US Holdings, Inc.);20022001 (EDR -Refinery (Lion));EDR -Refinery (Lion);YB20 (OPEX IN COS);20022001;Refining
2003000001;PRODUCT;1710 (Delek US Holdings, Inc.);20032001 (KSR - Crude Refinery);KSR - Crude Refinery;"YB40 (G&A; D&A IN COS)";20032001;Refining
2003000002;RAIL;1710 (Delek US Holdings, Inc.);20032001 (KSR - Crude Refinery);KSR - Crude Refinery;"YB40 (G&A; D&A IN COS)";20032001;Refining
2003000003;MARKETING - BRANDED;1710 (Delek US Holdings, Inc.);20032001 (KSR - Crude Refinery);KSR - Crude Refinery;"YB40 (G&A; D&A IN COS)";20032001;Refining
2003000009;SCCU-SL CENT CL UNIT;1710 (Delek US Holdings, Inc.);20032001 (KSR - Crude Refinery);KSR - Crude Refinery;YB20 (OPEX IN COS);20032001;Refining
2003000010;KSR - IT OPEX;1710 (Delek US Holdings, Inc.);20032001 (KSR - Crude Refinery);KSR - Crude Refinery;YB20 (OPEX IN COS);20032001;Refining
2003000011;PROJECT DEVELOP-KSR;1710 (Delek US Holdings, Inc.);20032001 (KSR - Crude Refinery);KSR - Crude Refinery;YB20 (OPEX IN COS);20032001;Refining
2003000015;ISOM UNIT;1710 (Delek US Holdings, Inc.);20032001 (KSR - Crude Refinery);KSR - Crude Refinery;YB20 (OPEX IN COS);20032001;Refining
2003000020;REFORMER UNIT;1710 (Delek US Holdings, Inc.);20032001 (KSR - Crude Refinery);KSR - Crude Refinery;YB20 (OPEX IN COS);20032001;Refining
2003000021;MTBE UNIT;1710 (Delek US Holdings, Inc.);20032001 (KSR - Crude Refinery);KSR - Crude Refinery;YB20 (OPEX IN COS);20032001;Refining
2003000023;CRUDE UNIT;1710 (Delek US Holdings, Inc.);20032001 (KSR - Crude Refinery);KSR - Crude Refinery;YB20 (OPEX IN COS);20032001;Refining
2003000029;ALON REFINING KS;1710 (Delek US Holdings, Inc.);20032001 (KSR - Crude Refinery);KSR - Crude Refinery;"YB40 (G&A; D&A IN COS)";20032001;Refining
2003000030;LRU;1710 (Delek US Holdings, Inc.);20032001 (KSR - Crude Refinery);KSR - Crude Refinery;YB20 (OPEX IN COS);20032001;Refining
2003000032;KROTZ SPRINGS, LA RE;1710 (Delek US Holdings, Inc.);20032001 (KSR - Crude Refinery);KSR - Crude Refinery;YB20 (OPEX IN COS);20032001;Refining
2003000033;KSR, LA REFINERY;1710 (Delek US Holdings, Inc.);20032001 (KSR - Crude Refinery);KSR - Crude Refinery;"YB40 (G&A; D&A IN COS)";20032001;Refining
2003000034;KSR REFINERY OPEX;1710 (Delek US Holdings, Inc.);20032001 (KSR - Crude Refinery);KSR - Crude Refinery;YB20 (OPEX IN COS);20032001;Refining
2003000035;ATS UNIT;1710 (Delek US Holdings, Inc.);20032001 (KSR - Crude Refinery);KSR - Crude Refinery;YB20 (OPEX IN COS);20032001;Refining
2003000036;TRAINING;1710 (Delek US Holdings, Inc.);20032001 (KSR - Crude Refinery);KSR - Crude Refinery;"YB40 (G&A; D&A IN COS)";20032001;Refining
2003000040;POLY UNIT;1710 (Delek US Holdings, Inc.);20032001 (KSR - Crude Refinery);KSR - Crude Refinery;YB20 (OPEX IN COS);20032001;Refining
2003000041;COLONIAL PIPELINE CA;1710 (Delek US Holdings, Inc.);20032001 (KSR - Crude Refinery);KSR - Crude Refinery;YB20 (OPEX IN COS);20032001;Refining
2003000042;FCCU;1710 (Delek US Holdings, Inc.);20032001 (KSR - Crude Refinery);KSR - Crude Refinery;YB20 (OPEX IN COS);20032001;Refining
2003000044;KSR CENTRIFUGE;1710 (Delek US Holdings, Inc.);20032001 (KSR - Crude Refinery);KSR - Crude Refinery;YB20 (OPEX IN COS);20032001;Refining
2003000045;DESULF. UNIT;1710 (Delek US Holdings, Inc.);20032001 (KSR - Crude Refinery);KSR - Crude Refinery;YB20 (OPEX IN COS);20032001;Refining
2003000047;ALKYLATION UNIT;1710 (Delek US Holdings, Inc.);20032001 (KSR - Crude Refinery);KSR - Crude Refinery;YB20 (OPEX IN COS);20032001;Refining
2003000048;REFINING SPLIT;1710 (Delek US Holdings, Inc.);20032001 (KSR - Crude Refinery);KSR - Crude Refinery;YB20 (OPEX IN COS);20032001;Refining
2003000049;PRODUCT LOSS CONTROL;1710 (Delek US Holdings, Inc.);20032001 (KSR - Crude Refinery);KSR - Crude Refinery;YB20 (OPEX IN COS);20032001;Refining
2003000052;TRADING & SUPPLY;1710 (Delek US Holdings, Inc.);20032001 (KSR - Crude Refinery);KSR - Crude Refinery;"YB40 (G&A; D&A IN COS)";20032001;Refining
2003000053;UNALLOCATD COST-OPEX;1710 (Delek US Holdings, Inc.);20032001 (KSR - Crude Refinery);KSR - Crude Refinery;YB20 (OPEX IN COS);20032001;Refining
2003000054;LA PORTE, TX-BOSTCO;1710 (Delek US Holdings, Inc.);20032001 (KSR - Crude Refinery);KSR - Crude Refinery;YB20 (OPEX IN COS);20032001;Refining
2003000055;MARRERO-BUCKEYE;1710 (Delek US Holdings, Inc.);20032001 (KSR - Crude Refinery);KSR - Crude Refinery;YB20 (OPEX IN COS);20032001;Refining
2003000080;UTIL.-CRUDE/REFORMER;1710 (Delek US Holdings, Inc.);20032001 (KSR - Crude Refinery);KSR - Crude Refinery;YB20 (OPEX IN COS);20032001;Refining
2003000082;UTILITIES - FCCU;1710 (Delek US Holdings, Inc.);20032001 (KSR - Crude Refinery);KSR - Crude Refinery;YB20 (OPEX IN COS);20032001;Refining
2003000090;PUMPING & MARINE;1710 (Delek US Holdings, Inc.);20032001 (KSR - Crude Refinery);KSR - Crude Refinery;YB20 (OPEX IN COS);20032001;Refining
2003000091;LPG PIPELINE;1710 (Delek US Holdings, Inc.);20032001 (KSR - Crude Refinery);KSR - Crude Refinery;YB20 (OPEX IN COS);20032001;Refining
2003000092;RAIL CAR LOADING;1710 (Delek US Holdings, Inc.);20032001 (KSR - Crude Refinery);KSR - Crude Refinery;YB20 (OPEX IN COS);20032001;Refining
2003000093;KROTZ SPRINGS, LA PR;1710 (Delek US Holdings, Inc.);20032001 (KSR - Crude Refinery);KSR - Crude Refinery;YB20 (OPEX IN COS);20032001;Refining
2003000097;GENERAL PLANT OPS;1710 (Delek US Holdings, Inc.);20032001 (KSR - Crude Refinery);KSR - Crude Refinery;YB20 (OPEX IN COS);20032001;Refining
2003000099;WASTE WATER TREATMEN;1710 (Delek US Holdings, Inc.);20032001 (KSR - Crude Refinery);KSR - Crude Refinery;YB20 (OPEX IN COS);20032001;Refining
2003000152;OCTENE UNIT;1710 (Delek US Holdings, Inc.);20032001 (KSR - Crude Refinery);KSR - Crude Refinery;YB20 (OPEX IN COS);20032001;Refining
2003000200;ARKS ENERGY COSTS;1710 (Delek US Holdings, Inc.);20032001 (KSR - Crude Refinery);KSR - Crude Refinery;YB20 (OPEX IN COS);20032001;Refining
2003000221;ACCOUNTING;1710 (Delek US Holdings, Inc.);20032001 (KSR - Crude Refinery);KSR - Crude Refinery;"YB40 (G&A; D&A IN COS)";20032001;Refining
2003000222;LEGAL;1710 (Delek US Holdings, Inc.);20032001 (KSR - Crude Refinery);KSR - Crude Refinery;"YB40 (G&A; D&A IN COS)";20032001;Refining
2003000250;TURNAROUND;1710 (Delek US Holdings, Inc.);20032001 (KSR - Crude Refinery);KSR - Crude Refinery;YB20 (OPEX IN COS);20032001;Refining
2003000396;MAINTENANCE;1710 (Delek US Holdings, Inc.);20032001 (KSR - Crude Refinery);KSR - Crude Refinery;YB20 (OPEX IN COS);20032001;Refining
2003000444;IT;1710 (Delek US Holdings, Inc.);20032001 (KSR - Crude Refinery);KSR - Crude Refinery;"YB40 (G&A; D&A IN COS)";20032001;Refining
2003000479;TRUCK RACK;1710 (Delek US Holdings, Inc.);20032001 (KSR - Crude Refinery);KSR - Crude Refinery;YB20 (OPEX IN COS);20032001;Refining
2003000482;SECURITY;1710 (Delek US Holdings, Inc.);20032001 (KSR - Crude Refinery);KSR - Crude Refinery;YB20 (OPEX IN COS);20032001;Refining
2003000483;REFINERY SAFETY;1710 (Delek US Holdings, Inc.);20032001 (KSR - Crude Refinery);KSR - Crude Refinery;YB20 (OPEX IN COS);20032001;Refining
2003000484;ENVIRONMENTAL;1710 (Delek US Holdings, Inc.);20032001 (KSR - Crude Refinery);KSR - Crude Refinery;YB20 (OPEX IN COS);20032001;Refining
2003000485;PSM;1710 (Delek US Holdings, Inc.);20032001 (KSR - Crude Refinery);KSR - Crude Refinery;YB20 (OPEX IN COS);20032001;Refining
2003000486;ENGINEERING & TECH S;1710 (Delek US Holdings, Inc.);20032001 (KSR - Crude Refinery);KSR - Crude Refinery;YB20 (OPEX IN COS);20032001;Refining
2003000487;CONTROL SYSTEMS;1710 (Delek US Holdings, Inc.);20032001 (KSR - Crude Refinery);KSR - Crude Refinery;YB20 (OPEX IN COS);20032001;Refining
2003000488;TECHNICAL SERVICES;1710 (Delek US Holdings, Inc.);20032001 (KSR - Crude Refinery);KSR - Crude Refinery;YB20 (OPEX IN COS);20032001;Refining
2003000489;RELIABILITY;1710 (Delek US Holdings, Inc.);20032001 (KSR - Crude Refinery);KSR - Crude Refinery;YB20 (OPEX IN COS);20032001;Refining
2003000492;LABORATORY;1710 (Delek US Holdings, Inc.);20032001 (KSR - Crude Refinery);KSR - Crude Refinery;YB20 (OPEX IN COS);20032001;Refining
2003000494;BLENDING CONTROL;1710 (Delek US Holdings, Inc.);20032001 (KSR - Crude Refinery);KSR - Crude Refinery;YB20 (OPEX IN COS);20032001;Refining
2003000585;HR;1710 (Delek US Holdings, Inc.);20032001 (KSR - Crude Refinery);KSR - Crude Refinery;"YB40 (G&A; D&A IN COS)";20032001;Refining
2003000590;SUPPLY CHAIN;1710 (Delek US Holdings, Inc.);20032001 (KSR - Crude Refinery);KSR - Crude Refinery;"YB40 (G&A; D&A IN COS)";20032001;Refining
2003000598;GENERAL & ADMIN;1710 (Delek US Holdings, Inc.);20032001 (KSR - Crude Refinery);KSR - Crude Refinery;"YB40 (G&A; D&A IN COS)";20032001;Refining
2004000001;PRODUCT;1710 (Delek US Holdings, Inc.);20042001 (TYR - Refinery);TYR - Refinery;"YB40 (G&A; D&A IN COS)";20042001;Refining
2004000002;CRUDE;1710 (Delek US Holdings, Inc.);20042001 (TYR - Refinery);TYR - Refinery;"YB40 (G&A; D&A IN COS)";20042001;Refining
2004000003;RAIL;1710 (Delek US Holdings, Inc.);20042001 (TYR - Refinery);TYR - Refinery;"YB40 (G&A; D&A IN COS)";20042001;Refining
2004000004;TURNAROUND;1710 (Delek US Holdings, Inc.);20042001 (TYR - Refinery);TYR - Refinery;YB20 (OPEX IN COS);20042001;Refining
2004000005;GENERAL REFINING;1710 (Delek US Holdings, Inc.);20042001 (TYR - Refinery);TYR - Refinery;YB20 (OPEX IN COS);20042001;Refining
2004000006;REFINERY ADMIN;1710 (Delek US Holdings, Inc.);20042001 (TYR - Refinery);TYR - Refinery;"YB40 (G&A; D&A IN COS)";20042001;Refining
2004000007;TANK FARM;1710 (Delek US Holdings, Inc.);20042001 (TYR - Refinery);TYR - Refinery;YB20 (OPEX IN COS);20042001;Refining
2004000008;TURNAROUND - TYLER;1710 (Delek US Holdings, Inc.);20042001 (TYR - Refinery);TYR - Refinery;YB20 (OPEX IN COS);20042001;Refining
2004000009;UNION OPERATIONS;1710 (Delek US Holdings, Inc.);20042001 (TYR - Refinery);TYR - Refinery;YB20 (OPEX IN COS);20042001;Refining
2004000010;#1 HDS HYDRO;1710 (Delek US Holdings, Inc.);20042001 (TYR - Refinery);TYR - Refinery;YB20 (OPEX IN COS);20042001;Refining
2004000011;ALKY UNIT;1710 (Delek US Holdings, Inc.);20042001 (TYR - Refinery);TYR - Refinery;YB20 (OPEX IN COS);20042001;Refining
2004000012;AREA 3 OPER - LABOR;1710 (Delek US Holdings, Inc.);20042001 (TYR - Refinery);TYR - Refinery;YB20 (OPEX IN COS);20042001;Refining
2004000013;CRYO GAS UNIT;1710 (Delek US Holdings, Inc.);20042001 (TYR - Refinery);TYR - Refinery;YB20 (OPEX IN COS);20042001;Refining
2004000014;GHT;1710 (Delek US Holdings, Inc.);20042001 (TYR - Refinery);TYR - Refinery;YB20 (OPEX IN COS);20042001;Refining
2004000015;#2 COKER;1710 (Delek US Holdings, Inc.);20042001 (TYR - Refinery);TYR - Refinery;YB20 (OPEX IN COS);20042001;Refining
2004000016;ALKY FEED TREAT;1710 (Delek US Holdings, Inc.);20042001 (TYR - Refinery);TYR - Refinery;YB20 (OPEX IN COS);20042001;Refining
2004000017;AREA 4 OPER - LABOR;1710 (Delek US Holdings, Inc.);20042001 (TYR - Refinery);TYR - Refinery;YB20 (OPEX IN COS);20042001;Refining
2004000018;DEA/SULFER RECOV;1710 (Delek US Holdings, Inc.);20042001 (TYR - Refinery);TYR - Refinery;YB20 (OPEX IN COS);20042001;Refining
2004000019;KERO MEROX UNIT;1710 (Delek US Holdings, Inc.);20042001 (TYR - Refinery);TYR - Refinery;YB20 (OPEX IN COS);20042001;Refining
2004000020;SOUR WATER STRIP;1710 (Delek US Holdings, Inc.);20042001 (TYR - Refinery);TYR - Refinery;YB20 (OPEX IN COS);20042001;Refining
2004000021;SRU #2;1710 (Delek US Holdings, Inc.);20042001 (TYR - Refinery);TYR - Refinery;YB20 (OPEX IN COS);20042001;Refining
2004000022;WASTE WATER;1710 (Delek US Holdings, Inc.);20042001 (TYR - Refinery);TYR - Refinery;YB20 (OPEX IN COS);20042001;Refining
2004000023;CRUDE UNIT;1710 (Delek US Holdings, Inc.);20042001 (TYR - Refinery);TYR - Refinery;YB20 (OPEX IN COS);20042001;Refining
2004000024;#2 HDS HYDRO NAPTHA;1710 (Delek US Holdings, Inc.);20042001 (TYR - Refinery);TYR - Refinery;YB20 (OPEX IN COS);20042001;Refining
2004000025;#2 PLATFORMER;1710 (Delek US Holdings, Inc.);20042001 (TYR - Refinery);TYR - Refinery;YB20 (OPEX IN COS);20042001;Refining
2004000026;AREA 1 OPER - LABOR;1710 (Delek US Holdings, Inc.);20042001 (TYR - Refinery);TYR - Refinery;YB20 (OPEX IN COS);20042001;Refining
2004000027;SAT GAS PLANT;1710 (Delek US Holdings, Inc.);20042001 (TYR - Refinery);TYR - Refinery;YB20 (OPEX IN COS);20042001;Refining
2004000028;VACUUM UNIT;1710 (Delek US Holdings, Inc.);20042001 (TYR - Refinery);TYR - Refinery;YB20 (OPEX IN COS);20042001;Refining
2004000029;AREA 2 OPER - LABOR;1710 (Delek US Holdings, Inc.);20042001 (TYR - Refinery);TYR - Refinery;YB20 (OPEX IN COS);20042001;Refining
2004000030;BOILERS;1710 (Delek US Holdings, Inc.);20042001 (TYR - Refinery);TYR - Refinery;YB20 (OPEX IN COS);20042001;Refining
2004000031;FCC UNIT;1710 (Delek US Holdings, Inc.);20042001 (TYR - Refinery);TYR - Refinery;YB20 (OPEX IN COS);20042001;Refining
2004000032;ENVIRONMENTAL OPS PR;1710 (Delek US Holdings, Inc.);20042001 (TYR - Refinery);TYR - Refinery;YB20 (OPEX IN COS);20042001;Refining
2004000033;UNALLOCATD COST-OPEX;1710 (Delek US Holdings, Inc.);20042001 (TYR - Refinery);TYR - Refinery;YB20 (OPEX IN COS);20042001;Refining
2004000034;FLARES;1710 (Delek US Holdings, Inc.);20042001 (TYR - Refinery);TYR - Refinery;YB20 (OPEX IN COS);20042001;Refining
2004000035;TANK FARM-TYLER;1710 (Delek US Holdings, Inc.);20042001 (TYR - Refinery);TYR - Refinery;YB20 (OPEX IN COS);20042001;Refining
2004000036;ENVIRONMENTAL;1710 (Delek US Holdings, Inc.);20042001 (TYR - Refinery);TYR - Refinery;YB20 (OPEX IN COS);20042001;Refining
2004000037;OSHA;1710 (Delek US Holdings, Inc.);20042001 (TYR - Refinery);TYR - Refinery;YB20 (OPEX IN COS);20042001;Refining
2004000038;SRC&A;1710 (Delek US Holdings, Inc.);20042001 (TYR - Refinery);TYR - Refinery;YB20 (OPEX IN COS);20042001;Refining
2004000039;TRAINING;1710 (Delek US Holdings, Inc.);20042001 (TYR - Refinery);TYR - Refinery;YB20 (OPEX IN COS);20042001;Refining
2004000040;LABORATORY;1710 (Delek US Holdings, Inc.);20042001 (TYR - Refinery);TYR - Refinery;YB20 (OPEX IN COS);20042001;Refining
2004000041;RELIABILITY;1710 (Delek US Holdings, Inc.);20042001 (TYR - Refinery);TYR - Refinery;YB20 (OPEX IN COS);20042001;Refining
2004000042;EMERGENCY RESPONSE;1710 (Delek US Holdings, Inc.);20042001 (TYR - Refinery);TYR - Refinery;YB20 (OPEX IN COS);20042001;Refining
2004000043;MECHANICAL INTEGRITY;1710 (Delek US Holdings, Inc.);20042001 (TYR - Refinery);TYR - Refinery;YB20 (OPEX IN COS);20042001;Refining
2004000044;SAFETY OPS;1710 (Delek US Holdings, Inc.);20042001 (TYR - Refinery);TYR - Refinery;YB20 (OPEX IN COS);20042001;Refining
2004000045;SUPPORT SERVICES;1710 (Delek US Holdings, Inc.);20042001 (TYR - Refinery);TYR - Refinery;YB20 (OPEX IN COS);20042001;Refining
2004000046;MAINTENANCE;1710 (Delek US Holdings, Inc.);20042001 (TYR - Refinery);TYR - Refinery;YB20 (OPEX IN COS);20042001;Refining
2004000047;ELECTRICAL;1710 (Delek US Holdings, Inc.);20042001 (TYR - Refinery);TYR - Refinery;YB20 (OPEX IN COS);20042001;Refining
2004000048;ENGINEERING;1710 (Delek US Holdings, Inc.);20042001 (TYR - Refinery);TYR - Refinery;YB20 (OPEX IN COS);20042001;Refining
2004000049;MAINT GROUP (WO);1710 (Delek US Holdings, Inc.);20042001 (TYR - Refinery);TYR - Refinery;YB20 (OPEX IN COS);20042001;Refining
2004000050;PIPE FITTERS;1710 (Delek US Holdings, Inc.);20042001 (TYR - Refinery);TYR - Refinery;YB20 (OPEX IN COS);20042001;Refining
2004000051;PUMP MECHANICAL;1710 (Delek US Holdings, Inc.);20042001 (TYR - Refinery);TYR - Refinery;YB20 (OPEX IN COS);20042001;Refining
2004000052;YARD DEPARTMENT;1710 (Delek US Holdings, Inc.);20042001 (TYR - Refinery);TYR - Refinery;YB20 (OPEX IN COS);20042001;Refining
2004000053;BIG SANDY-REF SEG;1710 (Delek US Holdings, Inc.);20042001 (TYR - Refinery);TYR - Refinery;YB20 (OPEX IN COS);20042001;Refining
2004000054;CADDO MILLS-REF SEG;1710 (Delek US Holdings, Inc.);20042001 (TYR - Refinery);TYR - Refinery;YB20 (OPEX IN COS);20042001;Refining
2004000055;TYLER REFINERY;1710 (Delek US Holdings, Inc.);20042001 (TYR - Refinery);TYR - Refinery;YB20 (OPEX IN COS);20042001;Refining
2004000056;TYER EASTMAN KODAK;1710 (Delek US Holdings, Inc.);20042001 (TYR - Refinery);TYR - Refinery;YB20 (OPEX IN COS);20042001;Refining
2004000057;CUSHING OK;1710 (Delek US Holdings, Inc.);20042001 (TYR - Refinery);TYR - Refinery;YB20 (OPEX IN COS);20042001;Refining
2004000058;MT PLEASANT TERMINAL;1710 (Delek US Holdings, Inc.);20042001 (TYR - Refinery);TYR - Refinery;YB20 (OPEX IN COS);20042001;Refining
2004000059;GREENVILLE TERMINAL;1710 (Delek US Holdings, Inc.);20042001 (TYR - Refinery);TYR - Refinery;YB20 (OPEX IN COS);20042001;Refining
2004000060;TULSA TERMINAL;1710 (Delek US Holdings, Inc.);20042001 (TYR - Refinery);TYR - Refinery;"YB40 (G&A; D&A IN COS)";20042001;Refining
2004000061;MEXICO;1710 (Delek US Holdings, Inc.);20042001 (TYR - Refinery);TYR - Refinery;YB20 (OPEX IN COS);20042001;Refining
2004000062;EXPLORER PIPELINE;1710 (Delek US Holdings, Inc.);20042001 (TYR - Refinery);TYR - Refinery;YB20 (OPEX IN COS);20042001;Refining
2004000063;BIG SANDY TERMINAL;1710 (Delek US Holdings, Inc.);20042001 (TYR - Refinery);TYR - Refinery;YB20 (OPEX IN COS);20042001;Refining
2004000064;OPERATORS;1710 (Delek US Holdings, Inc.);20042001 (TYR - Refinery);TYR - Refinery;YB20 (OPEX IN COS);20042001;Refining
2004000065;OPS GROUP (WO);1710 (Delek US Holdings, Inc.);20042001 (TYR - Refinery);TYR - Refinery;YB20 (OPEX IN COS);20042001;Refining
2004000066;PROCESS ENG;1710 (Delek US Holdings, Inc.);20042001 (TYR - Refinery);TYR - Refinery;YB20 (OPEX IN COS);20042001;Refining
2004000067;ACCOUNTING;1710 (Delek US Holdings, Inc.);20042001 (TYR - Refinery);TYR - Refinery;"YB40 (G&A; D&A IN COS)";20042001;Refining
2004000068;INTERNAL AUDIT;1710 (Delek US Holdings, Inc.);20042001 (TYR - Refinery);TYR - Refinery;"YB40 (G&A; D&A IN COS)";20042001;Refining
2004000069;LEGAL;1710 (Delek US Holdings, Inc.);20042001 (TYR - Refinery);TYR - Refinery;"YB40 (G&A; D&A IN COS)";20042001;Refining
2004000070;REFINING SPLIT;1710 (Delek US Holdings, Inc.);20042001 (TYR - Refinery);TYR - Refinery;YB20 (OPEX IN COS);20042001;Refining
2004000071;RISK MANAGEMENT;1710 (Delek US Holdings, Inc.);20042001 (TYR - Refinery);TYR - Refinery;"YB40 (G&A; D&A IN COS)";20042001;Refining
2004000072;PURCHASING - TYR;1710 (Delek US Holdings, Inc.);20042001 (TYR - Refinery);TYR - Refinery;"YB40 (G&A; D&A IN COS)";20042001;Refining
2004000073;WAREHOUSE - TYR;1710 (Delek US Holdings, Inc.);20042001 (TYR - Refinery);TYR - Refinery;"YB40 (G&A; D&A IN COS)";20042001;Refining
2004000074;TREASURY;1710 (Delek US Holdings, Inc.);20042001 (TYR - Refinery);TYR - Refinery;"YB40 (G&A; D&A IN COS)";20042001;Refining
2004000075;IT;1710 (Delek US Holdings, Inc.);20042001 (TYR - Refinery);TYR - Refinery;"YB40 (G&A; D&A IN COS)";20042001;Refining
2004000076;HR;1710 (Delek US Holdings, Inc.);20042001 (TYR - Refinery);TYR - Refinery;"YB40 (G&A; D&A IN COS)";20042001;Refining
2004000077;TYLER TRUCKING;1710 (Delek US Holdings, Inc.);20042001 (TYR - Refinery);TYR - Refinery;"YB40 (G&A; D&A IN COS)";20042001;Refining
2004000078;TRADING & SUPPLY;1710 (Delek US Holdings, Inc.);20042001 (TYR - Refinery);TYR - Refinery;"YB40 (G&A; D&A IN COS)";20042001;Refining
2004000079;ENVIRONMENTAL OPS;1710 (Delek US Holdings, Inc.);20042001 (TYR - Refinery);TYR - Refinery;YB20 (OPEX IN COS);20042001;Refining
2004000080;TYR - IT OPEX;1710 (Delek US Holdings, Inc.);20042001 (TYR - Refinery);TYR - Refinery;YB20 (OPEX IN COS);20042001;Refining
2005000001;CROSSETT - OPEX;1710 (Delek US Holdings, Inc.);20053001 (Crossett);Crossett;YB20 (OPEX IN COS);20053001;Refining
2005000002;CROSSETT - OVHD;1710 (Delek US Holdings, Inc.);20053001 (Crossett);Crossett;YB20 (OPEX IN COS);20053001;Refining
2006000001;NEW ALBANY;1710 (Delek US Holdings, Inc.);20063001 (New Albany);New Albany;YB20 (OPEX IN COS);20063001;Refining
2006000002;NEW ALBANY, MS-OVHD;1710 (Delek US Holdings, Inc.);20063001 (New Albany);New Albany;YB20 (OPEX IN COS);20063001;Refining
2007000001;CLEBURNE - OPEX;1710 (Delek US Holdings, Inc.);20073001 (CLEBURNE);CLEBURNE;YB20 (OPEX IN COS);20073001;Refining
2007000002;CLEBURNE - OVHD;1710 (Delek US Holdings, Inc.);20073001 (CLEBURNE);CLEBURNE;YB20 (OPEX IN COS);20073001;Refining
2008000001;RENEWABLES-3RD PARTY;1710 (Delek US Holdings, Inc.);20083001 (DK RENEWABLES ADMIN);DK RENEWABLES ADMIN;YB20 (OPEX IN COS);20083001;Refining
2008000002;RINS - RENEWABLES;1710 (Delek US Holdings, Inc.);20083001 (DK RENEWABLES ADMIN);DK RENEWABLES ADMIN;"YB40 (G&A; D&A IN COS)";20083001;Refining
2008000003;JV INTEGRATION;1710 (Delek US Holdings, Inc.);20083001 (DK RENEWABLES ADMIN);DK RENEWABLES ADMIN;"YB40 (G&A; D&A IN COS)";20083001;Refining
2008000004;DELEK RENEWABLES ADM;1710 (Delek US Holdings, Inc.);20083001 (DK RENEWABLES ADMIN);DK RENEWABLES ADMIN;"YB40 (G&A; D&A IN COS)";20083001;Refining
2009000001;Renewables-NLRE JV;1710 (Delek US Holdings, Inc.);20093001 (NLRE JV);NLRE JV;YB30 (OPEX BELOW COS);20093001;Refining
2030000001;Delek Dissolved -Ref;1710 (Delek US Holdings, Inc.);20300001 (Delek Dislved -Refin);Delek Dislved -Refin;YB20 (OPEX IN COS);20300001;Refining
2030000002;DK Dslvd-Refine-OVHD;1710 (Delek US Holdings, Inc.);20300001 (Delek Dislved -Refin);Delek Dislved -Refin;"YB40 (G&A; D&A IN COS)";20300001;Refining
3000000001;Alon Brands;1710 (Delek US Holdings, Inc.);30000001 (Alon Brands, Inc.);Alon Brands, Inc.;"YB50 (G&A; D&A BELOW COS)";30000001;Corporate
3000000002;Alon USA Holdings;1710 (Delek US Holdings, Inc.);30000002 (Alon USA Holdings);Alon USA Holdings;"YB50 (G&A; D&A BELOW COS)";30000002;Corporate
3000000003;Alon Financial Serv;1710 (Delek US Holdings, Inc.);30000006 (Alon Financial Serv.);Alon Financial Serv.;"YB50 (G&A; D&A BELOW COS)";30000006;Corporate
3000000004;CORP - Accounting;1710 (Delek US Holdings, Inc.);30000003 (SCS, LLC);SCS, LLC;"YB50 (G&A; D&A BELOW COS)";30000003;Corporate
3000000005;CORP - HR - Retail;1710 (Delek US Holdings, Inc.);30000003 (SCS, LLC);SCS, LLC;"YB50 (G&A; D&A BELOW COS)";30000003;Corporate
3000000006;CORP - IT - Retail;1710 (Delek US Holdings, Inc.);30000003 (SCS, LLC);SCS, LLC;"YB50 (G&A; D&A BELOW COS)";30000003;Corporate
3000000007;7 Eleven #648;1710 (Delek US Holdings, Inc.);30000003 (SCS, LLC);SCS, LLC;YB30 (OPEX BELOW COS);30000003;Corporate
3000000008;El Paso SCS Region;1710 (Delek US Holdings, Inc.);30000003 (SCS, LLC);SCS, LLC;YB30 (OPEX BELOW COS);30000003;Corporate
3000000009;ABQ Region;1710 (Delek US Holdings, Inc.);30000003 (SCS, LLC);SCS, LLC;YB30 (OPEX BELOW COS);30000003;Corporate
3000000010;MOBS Region;1710 (Delek US Holdings, Inc.);30000003 (SCS, LLC);SCS, LLC;YB30 (OPEX BELOW COS);30000003;Corporate
3000000011;MOBS-Maintenance;1710 (Delek US Holdings, Inc.);30000003 (SCS, LLC);SCS, LLC;"YB50 (G&A; D&A BELOW COS)";30000003;Corporate
3000000012;Albuquerque-Maintain;1710 (Delek US Holdings, Inc.);30000003 (SCS, LLC);SCS, LLC;"YB50 (G&A; D&A BELOW COS)";30000003;Corporate
3000000013;Corporate-G&A;1710 (Delek US Holdings, Inc.);30000003 (SCS, LLC);SCS, LLC;"YB50 (G&A; D&A BELOW COS)";30000003;Corporate
3000000014;CORP - SCS Transport;1710 (Delek US Holdings, Inc.);30000003 (SCS, LLC);SCS, LLC;"YB50 (G&A; D&A BELOW COS)";30000003;Corporate
3000000015;CORP - Retail Operat;1710 (Delek US Holdings, Inc.);30000003 (SCS, LLC);SCS, LLC;"YB50 (G&A; D&A BELOW COS)";30000003;Corporate
3000000016;Albuquerque-G&A;1710 (Delek US Holdings, Inc.);30000003 (SCS, LLC);SCS, LLC;"YB50 (G&A; D&A BELOW COS)";30000003;Corporate
3000000017;El Paso-G&A;1710 (Delek US Holdings, Inc.);30000003 (SCS, LLC);SCS, LLC;"YB50 (G&A; D&A BELOW COS)";30000003;Corporate
3000000018;Lubbock-G&A;1710 (Delek US Holdings, Inc.);30000003 (SCS, LLC);SCS, LLC;"YB50 (G&A; D&A BELOW COS)";30000003;Corporate
3000000019;CORP - Odessa-G&A;1710 (Delek US Holdings, Inc.);30000003 (SCS, LLC);SCS, LLC;"YB50 (G&A; D&A BELOW COS)";30000003;Corporate
3000000020;Wichita Falls-G&A;1710 (Delek US Holdings, Inc.);30000003 (SCS, LLC);SCS, LLC;"YB50 (G&A; D&A BELOW COS)";30000003;Corporate
3000000021;Loyalty Program;1710 (Delek US Holdings, Inc.);30000003 (SCS, LLC);SCS, LLC;"YB50 (G&A; D&A BELOW COS)";30000003;Corporate
3000000022;Retail Fuel;1710 (Delek US Holdings, Inc.);30000003 (SCS, LLC);SCS, LLC;"YB50 (G&A; D&A BELOW COS)";30000003;Corporate
3000000023;Construction;1710 (Delek US Holdings, Inc.);30000003 (SCS, LLC);SCS, LLC;"YB50 (G&A; D&A BELOW COS)";30000003;Corporate
3000000024;Retail Advertising;1710 (Delek US Holdings, Inc.);30000003 (SCS, LLC);SCS, LLC;"YB50 (G&A; D&A BELOW COS)";30000003;Corporate
3000000025;Finance&Bus Intell;1710 (Delek US Holdings, Inc.);30000003 (SCS, LLC);SCS, LLC;"YB50 (G&A; D&A BELOW COS)";30000003;Corporate
3000000026;Training&Development;1710 (Delek US Holdings, Inc.);30000003 (SCS, LLC);SCS, LLC;"YB50 (G&A; D&A BELOW COS)";30000003;Corporate
3000000027;Lubbock Region;1710 (Delek US Holdings, Inc.);30000003 (SCS, LLC);SCS, LLC;YB30 (OPEX BELOW COS);30000003;Corporate
3000000028;Wichita Region;1710 (Delek US Holdings, Inc.);30000003 (SCS, LLC);SCS, LLC;YB30 (OPEX BELOW COS);30000003;Corporate
3000000029;CORP-Retail Treasury;1710 (Delek US Holdings, Inc.);30000003 (SCS, LLC);SCS, LLC;"YB50 (G&A; D&A BELOW COS)";30000003;Corporate
3000000030;Category Mgmt;1710 (Delek US Holdings, Inc.);30000003 (SCS, LLC);SCS, LLC;"YB50 (G&A; D&A BELOW COS)";30000003;Corporate
3000000031;Real Estate;1710 (Delek US Holdings, Inc.);30000003 (SCS, LLC);SCS, LLC;"YB50 (G&A; D&A BELOW COS)";30000003;Corporate
3000000032;Audit & Loss Prevent;1710 (Delek US Holdings, Inc.);30000003 (SCS, LLC);SCS, LLC;"YB50 (G&A; D&A BELOW COS)";30000003;Corporate
3000000033;7 Eleven #324;1710 (Delek US Holdings, Inc.);30000004 (GTS Licensing Co.);GTS Licensing Co.;YB30 (OPEX BELOW COS);30000004;Corporate
3000000034;El Paso GTS Region;1710 (Delek US Holdings, Inc.);30000004 (GTS Licensing Co.);GTS Licensing Co.;YB30 (OPEX BELOW COS);30000004;Corporate
3000000035;Skinny's Admin;1710 (Delek US Holdings, Inc.);30000005 (Skinny's, LLC);Skinny's, LLC;"YB50 (G&A; D&A BELOW COS)";30000005;Corporate
3000000036;Skinny's Non-Operati;1710 (Delek US Holdings, Inc.);30000005 (Skinny's, LLC);Skinny's, LLC;"YB50 (G&A; D&A BELOW COS)";30000005;Corporate
3000000037;ABQ - Op - Reg Allc;1710 (Delek US Holdings, Inc.);30000003 (SCS, LLC);SCS, LLC;YB30 (OPEX BELOW COS);30000003;Corporate
3000000038;SCS ElPaso OpRegAllc;1710 (Delek US Holdings, Inc.);30000003 (SCS, LLC);SCS, LLC;YB30 (OPEX BELOW COS);30000003;Corporate
3000000039;MOBS - Op - Reg Allc;1710 (Delek US Holdings, Inc.);30000003 (SCS, LLC);SCS, LLC;YB30 (OPEX BELOW COS);30000003;Corporate
3000000040;WICHITA Op Reg Allc;1710 (Delek US Holdings, Inc.);30000003 (SCS, LLC);SCS, LLC;YB30 (OPEX BELOW COS);30000003;Corporate
3000000041;LUBBOCK Op Reg Allc;1710 (Delek US Holdings, Inc.);30000003 (SCS, LLC);SCS, LLC;YB30 (OPEX BELOW COS);30000003;Corporate
3000000042;CORP - Process Imprv;1710 (Delek US Holdings, Inc.);30000003 (SCS, LLC);SCS, LLC;"YB50 (G&A; D&A BELOW COS)";30000003;Corporate
3000000043;CORP - Branded Whlsl;1710 (Delek US Holdings, Inc.);30000003 (SCS, LLC);SCS, LLC;"YB50 (G&A; D&A BELOW COS)";30000003;Corporate
3000000044;SCS;1710 (Delek US Holdings, Inc.);30000003 (SCS, LLC);SCS, LLC;"YB50 (G&A; D&A BELOW COS)";30000003;Corporate
3000000045;El Paso-Maintenance;1710 (Delek US Holdings, Inc.);30000003 (SCS, LLC);SCS, LLC;"YB50 (G&A; D&A BELOW COS)";30000003;Corporate
3000000046;Lubbock-Maintenance;1710 (Delek US Holdings, Inc.);30000003 (SCS, LLC);SCS, LLC;"YB50 (G&A; D&A BELOW COS)";30000003;Corporate
3000000047;Big Spring-Maint;1710 (Delek US Holdings, Inc.);30000003 (SCS, LLC);SCS, LLC;"YB50 (G&A; D&A BELOW COS)";30000003;Corporate
3000000048;Midland-Maintenance;1710 (Delek US Holdings, Inc.);30000003 (SCS, LLC);SCS, LLC;"YB50 (G&A; D&A BELOW COS)";30000003;Corporate
3000000049;Abilene Region;1710 (Delek US Holdings, Inc.);30000005 (Skinny's, LLC);Skinny's, LLC;YB30 (OPEX BELOW COS);30000005;Corporate
3000000050;Waco Region;1710 (Delek US Holdings, Inc.);30000005 (Skinny's, LLC);Skinny's, LLC;YB30 (OPEX BELOW COS);30000005;Corporate
3000000051;GTS ELPASO-Op-RgAllc;1710 (Delek US Holdings, Inc.);30000004 (GTS Licensing Co.);GTS Licensing Co.;YB30 (OPEX BELOW COS);30000004;Corporate
3000000052;ABILENE Op Reg Allc;1710 (Delek US Holdings, Inc.);30000005 (Skinny's, LLC);Skinny's, LLC;YB30 (OPEX BELOW COS);30000005;Corporate
3000000053;CORP -BIG SPRING-G&A;1710 (Delek US Holdings, Inc.);30000003 (SCS, LLC);SCS, LLC;"YB50 (G&A; D&A BELOW COS)";30000003;Corporate
3000000054;ADMIN-G&A;1710 (Delek US Holdings, Inc.);30000003 (SCS, LLC);SCS, LLC;"YB50 (G&A; D&A BELOW COS)";30000003;Corporate
3000000055;DEALER WHOLESALE;1710 (Delek US Holdings, Inc.);30000003 (SCS, LLC);SCS, LLC;"YB50 (G&A; D&A BELOW COS)";30000003;Corporate
3000000056;CORP - SCS EL PASO A;1710 (Delek US Holdings, Inc.);30000004 (GTS Licensing Co.);GTS Licensing Co.;"YB50 (G&A; D&A BELOW COS)";30000004;Corporate
3000000057;CORP - SKINNYS LLC;1710 (Delek US Holdings, Inc.);30000005 (Skinny's, LLC);Skinny's, LLC;"YB50 (G&A; D&A BELOW COS)";30000005;Corporate
3000000058;CORP - MIDLAND-G&A;1710 (Delek US Holdings, Inc.);30000003 (SCS, LLC);SCS, LLC;"YB50 (G&A; D&A BELOW COS)";30000003;Corporate
3000000059;CORP - UNALLC OPEX;1710 (Delek US Holdings, Inc.);30000003 (SCS, LLC);SCS, LLC;YB30 (OPEX BELOW COS);30000003;Corporate
3000000060;CORP-GTS UNALCTD OPX;1710 (Delek US Holdings, Inc.);30000004 (GTS Licensing Co.);GTS Licensing Co.;YB30 (OPEX BELOW COS);30000004;Corporate
3000000061;CORP-SCS UNALCTD OPX;1710 (Delek US Holdings, Inc.);30000005 (Skinny's, LLC);Skinny's, LLC;YB30 (OPEX BELOW COS);30000005;Corporate
3000000440;SUBWAY SKINNYS #0440;1710 (Delek US Holdings, Inc.);30000005 (Skinny's, LLC);Skinny's, LLC;YB30 (OPEX BELOW COS);30000005;Corporate
3000000458;SUBWAY SKINNYS #0458;1710 (Delek US Holdings, Inc.);30000005 (Skinny's, LLC);Skinny's, LLC;YB30 (OPEX BELOW COS);30000005;Corporate
3000000480;SUBWAY SKINNYS #0480;1710 (Delek US Holdings, Inc.);30000005 (Skinny's, LLC);Skinny's, LLC;YB30 (OPEX BELOW COS);30000005;Corporate
3000011822;DK #11822;1710 (Delek US Holdings, Inc.);30000003 (SCS, LLC);SCS, LLC;YB30 (OPEX BELOW COS);30000003;Corporate
3000011823;DK #11823;1710 (Delek US Holdings, Inc.);30000003 (SCS, LLC);SCS, LLC;YB30 (OPEX BELOW COS);30000003;Corporate
3000011901;DK #11901;1710 (Delek US Holdings, Inc.);30000003 (SCS, LLC);SCS, LLC;YB30 (OPEX BELOW COS);30000003;Corporate
3000013902;DK # 13902;1710 (Delek US Holdings, Inc.);30000003 (SCS, LLC);SCS, LLC;YB30 (OPEX BELOW COS);30000003;Corporate
3000013903;DK # 13903;1710 (Delek US Holdings, Inc.);30000003 (SCS, LLC);SCS, LLC;YB30 (OPEX BELOW COS);30000003;Corporate
3000013904;DK # 13904;1710 (Delek US Holdings, Inc.);30000003 (SCS, LLC);SCS, LLC;YB30 (OPEX BELOW COS);30000003;Corporate
3000051101;7 Eleven #101;1710 (Delek US Holdings, Inc.);30000003 (SCS, LLC);SCS, LLC;YB30 (OPEX BELOW COS);30000003;Corporate
3000051102;7 Eleven #102;1710 (Delek US Holdings, Inc.);30000003 (SCS, LLC);SCS, LLC;YB30 (OPEX BELOW COS);30000003;Corporate
3000051104;7 Eleven #104;1710 (Delek US Holdings, Inc.);30000003 (SCS, LLC);SCS, LLC;YB30 (OPEX BELOW COS);30000003;Corporate
3000051105;7 Eleven #105;1710 (Delek US Holdings, Inc.);30000003 (SCS, LLC);SCS, LLC;YB30 (OPEX BELOW COS);30000003;Corporate
3000051106;7 Eleven #106;1710 (Delek US Holdings, Inc.);30000003 (SCS, LLC);SCS, LLC;YB30 (OPEX BELOW COS);30000003;Corporate
3000051107;7 Eleven #107;1710 (Delek US Holdings, Inc.);30000003 (SCS, LLC);SCS, LLC;YB30 (OPEX BELOW COS);30000003;Corporate
3000051108;7 Eleven #108;1710 (Delek US Holdings, Inc.);30000003 (SCS, LLC);SCS, LLC;YB30 (OPEX BELOW COS);30000003;Corporate
3000051112;7 Eleven #112;1710 (Delek US Holdings, Inc.);30000003 (SCS, LLC);SCS, LLC;YB30 (OPEX BELOW COS);30000003;Corporate
3000051113;7 Eleven #113;1710 (Delek US Holdings, Inc.);30000003 (SCS, LLC);SCS, LLC;YB30 (OPEX BELOW COS);30000003;Corporate
3000051114;7 Eleven #114;1710 (Delek US Holdings, Inc.);30000003 (SCS, LLC);SCS, LLC;YB30 (OPEX BELOW COS);30000003;Corporate
3000051118;7 Eleven #118;1710 (Delek US Holdings, Inc.);30000003 (SCS, LLC);SCS, LLC;YB30 (OPEX BELOW COS);30000003;Corporate
3000051121;7 Eleven #121;1710 (Delek US Holdings, Inc.);30000003 (SCS, LLC);SCS, LLC;YB30 (OPEX BELOW COS);30000003;Corporate
3000051123;7 Eleven #123;1710 (Delek US Holdings, Inc.);30000003 (SCS, LLC);SCS, LLC;YB30 (OPEX BELOW COS);30000003;Corporate
3000051124;7 Eleven #124;1710 (Delek US Holdings, Inc.);30000003 (SCS, LLC);SCS, LLC;YB30 (OPEX BELOW COS);30000003;Corporate
3000051127;7 Eleven #127;1710 (Delek US Holdings, Inc.);30000003 (SCS, LLC);SCS, LLC;YB30 (OPEX BELOW COS);30000003;Corporate
3000051128;7 Eleven #128;1710 (Delek US Holdings, Inc.);30000003 (SCS, LLC);SCS, LLC;YB30 (OPEX BELOW COS);30000003;Corporate
3000051130;7 Eleven #130;1710 (Delek US Holdings, Inc.);30000003 (SCS, LLC);SCS, LLC;YB30 (OPEX BELOW COS);30000003;Corporate
3000051131;7 Eleven #131;1710 (Delek US Holdings, Inc.);30000003 (SCS, LLC);SCS, LLC;YB30 (OPEX BELOW COS);30000003;Corporate
3000051132;7 Eleven #132;1710 (Delek US Holdings, Inc.);30000003 (SCS, LLC);SCS, LLC;YB30 (OPEX BELOW COS);30000003;Corporate
3000051133;7 Eleven #133;1710 (Delek US Holdings, Inc.);30000003 (SCS, LLC);SCS, LLC;YB30 (OPEX BELOW COS);30000003;Corporate
3000051134;7 Eleven #134;1710 (Delek US Holdings, Inc.);30000003 (SCS, LLC);SCS, LLC;YB30 (OPEX BELOW COS);30000003;Corporate
3000051135;7 Eleven #135;1710 (Delek US Holdings, Inc.);30000003 (SCS, LLC);SCS, LLC;YB30 (OPEX BELOW COS);30000003;Corporate
3000051136;7 Eleven #136;1710 (Delek US Holdings, Inc.);30000003 (SCS, LLC);SCS, LLC;YB30 (OPEX BELOW COS);30000003;Corporate
3000051137;7 Eleven #137;1710 (Delek US Holdings, Inc.);30000003 (SCS, LLC);SCS, LLC;YB30 (OPEX BELOW COS);30000003;Corporate
3000051138;7 Eleven #138;1710 (Delek US Holdings, Inc.);30000003 (SCS, LLC);SCS, LLC;YB30 (OPEX BELOW COS);30000003;Corporate
3000051163;7 Eleven #163;1710 (Delek US Holdings, Inc.);30000003 (SCS, LLC);SCS, LLC;YB30 (OPEX BELOW COS);30000003;Corporate
3000051202;7 Eleven #202;1710 (Delek US Holdings, Inc.);30000003 (SCS, LLC);SCS, LLC;YB30 (OPEX BELOW COS);30000003;Corporate
3000051203;7 Eleven #203;1710 (Delek US Holdings, Inc.);30000003 (SCS, LLC);SCS, LLC;YB30 (OPEX BELOW COS);30000003;Corporate
3000051204;7 Eleven #204;1710 (Delek US Holdings, Inc.);30000003 (SCS, LLC);SCS, LLC;YB30 (OPEX BELOW COS);30000003;Corporate
3000051205;7 Eleven #205;1710 (Delek US Holdings, Inc.);30000003 (SCS, LLC);SCS, LLC;YB30 (OPEX BELOW COS);30000003;Corporate
3000051206;7 Eleven #206;1710 (Delek US Holdings, Inc.);30000003 (SCS, LLC);SCS, LLC;YB30 (OPEX BELOW COS);30000003;Corporate
3000051211;7 Eleven #211;1710 (Delek US Holdings, Inc.);30000003 (SCS, LLC);SCS, LLC;YB30 (OPEX BELOW COS);30000003;Corporate
3000051212;7 Eleven #212;1710 (Delek US Holdings, Inc.);30000003 (SCS, LLC);SCS, LLC;YB30 (OPEX BELOW COS);30000003;Corporate
3000051214;7 Eleven #214;1710 (Delek US Holdings, Inc.);30000003 (SCS, LLC);SCS, LLC;YB30 (OPEX BELOW COS);30000003;Corporate
3000051215;7 Eleven #215;1710 (Delek US Holdings, Inc.);30000003 (SCS, LLC);SCS, LLC;YB30 (OPEX BELOW COS);30000003;Corporate
3000051217;7 Eleven #217;1710 (Delek US Holdings, Inc.);30000003 (SCS, LLC);SCS, LLC;YB30 (OPEX BELOW COS);30000003;Corporate
3000051218;7 Eleven #218;1710 (Delek US Holdings, Inc.);30000003 (SCS, LLC);SCS, LLC;YB30 (OPEX BELOW COS);30000003;Corporate
3000051219;7 Eleven #219;1710 (Delek US Holdings, Inc.);30000003 (SCS, LLC);SCS, LLC;YB30 (OPEX BELOW COS);30000003;Corporate
3000051401;7 Eleven #401;1710 (Delek US Holdings, Inc.);30000003 (SCS, LLC);SCS, LLC;YB30 (OPEX BELOW COS);30000003;Corporate
3000051402;7 Eleven #402;1710 (Delek US Holdings, Inc.);30000003 (SCS, LLC);SCS, LLC;YB30 (OPEX BELOW COS);30000003;Corporate
3000051404;7 Eleven #404;1710 (Delek US Holdings, Inc.);30000003 (SCS, LLC);SCS, LLC;YB30 (OPEX BELOW COS);30000003;Corporate
3000051405;7 Eleven #405;1710 (Delek US Holdings, Inc.);30000003 (SCS, LLC);SCS, LLC;YB30 (OPEX BELOW COS);30000003;Corporate
3000051409;7 Eleven #409;1710 (Delek US Holdings, Inc.);30000003 (SCS, LLC);SCS, LLC;YB30 (OPEX BELOW COS);30000003;Corporate
3000051411;7 Eleven #411;1710 (Delek US Holdings, Inc.);30000003 (SCS, LLC);SCS, LLC;YB30 (OPEX BELOW COS);30000003;Corporate
3000051412;7 Eleven #412;1710 (Delek US Holdings, Inc.);30000003 (SCS, LLC);SCS, LLC;YB30 (OPEX BELOW COS);30000003;Corporate
3000051413;7 Eleven #413;1710 (Delek US Holdings, Inc.);30000003 (SCS, LLC);SCS, LLC;YB30 (OPEX BELOW COS);30000003;Corporate
3000051414;7 Eleven #414;1710 (Delek US Holdings, Inc.);30000003 (SCS, LLC);SCS, LLC;YB30 (OPEX BELOW COS);30000003;Corporate
3000051416;7 Eleven #416;1710 (Delek US Holdings, Inc.);30000003 (SCS, LLC);SCS, LLC;YB30 (OPEX BELOW COS);30000003;Corporate
3000051417;7 Eleven #417;1710 (Delek US Holdings, Inc.);30000003 (SCS, LLC);SCS, LLC;YB30 (OPEX BELOW COS);30000003;Corporate
3000051418;7 Eleven #418;1710 (Delek US Holdings, Inc.);30000003 (SCS, LLC);SCS, LLC;YB30 (OPEX BELOW COS);30000003;Corporate
3000051421;7 Eleven #421;1710 (Delek US Holdings, Inc.);30000003 (SCS, LLC);SCS, LLC;YB30 (OPEX BELOW COS);30000003;Corporate
3000051424;7 Eleven #424;1710 (Delek US Holdings, Inc.);30000003 (SCS, LLC);SCS, LLC;YB30 (OPEX BELOW COS);30000003;Corporate
3000051500;7 Eleven #500;1710 (Delek US Holdings, Inc.);30000003 (SCS, LLC);SCS, LLC;YB30 (OPEX BELOW COS);30000003;Corporate
3000051501;7 Eleven #501;1710 (Delek US Holdings, Inc.);30000003 (SCS, LLC);SCS, LLC;YB30 (OPEX BELOW COS);30000003;Corporate
3000051502;7 Eleven #502;1710 (Delek US Holdings, Inc.);30000003 (SCS, LLC);SCS, LLC;YB30 (OPEX BELOW COS);30000003;Corporate
3000051503;7 Eleven #503;1710 (Delek US Holdings, Inc.);30000003 (SCS, LLC);SCS, LLC;YB30 (OPEX BELOW COS);30000003;Corporate
3000051506;7 Eleven #506;1710 (Delek US Holdings, Inc.);30000003 (SCS, LLC);SCS, LLC;YB30 (OPEX BELOW COS);30000003;Corporate
3000051507;7 Eleven #507;1710 (Delek US Holdings, Inc.);30000003 (SCS, LLC);SCS, LLC;YB30 (OPEX BELOW COS);30000003;Corporate
3000051600;7 Eleven #600;1710 (Delek US Holdings, Inc.);30000003 (SCS, LLC);SCS, LLC;YB30 (OPEX BELOW COS);30000003;Corporate
3000051601;7 Eleven #601;1710 (Delek US Holdings, Inc.);30000003 (SCS, LLC);SCS, LLC;YB30 (OPEX BELOW COS);30000003;Corporate
3000051603;7 Eleven #603;1710 (Delek US Holdings, Inc.);30000003 (SCS, LLC);SCS, LLC;YB30 (OPEX BELOW COS);30000003;Corporate
3000051604;7 Eleven #604;1710 (Delek US Holdings, Inc.);30000003 (SCS, LLC);SCS, LLC;YB30 (OPEX BELOW COS);30000003;Corporate
3000051605;7 Eleven #605;1710 (Delek US Holdings, Inc.);30000003 (SCS, LLC);SCS, LLC;YB30 (OPEX BELOW COS);30000003;Corporate
3000051606;7 Eleven #606;1710 (Delek US Holdings, Inc.);30000003 (SCS, LLC);SCS, LLC;YB30 (OPEX BELOW COS);30000003;Corporate
3000051607;7 Eleven #607;1710 (Delek US Holdings, Inc.);30000003 (SCS, LLC);SCS, LLC;YB30 (OPEX BELOW COS);30000003;Corporate
3000051608;7 Eleven #608;1710 (Delek US Holdings, Inc.);30000003 (SCS, LLC);SCS, LLC;YB30 (OPEX BELOW COS);30000003;Corporate
3000051609;7 Eleven #609;1710 (Delek US Holdings, Inc.);30000003 (SCS, LLC);SCS, LLC;YB30 (OPEX BELOW COS);30000003;Corporate
3000051610;7 Eleven #610;1710 (Delek US Holdings, Inc.);30000003 (SCS, LLC);SCS, LLC;YB30 (OPEX BELOW COS);30000003;Corporate
3000051611;7 Eleven #611;1710 (Delek US Holdings, Inc.);30000003 (SCS, LLC);SCS, LLC;YB30 (OPEX BELOW COS);30000003;Corporate
3000051612;7 Eleven #612;1710 (Delek US Holdings, Inc.);30000003 (SCS, LLC);SCS, LLC;YB30 (OPEX BELOW COS);30000003;Corporate
3000051613;7 Eleven #613;1710 (Delek US Holdings, Inc.);30000003 (SCS, LLC);SCS, LLC;YB30 (OPEX BELOW COS);30000003;Corporate
3000051615;7 Eleven #615;1710 (Delek US Holdings, Inc.);30000003 (SCS, LLC);SCS, LLC;YB30 (OPEX BELOW COS);30000003;Corporate
3000051616;7 Eleven #616;1710 (Delek US Holdings, Inc.);30000003 (SCS, LLC);SCS, LLC;YB30 (OPEX BELOW COS);30000003;Corporate
3000051617;7 Eleven #617;1710 (Delek US Holdings, Inc.);30000003 (SCS, LLC);SCS, LLC;YB30 (OPEX BELOW COS);30000003;Corporate
3000051618;7 Eleven #618;1710 (Delek US Holdings, Inc.);30000003 (SCS, LLC);SCS, LLC;YB30 (OPEX BELOW COS);30000003;Corporate
3000051619;7 Eleven #619;1710 (Delek US Holdings, Inc.);30000003 (SCS, LLC);SCS, LLC;YB30 (OPEX BELOW COS);30000003;Corporate
3000051620;7 Eleven #620;1710 (Delek US Holdings, Inc.);30000003 (SCS, LLC);SCS, LLC;YB30 (OPEX BELOW COS);30000003;Corporate
3000051621;7 Eleven #621;1710 (Delek US Holdings, Inc.);30000003 (SCS, LLC);SCS, LLC;YB30 (OPEX BELOW COS);30000003;Corporate
3000051626;7 Eleven #626;1710 (Delek US Holdings, Inc.);30000003 (SCS, LLC);SCS, LLC;YB30 (OPEX BELOW COS);30000003;Corporate
3000051627;7 Eleven #627;1710 (Delek US Holdings, Inc.);30000003 (SCS, LLC);SCS, LLC;YB30 (OPEX BELOW COS);30000003;Corporate
3000051628;7 Eleven #628;1710 (Delek US Holdings, Inc.);30000003 (SCS, LLC);SCS, LLC;YB30 (OPEX BELOW COS);30000003;Corporate
3000051629;7 Eleven #629;1710 (Delek US Holdings, Inc.);30000003 (SCS, LLC);SCS, LLC;YB30 (OPEX BELOW COS);30000003;Corporate
3000051630;7 Eleven #630;1710 (Delek US Holdings, Inc.);30000003 (SCS, LLC);SCS, LLC;YB30 (OPEX BELOW COS);30000003;Corporate
3000051632;7 Eleven #632;1710 (Delek US Holdings, Inc.);30000003 (SCS, LLC);SCS, LLC;YB30 (OPEX BELOW COS);30000003;Corporate
3000051633;7 Eleven #633;1710 (Delek US Holdings, Inc.);30000003 (SCS, LLC);SCS, LLC;YB30 (OPEX BELOW COS);30000003;Corporate
3000051634;7 Eleven #634;1710 (Delek US Holdings, Inc.);30000003 (SCS, LLC);SCS, LLC;YB30 (OPEX BELOW COS);30000003;Corporate
3000051635;7 Eleven #635;1710 (Delek US Holdings, Inc.);30000003 (SCS, LLC);SCS, LLC;YB30 (OPEX BELOW COS);30000003;Corporate
3000051636;7 Eleven #636;1710 (Delek US Holdings, Inc.);30000003 (SCS, LLC);SCS, LLC;YB30 (OPEX BELOW COS);30000003;Corporate
3000051637;7 Eleven #637;1710 (Delek US Holdings, Inc.);30000003 (SCS, LLC);SCS, LLC;YB30 (OPEX BELOW COS);30000003;Corporate
3000051639;7 Eleven #639;1710 (Delek US Holdings, Inc.);30000003 (SCS, LLC);SCS, LLC;YB30 (OPEX BELOW COS);30000003;Corporate
3000051641;7 Eleven #641;1710 (Delek US Holdings, Inc.);30000003 (SCS, LLC);SCS, LLC;YB30 (OPEX BELOW COS);30000003;Corporate
3000051643;7 Eleven #643;1710 (Delek US Holdings, Inc.);30000003 (SCS, LLC);SCS, LLC;YB30 (OPEX BELOW COS);30000003;Corporate
3000051645;7 Eleven #645;1710 (Delek US Holdings, Inc.);30000003 (SCS, LLC);SCS, LLC;YB30 (OPEX BELOW COS);30000003;Corporate
3000051646;7 Eleven #646;1710 (Delek US Holdings, Inc.);30000003 (SCS, LLC);SCS, LLC;YB30 (OPEX BELOW COS);30000003;Corporate
3000051647;7 Eleven #647;1710 (Delek US Holdings, Inc.);30000003 (SCS, LLC);SCS, LLC;YB30 (OPEX BELOW COS);30000003;Corporate
3000051648;7 Eleven #648;1710 (Delek US Holdings, Inc.);30000003 (SCS, LLC);SCS, LLC;YB30 (OPEX BELOW COS);30000003;Corporate
3000051649;7 Eleven #649;1710 (Delek US Holdings, Inc.);30000003 (SCS, LLC);SCS, LLC;YB30 (OPEX BELOW COS);30000003;Corporate
3000051650;7 Eleven #650;1710 (Delek US Holdings, Inc.);30000003 (SCS, LLC);SCS, LLC;YB30 (OPEX BELOW COS);30000003;Corporate
3000051651;7 Eleven #651;1710 (Delek US Holdings, Inc.);30000003 (SCS, LLC);SCS, LLC;YB30 (OPEX BELOW COS);30000003;Corporate
3000051652;7 Eleven #652;1710 (Delek US Holdings, Inc.);30000003 (SCS, LLC);SCS, LLC;YB30 (OPEX BELOW COS);30000003;Corporate
3000051653;7 Eleven #653;1710 (Delek US Holdings, Inc.);30000003 (SCS, LLC);SCS, LLC;YB30 (OPEX BELOW COS);30000003;Corporate
3000051655;7 Eleven #655;1710 (Delek US Holdings, Inc.);30000003 (SCS, LLC);SCS, LLC;YB30 (OPEX BELOW COS);30000003;Corporate
3000051700;7 Eleven #700;1710 (Delek US Holdings, Inc.);30000003 (SCS, LLC);SCS, LLC;YB30 (OPEX BELOW COS);30000003;Corporate
3000051704;7 Eleven #704;1710 (Delek US Holdings, Inc.);30000003 (SCS, LLC);SCS, LLC;YB30 (OPEX BELOW COS);30000003;Corporate
3000051706;7 Eleven #706;1710 (Delek US Holdings, Inc.);30000003 (SCS, LLC);SCS, LLC;YB30 (OPEX BELOW COS);30000003;Corporate
3000051707;7 Eleven #707;1710 (Delek US Holdings, Inc.);30000003 (SCS, LLC);SCS, LLC;YB30 (OPEX BELOW COS);30000003;Corporate
3000051708;7 Eleven #708;1710 (Delek US Holdings, Inc.);30000003 (SCS, LLC);SCS, LLC;YB30 (OPEX BELOW COS);30000003;Corporate
3000051709;7 Eleven #709;1710 (Delek US Holdings, Inc.);30000003 (SCS, LLC);SCS, LLC;YB30 (OPEX BELOW COS);30000003;Corporate
3000051711;7 Eleven #711;1710 (Delek US Holdings, Inc.);30000003 (SCS, LLC);SCS, LLC;YB30 (OPEX BELOW COS);30000003;Corporate
3000051712;7 Eleven #712;1710 (Delek US Holdings, Inc.);30000003 (SCS, LLC);SCS, LLC;YB30 (OPEX BELOW COS);30000003;Corporate
3000051713;7 Eleven #713;1710 (Delek US Holdings, Inc.);30000003 (SCS, LLC);SCS, LLC;YB30 (OPEX BELOW COS);30000003;Corporate
3000051715;7 Eleven #715;1710 (Delek US Holdings, Inc.);30000003 (SCS, LLC);SCS, LLC;YB30 (OPEX BELOW COS);30000003;Corporate
3000051719;7 Eleven #719;1710 (Delek US Holdings, Inc.);30000003 (SCS, LLC);SCS, LLC;YB30 (OPEX BELOW COS);30000003;Corporate
3000051720;7 Eleven #720;1710 (Delek US Holdings, Inc.);30000003 (SCS, LLC);SCS, LLC;YB30 (OPEX BELOW COS);30000003;Corporate
3000051721;7 Eleven #721;1710 (Delek US Holdings, Inc.);30000003 (SCS, LLC);SCS, LLC;YB30 (OPEX BELOW COS);30000003;Corporate
3000051723;7 Eleven #723;1710 (Delek US Holdings, Inc.);30000003 (SCS, LLC);SCS, LLC;YB30 (OPEX BELOW COS);30000003;Corporate
3000051724;7 Eleven #724;1710 (Delek US Holdings, Inc.);30000003 (SCS, LLC);SCS, LLC;YB30 (OPEX BELOW COS);30000003;Corporate
3000051734;7 Eleven #734;1710 (Delek US Holdings, Inc.);30000003 (SCS, LLC);SCS, LLC;YB30 (OPEX BELOW COS);30000003;Corporate
3000051735;7 Eleven #735;1710 (Delek US Holdings, Inc.);30000003 (SCS, LLC);SCS, LLC;YB30 (OPEX BELOW COS);30000003;Corporate
3000051738;7 Eleven #738;1710 (Delek US Holdings, Inc.);30000003 (SCS, LLC);SCS, LLC;YB30 (OPEX BELOW COS);30000003;Corporate
3000051739;7 Eleven #739;1710 (Delek US Holdings, Inc.);30000003 (SCS, LLC);SCS, LLC;YB30 (OPEX BELOW COS);30000003;Corporate
3000051742;7 Eleven #742;1710 (Delek US Holdings, Inc.);30000003 (SCS, LLC);SCS, LLC;YB30 (OPEX BELOW COS);30000003;Corporate
3000051743;7 Eleven #743;1710 (Delek US Holdings, Inc.);30000003 (SCS, LLC);SCS, LLC;YB30 (OPEX BELOW COS);30000003;Corporate
3000051745;7 Eleven #745;1710 (Delek US Holdings, Inc.);30000003 (SCS, LLC);SCS, LLC;YB30 (OPEX BELOW COS);30000003;Corporate
3000051746;7 Eleven #746;1710 (Delek US Holdings, Inc.);30000003 (SCS, LLC);SCS, LLC;YB30 (OPEX BELOW COS);30000003;Corporate
3000051747;7 Eleven #747;1710 (Delek US Holdings, Inc.);30000003 (SCS, LLC);SCS, LLC;YB30 (OPEX BELOW COS);30000003;Corporate
3000051749;7 Eleven #749;1710 (Delek US Holdings, Inc.);30000003 (SCS, LLC);SCS, LLC;YB30 (OPEX BELOW COS);30000003;Corporate
3000051750;7 Eleven #750;1710 (Delek US Holdings, Inc.);30000003 (SCS, LLC);SCS, LLC;YB30 (OPEX BELOW COS);30000003;Corporate
3000051751;7 Eleven #751;1710 (Delek US Holdings, Inc.);30000003 (SCS, LLC);SCS, LLC;YB30 (OPEX BELOW COS);30000003;Corporate
3000051803;7 Eleven #803;1710 (Delek US Holdings, Inc.);30000003 (SCS, LLC);SCS, LLC;YB30 (OPEX BELOW COS);30000003;Corporate
3000051804;7 Eleven #804;1710 (Delek US Holdings, Inc.);30000003 (SCS, LLC);SCS, LLC;YB30 (OPEX BELOW COS);30000003;Corporate
3000051805;7 Eleven #805;1710 (Delek US Holdings, Inc.);30000003 (SCS, LLC);SCS, LLC;YB30 (OPEX BELOW COS);30000003;Corporate
3000051807;7 Eleven #807;1710 (Delek US Holdings, Inc.);30000003 (SCS, LLC);SCS, LLC;YB30 (OPEX BELOW COS);30000003;Corporate
3000051809;7 Eleven #809;1710 (Delek US Holdings, Inc.);30000003 (SCS, LLC);SCS, LLC;YB30 (OPEX BELOW COS);30000003;Corporate
3000051810;7 Eleven #810;1710 (Delek US Holdings, Inc.);30000003 (SCS, LLC);SCS, LLC;YB30 (OPEX BELOW COS);30000003;Corporate
3000051811;7 Eleven #811;1710 (Delek US Holdings, Inc.);30000003 (SCS, LLC);SCS, LLC;YB30 (OPEX BELOW COS);30000003;Corporate
3000051812;7 Eleven #812;1710 (Delek US Holdings, Inc.);30000003 (SCS, LLC);SCS, LLC;YB30 (OPEX BELOW COS);30000003;Corporate
3000051816;7 Eleven #816;1710 (Delek US Holdings, Inc.);30000003 (SCS, LLC);SCS, LLC;YB30 (OPEX BELOW COS);30000003;Corporate
3000051818;7 Eleven #818;1710 (Delek US Holdings, Inc.);30000003 (SCS, LLC);SCS, LLC;YB30 (OPEX BELOW COS);30000003;Corporate
3000051819;7 Eleven #819;1710 (Delek US Holdings, Inc.);30000003 (SCS, LLC);SCS, LLC;YB30 (OPEX BELOW COS);30000003;Corporate
3000051820;7 Eleven #820;1710 (Delek US Holdings, Inc.);30000003 (SCS, LLC);SCS, LLC;YB30 (OPEX BELOW COS);30000003;Corporate
3000051821;DK #821;1710 (Delek US Holdings, Inc.);30000003 (SCS, LLC);SCS, LLC;YB30 (OPEX BELOW COS);30000003;Corporate
3000051822;SCS #11822;1710 (Delek US Holdings, Inc.);30000003 (SCS, LLC);SCS, LLC;YB30 (OPEX BELOW COS);30000003;Corporate
3000051823;SCS #11823;1710 (Delek US Holdings, Inc.);30000003 (SCS, LLC);SCS, LLC;YB30 (OPEX BELOW COS);30000003;Corporate
3000051901;STORE# 11901 ADDRESS;1710 (Delek US Holdings, Inc.);30000003 (SCS, LLC);SCS, LLC;YB30 (OPEX BELOW COS);30000003;Corporate
3000053902;DK #13902;1710 (Delek US Holdings, Inc.);30000003 (SCS, LLC);SCS, LLC;YB30 (OPEX BELOW COS);30000003;Corporate
3000053903;DK #13903;1710 (Delek US Holdings, Inc.);30000003 (SCS, LLC);SCS, LLC;YB30 (OPEX BELOW COS);30000003;Corporate
3000053904;DK #13904;1710 (Delek US Holdings, Inc.);30000003 (SCS, LLC);SCS, LLC;YB30 (OPEX BELOW COS);30000003;Corporate
3000059301;7 Eleven #301;1710 (Delek US Holdings, Inc.);30000004 (GTS Licensing Co.);GTS Licensing Co.;YB30 (OPEX BELOW COS);30000004;Corporate
3000059304;7 Eleven #304;1710 (Delek US Holdings, Inc.);30000004 (GTS Licensing Co.);GTS Licensing Co.;YB30 (OPEX BELOW COS);30000004;Corporate
3000059306;7 Eleven #306;1710 (Delek US Holdings, Inc.);30000004 (GTS Licensing Co.);GTS Licensing Co.;YB30 (OPEX BELOW COS);30000004;Corporate
3000059312;7 Eleven #312;1710 (Delek US Holdings, Inc.);30000004 (GTS Licensing Co.);GTS Licensing Co.;YB30 (OPEX BELOW COS);30000004;Corporate
3000059314;7 Eleven #314;1710 (Delek US Holdings, Inc.);30000004 (GTS Licensing Co.);GTS Licensing Co.;YB30 (OPEX BELOW COS);30000004;Corporate
3000059315;7 Eleven #315;1710 (Delek US Holdings, Inc.);30000004 (GTS Licensing Co.);GTS Licensing Co.;YB30 (OPEX BELOW COS);30000004;Corporate
3000059317;7 Eleven #317;1710 (Delek US Holdings, Inc.);30000004 (GTS Licensing Co.);GTS Licensing Co.;YB30 (OPEX BELOW COS);30000004;Corporate
3000059318;7 Eleven #318;1710 (Delek US Holdings, Inc.);30000004 (GTS Licensing Co.);GTS Licensing Co.;YB30 (OPEX BELOW COS);30000004;Corporate
3000059319;7 Eleven #319;1710 (Delek US Holdings, Inc.);30000004 (GTS Licensing Co.);GTS Licensing Co.;YB30 (OPEX BELOW COS);30000004;Corporate
3000059320;7 Eleven #320;1710 (Delek US Holdings, Inc.);30000004 (GTS Licensing Co.);GTS Licensing Co.;YB30 (OPEX BELOW COS);30000004;Corporate
3000059321;7 Eleven #321;1710 (Delek US Holdings, Inc.);30000004 (GTS Licensing Co.);GTS Licensing Co.;YB30 (OPEX BELOW COS);30000004;Corporate
3000059322;7 Eleven #322;1710 (Delek US Holdings, Inc.);30000004 (GTS Licensing Co.);GTS Licensing Co.;YB30 (OPEX BELOW COS);30000004;Corporate
3000059323;7 Eleven #323;1710 (Delek US Holdings, Inc.);30000004 (GTS Licensing Co.);GTS Licensing Co.;YB30 (OPEX BELOW COS);30000004;Corporate
3000059324;7 Eleven #324;1710 (Delek US Holdings, Inc.);30000004 (GTS Licensing Co.);GTS Licensing Co.;YB30 (OPEX BELOW COS);30000004;Corporate
3000059325;7 Eleven #325;1710 (Delek US Holdings, Inc.);30000004 (GTS Licensing Co.);GTS Licensing Co.;YB30 (OPEX BELOW COS);30000004;Corporate
3000059327;7 Eleven #327;1710 (Delek US Holdings, Inc.);30000004 (GTS Licensing Co.);GTS Licensing Co.;YB30 (OPEX BELOW COS);30000004;Corporate
3000059328;7 Eleven #328;1710 (Delek US Holdings, Inc.);30000004 (GTS Licensing Co.);GTS Licensing Co.;YB30 (OPEX BELOW COS);30000004;Corporate
3000059329;7 Eleven #329;1710 (Delek US Holdings, Inc.);30000004 (GTS Licensing Co.);GTS Licensing Co.;YB30 (OPEX BELOW COS);30000004;Corporate
3000059333;7 Eleven #333;1710 (Delek US Holdings, Inc.);30000004 (GTS Licensing Co.);GTS Licensing Co.;YB30 (OPEX BELOW COS);30000004;Corporate
3000059334;7 Eleven #334;1710 (Delek US Holdings, Inc.);30000004 (GTS Licensing Co.);GTS Licensing Co.;YB30 (OPEX BELOW COS);30000004;Corporate
3000059335;7 Eleven #335;1710 (Delek US Holdings, Inc.);30000004 (GTS Licensing Co.);GTS Licensing Co.;YB30 (OPEX BELOW COS);30000004;Corporate
3000059336;7 Eleven #336;1710 (Delek US Holdings, Inc.);30000004 (GTS Licensing Co.);GTS Licensing Co.;YB30 (OPEX BELOW COS);30000004;Corporate
3000059337;7 Eleven #337;1710 (Delek US Holdings, Inc.);30000004 (GTS Licensing Co.);GTS Licensing Co.;YB30 (OPEX BELOW COS);30000004;Corporate
3000059339;7 Eleven #339;1710 (Delek US Holdings, Inc.);30000004 (GTS Licensing Co.);GTS Licensing Co.;YB30 (OPEX BELOW COS);30000004;Corporate
3000059340;7 Eleven #340;1710 (Delek US Holdings, Inc.);30000004 (GTS Licensing Co.);GTS Licensing Co.;YB30 (OPEX BELOW COS);30000004;Corporate
3000059341;7 Eleven #341;1710 (Delek US Holdings, Inc.);30000004 (GTS Licensing Co.);GTS Licensing Co.;YB30 (OPEX BELOW COS);30000004;Corporate
3000059342;7 Eleven #342;1710 (Delek US Holdings, Inc.);30000004 (GTS Licensing Co.);GTS Licensing Co.;YB30 (OPEX BELOW COS);30000004;Corporate
3000059343;7 Eleven #343;1710 (Delek US Holdings, Inc.);30000004 (GTS Licensing Co.);GTS Licensing Co.;YB30 (OPEX BELOW COS);30000004;Corporate
3000059344;7 Eleven #344;1710 (Delek US Holdings, Inc.);30000004 (GTS Licensing Co.);GTS Licensing Co.;YB30 (OPEX BELOW COS);30000004;Corporate
3000059345;7 Eleven #345;1710 (Delek US Holdings, Inc.);30000004 (GTS Licensing Co.);GTS Licensing Co.;YB30 (OPEX BELOW COS);30000004;Corporate
3000059346;7 Eleven #346;1710 (Delek US Holdings, Inc.);30000004 (GTS Licensing Co.);GTS Licensing Co.;YB30 (OPEX BELOW COS);30000004;Corporate
3000059347;7 Eleven #347;1710 (Delek US Holdings, Inc.);30000004 (GTS Licensing Co.);GTS Licensing Co.;YB30 (OPEX BELOW COS);30000004;Corporate
3000059348;7 Eleven #348;1710 (Delek US Holdings, Inc.);30000004 (GTS Licensing Co.);GTS Licensing Co.;YB30 (OPEX BELOW COS);30000004;Corporate
3000059349;7 Eleven #349;1710 (Delek US Holdings, Inc.);30000004 (GTS Licensing Co.);GTS Licensing Co.;YB30 (OPEX BELOW COS);30000004;Corporate
3000064004;Skinny's Store #0004;1710 (Delek US Holdings, Inc.);30000005 (Skinny's, LLC);Skinny's, LLC;YB30 (OPEX BELOW COS);30000005;Corporate
3000064005;Skinny's Store #0005;1710 (Delek US Holdings, Inc.);30000005 (Skinny's, LLC);Skinny's, LLC;YB30 (OPEX BELOW COS);30000005;Corporate
3000064006;Skinny's Store #0006;1710 (Delek US Holdings, Inc.);30000005 (Skinny's, LLC);Skinny's, LLC;YB30 (OPEX BELOW COS);30000005;Corporate
3000064010;Skinny's Store #0010;1710 (Delek US Holdings, Inc.);30000005 (Skinny's, LLC);Skinny's, LLC;YB30 (OPEX BELOW COS);30000005;Corporate
3000064011;Skinny's Store #0011;1710 (Delek US Holdings, Inc.);30000005 (Skinny's, LLC);Skinny's, LLC;YB30 (OPEX BELOW COS);30000005;Corporate
3000064013;Skinny's Store #0013;1710 (Delek US Holdings, Inc.);30000005 (Skinny's, LLC);Skinny's, LLC;YB30 (OPEX BELOW COS);30000005;Corporate
3000064015;Skinny's Store #0015;1710 (Delek US Holdings, Inc.);30000005 (Skinny's, LLC);Skinny's, LLC;YB30 (OPEX BELOW COS);30000005;Corporate
3000064016;Skinny's Store #0016;1710 (Delek US Holdings, Inc.);30000005 (Skinny's, LLC);Skinny's, LLC;YB30 (OPEX BELOW COS);30000005;Corporate
3000064017;Skinny's Store #0017;1710 (Delek US Holdings, Inc.);30000005 (Skinny's, LLC);Skinny's, LLC;YB30 (OPEX BELOW COS);30000005;Corporate
3000064021;Skinny's Store #0021;1710 (Delek US Holdings, Inc.);30000005 (Skinny's, LLC);Skinny's, LLC;YB30 (OPEX BELOW COS);30000005;Corporate
3000064022;Skinny's Store #0022;1710 (Delek US Holdings, Inc.);30000005 (Skinny's, LLC);Skinny's, LLC;YB30 (OPEX BELOW COS);30000005;Corporate
3000064023;Skinny's Store #0023;1710 (Delek US Holdings, Inc.);30000005 (Skinny's, LLC);Skinny's, LLC;YB30 (OPEX BELOW COS);30000005;Corporate
3000064024;Skinny's Store #0024;1710 (Delek US Holdings, Inc.);30000005 (Skinny's, LLC);Skinny's, LLC;YB30 (OPEX BELOW COS);30000005;Corporate
3000064025;Skinny's Store #0025;1710 (Delek US Holdings, Inc.);30000005 (Skinny's, LLC);Skinny's, LLC;YB30 (OPEX BELOW COS);30000005;Corporate
3000064026;Skinny's Store #0026;1710 (Delek US Holdings, Inc.);30000005 (Skinny's, LLC);Skinny's, LLC;YB30 (OPEX BELOW COS);30000005;Corporate
3000064027;Skinny's Store #0027;1710 (Delek US Holdings, Inc.);30000005 (Skinny's, LLC);Skinny's, LLC;YB30 (OPEX BELOW COS);30000005;Corporate
3000064028;Skinny's Store #0028;1710 (Delek US Holdings, Inc.);30000005 (Skinny's, LLC);Skinny's, LLC;YB30 (OPEX BELOW COS);30000005;Corporate
3000064031;Skinny's Store #0031;1710 (Delek US Holdings, Inc.);30000005 (Skinny's, LLC);Skinny's, LLC;YB30 (OPEX BELOW COS);30000005;Corporate
3000064033;Skinny's Store #0033;1710 (Delek US Holdings, Inc.);30000005 (Skinny's, LLC);Skinny's, LLC;YB30 (OPEX BELOW COS);30000005;Corporate
3000064035;Skinny's Store #0035;1710 (Delek US Holdings, Inc.);30000005 (Skinny's, LLC);Skinny's, LLC;YB30 (OPEX BELOW COS);30000005;Corporate
3000064039;Skinny's Store #0039;1710 (Delek US Holdings, Inc.);30000005 (Skinny's, LLC);Skinny's, LLC;YB30 (OPEX BELOW COS);30000005;Corporate
3000064042;Skinny's Store #0042;1710 (Delek US Holdings, Inc.);30000005 (Skinny's, LLC);Skinny's, LLC;YB30 (OPEX BELOW COS);30000005;Corporate
3000064043;Skinny's Store #0043;1710 (Delek US Holdings, Inc.);30000005 (Skinny's, LLC);Skinny's, LLC;YB30 (OPEX BELOW COS);30000005;Corporate
3000064044;Skinny's Store #0044;1710 (Delek US Holdings, Inc.);30000005 (Skinny's, LLC);Skinny's, LLC;YB30 (OPEX BELOW COS);30000005;Corporate
3000064045;Skinny's Store #0045;1710 (Delek US Holdings, Inc.);30000005 (Skinny's, LLC);Skinny's, LLC;YB30 (OPEX BELOW COS);30000005;Corporate
3000064046;Skinny's Store #0046;1710 (Delek US Holdings, Inc.);30000005 (Skinny's, LLC);Skinny's, LLC;YB30 (OPEX BELOW COS);30000005;Corporate
3000064052;Skinny's Store #0052;1710 (Delek US Holdings, Inc.);30000005 (Skinny's, LLC);Skinny's, LLC;YB30 (OPEX BELOW COS);30000005;Corporate
3000064053;Skinny's Store #0053;1710 (Delek US Holdings, Inc.);30000005 (Skinny's, LLC);Skinny's, LLC;YB30 (OPEX BELOW COS);30000005;Corporate
3000064054;Skinny's Store #0054;1710 (Delek US Holdings, Inc.);30000005 (Skinny's, LLC);Skinny's, LLC;YB30 (OPEX BELOW COS);30000005;Corporate
3000064055;Skinny's Store #0055;1710 (Delek US Holdings, Inc.);30000005 (Skinny's, LLC);Skinny's, LLC;YB30 (OPEX BELOW COS);30000005;Corporate
3000064057;Skinny's Store #0057;1710 (Delek US Holdings, Inc.);30000005 (Skinny's, LLC);Skinny's, LLC;YB30 (OPEX BELOW COS);30000005;Corporate
3000064058;Skinny's Store #0058;1710 (Delek US Holdings, Inc.);30000005 (Skinny's, LLC);Skinny's, LLC;YB30 (OPEX BELOW COS);30000005;Corporate
3000064066;Skinny's Store #0066;1710 (Delek US Holdings, Inc.);30000005 (Skinny's, LLC);Skinny's, LLC;YB30 (OPEX BELOW COS);30000005;Corporate
3000064067;Skinny's Store #0067;1710 (Delek US Holdings, Inc.);30000005 (Skinny's, LLC);Skinny's, LLC;YB30 (OPEX BELOW COS);30000005;Corporate
3000064069;Skinny's Store #0069;1710 (Delek US Holdings, Inc.);30000005 (Skinny's, LLC);Skinny's, LLC;YB30 (OPEX BELOW COS);30000005;Corporate
3000064070;Skinny's Store #0070;1710 (Delek US Holdings, Inc.);30000005 (Skinny's, LLC);Skinny's, LLC;YB30 (OPEX BELOW COS);30000005;Corporate
3000064071;Skinny's Store #0071;1710 (Delek US Holdings, Inc.);30000005 (Skinny's, LLC);Skinny's, LLC;YB30 (OPEX BELOW COS);30000005;Corporate
3000064072;Skinny's Store #0072;1710 (Delek US Holdings, Inc.);30000005 (Skinny's, LLC);Skinny's, LLC;YB30 (OPEX BELOW COS);30000005;Corporate
3000064073;Skinny's Store #0073;1710 (Delek US Holdings, Inc.);30000005 (Skinny's, LLC);Skinny's, LLC;YB30 (OPEX BELOW COS);30000005;Corporate
3000064075;Skinny's Store #0075;1710 (Delek US Holdings, Inc.);30000005 (Skinny's, LLC);Skinny's, LLC;YB30 (OPEX BELOW COS);30000005;Corporate
3000064076;Skinny's Store #0076;1710 (Delek US Holdings, Inc.);30000005 (Skinny's, LLC);Skinny's, LLC;YB30 (OPEX BELOW COS);30000005;Corporate
3000064077;Skinny's Store #0077;1710 (Delek US Holdings, Inc.);30000005 (Skinny's, LLC);Skinny's, LLC;YB30 (OPEX BELOW COS);30000005;Corporate
3000064078;Skinny's Store #0078;1710 (Delek US Holdings, Inc.);30000005 (Skinny's, LLC);Skinny's, LLC;YB30 (OPEX BELOW COS);30000005;Corporate
3000064079;Skinny's Store #0079;1710 (Delek US Holdings, Inc.);30000005 (Skinny's, LLC);Skinny's, LLC;YB30 (OPEX BELOW COS);30000005;Corporate
3000064080;Skinny's Store #0080;1710 (Delek US Holdings, Inc.);30000005 (Skinny's, LLC);Skinny's, LLC;YB30 (OPEX BELOW COS);30000005;Corporate
3000064082;Skinny's Store #0082;1710 (Delek US Holdings, Inc.);30000005 (Skinny's, LLC);Skinny's, LLC;YB30 (OPEX BELOW COS);30000005;Corporate
3000064083;Skinny's Store #0083;1710 (Delek US Holdings, Inc.);30000005 (Skinny's, LLC);Skinny's, LLC;YB30 (OPEX BELOW COS);30000005;Corporate
3000064086;Skinny's Store #0086;1710 (Delek US Holdings, Inc.);30000005 (Skinny's, LLC);Skinny's, LLC;YB30 (OPEX BELOW COS);30000005;Corporate
3000064087;Skinny's Store #0087;1710 (Delek US Holdings, Inc.);30000005 (Skinny's, LLC);Skinny's, LLC;YB30 (OPEX BELOW COS);30000005;Corporate
3000064089;Skinny's Store #0089;1710 (Delek US Holdings, Inc.);30000005 (Skinny's, LLC);Skinny's, LLC;YB30 (OPEX BELOW COS);30000005;Corporate
3000064090;Skinny's Store #0090;1710 (Delek US Holdings, Inc.);30000005 (Skinny's, LLC);Skinny's, LLC;YB30 (OPEX BELOW COS);30000005;Corporate
3000064091;Skinny's Store #0091;1710 (Delek US Holdings, Inc.);30000005 (Skinny's, LLC);Skinny's, LLC;YB30 (OPEX BELOW COS);30000005;Corporate
3000064092;Skinny's Store #0092;1710 (Delek US Holdings, Inc.);30000005 (Skinny's, LLC);Skinny's, LLC;YB30 (OPEX BELOW COS);30000005;Corporate
3000064094;Skinny's Store #0094;1710 (Delek US Holdings, Inc.);30000005 (Skinny's, LLC);Skinny's, LLC;YB30 (OPEX BELOW COS);30000005;Corporate
3000064095;Skinny's Store #0095;1710 (Delek US Holdings, Inc.);30000005 (Skinny's, LLC);Skinny's, LLC;YB30 (OPEX BELOW COS);30000005;Corporate
3000064096;Skinny's Store #0096;1710 (Delek US Holdings, Inc.);30000005 (Skinny's, LLC);Skinny's, LLC;YB30 (OPEX BELOW COS);30000005;Corporate
3000064097;Skinny's Store #0097;1710 (Delek US Holdings, Inc.);30000005 (Skinny's, LLC);Skinny's, LLC;YB30 (OPEX BELOW COS);30000005;Corporate
3000064098;Skinny's Store #0098;1710 (Delek US Holdings, Inc.);30000005 (Skinny's, LLC);Skinny's, LLC;YB30 (OPEX BELOW COS);30000005;Corporate
3000064099;Skinny's Store #0099;1710 (Delek US Holdings, Inc.);30000005 (Skinny's, LLC);Skinny's, LLC;YB30 (OPEX BELOW COS);30000005;Corporate
3000064100;Skinny's Store #0100;1710 (Delek US Holdings, Inc.);30000005 (Skinny's, LLC);Skinny's, LLC;YB30 (OPEX BELOW COS);30000005;Corporate
3000064101;Skinny's Store #0101;1710 (Delek US Holdings, Inc.);30000005 (Skinny's, LLC);Skinny's, LLC;YB30 (OPEX BELOW COS);30000005;Corporate
3000064102;Skinny's Store #0102;1710 (Delek US Holdings, Inc.);30000005 (Skinny's, LLC);Skinny's, LLC;YB30 (OPEX BELOW COS);30000005;Corporate
3000064105;Skinny's Store #0105;1710 (Delek US Holdings, Inc.);30000005 (Skinny's, LLC);Skinny's, LLC;YB30 (OPEX BELOW COS);30000005;Corporate
3000064106;Skinny's Store #0106;1710 (Delek US Holdings, Inc.);30000005 (Skinny's, LLC);Skinny's, LLC;YB30 (OPEX BELOW COS);30000005;Corporate
3000064107;Skinny's Store #0107;1710 (Delek US Holdings, Inc.);30000005 (Skinny's, LLC);Skinny's, LLC;YB30 (OPEX BELOW COS);30000005;Corporate
3000064112;Skinny's Store #0112;1710 (Delek US Holdings, Inc.);30000005 (Skinny's, LLC);Skinny's, LLC;YB30 (OPEX BELOW COS);30000005;Corporate
3000064122;Skinny's Store #0122;1710 (Delek US Holdings, Inc.);30000005 (Skinny's, LLC);Skinny's, LLC;YB30 (OPEX BELOW COS);30000005;Corporate
3000064123;Skinny's Store #0123;1710 (Delek US Holdings, Inc.);30000005 (Skinny's, LLC);Skinny's, LLC;YB30 (OPEX BELOW COS);30000005;Corporate
3000064124;Skinny's Store #0124;1710 (Delek US Holdings, Inc.);30000005 (Skinny's, LLC);Skinny's, LLC;YB30 (OPEX BELOW COS);30000005;Corporate
3000064126;Skinny's Store #0126;1710 (Delek US Holdings, Inc.);30000005 (Skinny's, LLC);Skinny's, LLC;YB30 (OPEX BELOW COS);30000005;Corporate
3000064138;Skinny's Store #0138;1710 (Delek US Holdings, Inc.);30000005 (Skinny's, LLC);Skinny's, LLC;YB30 (OPEX BELOW COS);30000005;Corporate
3000064140;Skinny's Store #0140;1710 (Delek US Holdings, Inc.);30000005 (Skinny's, LLC);Skinny's, LLC;YB30 (OPEX BELOW COS);30000005;Corporate
3000064141;Skinny's Store #0141;1710 (Delek US Holdings, Inc.);30000005 (Skinny's, LLC);Skinny's, LLC;YB30 (OPEX BELOW COS);30000005;Corporate
3000064143;Skinny's Store #0143;1710 (Delek US Holdings, Inc.);30000005 (Skinny's, LLC);Skinny's, LLC;YB30 (OPEX BELOW COS);30000005;Corporate
3000064422;STORE# 64422;1710 (Delek US Holdings, Inc.);30000005 (Skinny's, LLC);Skinny's, LLC;YB30 (OPEX BELOW COS);30000005;Corporate
3030000001;Delek Diss - Retail;1710 (Delek US Holdings, Inc.);30300001 (Delek Dissol - Retai);Delek Dissol - Retai;"YB50 (G&A; D&A BELOW COS)";30300001;Corporate
4010100001;DKL TRANSPORTATION;1711 (Delek Logistics Partners);40101001 (DKL TRANSPORTATION);DKL TRANSPORTATION;"YB40 (G&A; D&A IN COS)";40101001;Logistics
4010100002;DKL TRANS CONTRA;1711 (Delek Logistics Partners);40101001 (DKL TRANSPORTATION);DKL TRANSPORTATION;"YB40 (G&A; D&A IN COS)";40101001;Logistics
4010100003;DKL TRANS HELL CREEK;1711 (Delek Logistics Partners);40101001 (DKL TRANSPORTATION);DKL TRANSPORTATION;"YB40 (G&A; D&A IN COS)";40101001;Logistics
4010100004;DKL TYR TRANS;1711 (Delek Logistics Partners);40101002 (DKL TYR TRANS);DKL TYR TRANS;"YB40 (G&A; D&A IN COS)";40101002;Logistics
4010100005;DKL TYR TRANS CONTRA;1711 (Delek Logistics Partners);40101002 (DKL TYR TRANS);DKL TYR TRANS;"YB40 (G&A; D&A IN COS)";40101002;Logistics
4010100006;DKL ELD TRANS;1711 (Delek Logistics Partners);40101003 (DKL EDR TRANS);DKL EDR TRANS;"YB40 (G&A; D&A IN COS)";40101003;Logistics
4010100007;DKL ELD TRANS CONTRA;1711 (Delek Logistics Partners);40101003 (DKL EDR TRANS);DKL EDR TRANS;"YB40 (G&A; D&A IN COS)";40101003;Logistics
4010100008;SALA CRUDE GATHERING;1711 (Delek Logistics Partners);40101004 (SALA GATHERING);SALA GATHERING;YB20 (OPEX IN COS);40101004;Logistics
4010100009;NLR TERMINAL;1711 (Delek Logistics Partners);40101005 (DKL OPS PL EAST);DKL OPS PL EAST;YB20 (OPEX IN COS);40101005;Logistics
4010100010;MAGNOLIA PIPELINE;1711 (Delek Logistics Partners);40101006 (MAGNOLIA PL);MAGNOLIA PL;YB20 (OPEX IN COS);40101006;Logistics
4010100011;EL DORADO PIPELINE;1711 (Delek Logistics Partners);40101007 (EL DORADO PL);EL DORADO PL;YB20 (OPEX IN COS);40101007;Logistics
4010100012;MEMPHIS PIPELINE;1711 (Delek Logistics Partners);40101007 (EL DORADO PL);EL DORADO PL;YB20 (OPEX IN COS);40101007;Logistics
4010100013;EL DORADO STORAGE;1711 (Delek Logistics Partners);40101030 (EL DORADO PL Trnspt);EL DORADO PL Trnspt;YB20 (OPEX IN COS);40101030;Logistics
4010100014;LION PIPELINE SYSTEM;1711 (Delek Logistics Partners);40101007 (EL DORADO PL);EL DORADO PL;YB20 (OPEX IN COS);40101007;Logistics
4010100015;SAN ANGELO PIPELINE;1711 (Delek Logistics Partners);40101009 (DKL M&S PL WEST);DKL M&S PL WEST;YB20 (OPEX IN COS);40101009;Logistics
4010100016;TYE STATION;1711 (Delek Logistics Partners);40101009 (DKL M&S PL WEST);DKL M&S PL WEST;YB20 (OPEX IN COS);40101009;Logistics
4010100017;MAGELLAN PIPELINE;1711 (Delek Logistics Partners);40101010 (DKL BSR PL WEST);DKL BSR PL WEST;YB20 (OPEX IN COS);40101010;Logistics
4010100018;FINTEX PIPELINE;1711 (Delek Logistics Partners);40101010 (DKL BSR PL WEST);DKL BSR PL WEST;YB20 (OPEX IN COS);40101010;Logistics
4010100019;PLAINS CONNECTION;1711 (Delek Logistics Partners);40101010 (DKL BSR PL WEST);DKL BSR PL WEST;YB20 (OPEX IN COS);40101010;Logistics
4010100020;SALT WELL STORAGE;1711 (Delek Logistics Partners);40101031 (DKL BSR PL WEST TRNS);DKL BSR PL WEST TRNS;YB20 (OPEX IN COS);40101031;Logistics
4010100021;DUNCAN STORAGE;1711 (Delek Logistics Partners);40101010 (DKL BSR PL WEST);DKL BSR PL WEST;YB20 (OPEX IN COS);40101010;Logistics
4010100022;BSR STORAGE;1711 (Delek Logistics Partners);40101031 (DKL BSR PL WEST TRNS);DKL BSR PL WEST TRNS;YB20 (OPEX IN COS);40101031;Logistics
4010100023;BSR CRUDE PIPELINE;1711 (Delek Logistics Partners);40101010 (DKL BSR PL WEST);DKL BSR PL WEST;YB20 (OPEX IN COS);40101010;Logistics
4010100024;BSR PRODUCT PIPELINE;1711 (Delek Logistics Partners);40101010 (DKL BSR PL WEST);DKL BSR PL WEST;YB20 (OPEX IN COS);40101010;Logistics
4010100025;CENTURION CONNECT;1711 (Delek Logistics Partners);40101010 (DKL BSR PL WEST);DKL BSR PL WEST;YB20 (OPEX IN COS);40101010;Logistics
4010100026;AMDEL CONNECTION;1711 (Delek Logistics Partners);40101010 (DKL BSR PL WEST);DKL BSR PL WEST;YB20 (OPEX IN COS);40101010;Logistics
4010100027;BSR NORTH GATHERING;1711 (Delek Logistics Partners);40101011 (DPG Pipeline);DPG Pipeline;YB20 (OPEX IN COS);40101011;Logistics
4010100028;BSR WEST GATHERING;1711 (Delek Logistics Partners);40101011 (DPG Pipeline);DPG Pipeline;YB20 (OPEX IN COS);40101011;Logistics
4010100029;BIG SPRING OFFICE;1711 (Delek Logistics Partners);40101011 (DPG Pipeline);DPG Pipeline;YB20 (OPEX IN COS);40101011;Logistics
4010100030;PLAINS MESA CONNECT;1711 (Delek Logistics Partners);40101011 (DPG Pipeline);DPG Pipeline;YB20 (OPEX IN COS);40101011;Logistics
4010100031;LUTHER STATION;1711 (Delek Logistics Partners);40101011 (DPG Pipeline);DPG Pipeline;YB20 (OPEX IN COS);40101011;Logistics
4010100032;JENNA STATION;1711 (Delek Logistics Partners);40101011 (DPG Pipeline);DPG Pipeline;YB20 (OPEX IN COS);40101011;Logistics
4010100033;DKL PERMIAN GATHER;1711 (Delek Logistics Partners);40101011 (DPG Pipeline);DPG Pipeline;YB20 (OPEX IN COS);40101011;Logistics
4010100034;BIG SANDY PIPELINE;1711 (Delek Logistics Partners);40101012 (DKL BIG SAND PL CENT);DKL BIG SAND PL CENT;YB20 (OPEX IN COS);40101012;Logistics
4010100035;GVILLE MTP PIPELINE;1711 (Delek Logistics Partners);40101012 (DKL BIG SAND PL CENT);DKL BIG SAND PL CENT;YB20 (OPEX IN COS);40101012;Logistics
4010100036;MTP HAWKINS PIPE;1711 (Delek Logistics Partners);40101012 (DKL BIG SAND PL CENT);DKL BIG SAND PL CENT;YB20 (OPEX IN COS);40101012;Logistics
4010100037;BIG SANDY STORAGE;1711 (Delek Logistics Partners);40101012 (DKL BIG SAND PL CENT);DKL BIG SAND PL CENT;YB20 (OPEX IN COS);40101012;Logistics
4010100038;MT PLEASANT STORAGE;1711 (Delek Logistics Partners);40101012 (DKL BIG SAND PL CENT);DKL BIG SAND PL CENT;YB20 (OPEX IN COS);40101012;Logistics
4010100039;GREENVILLE STORAGE;1711 (Delek Logistics Partners);40101012 (DKL BIG SAND PL CENT);DKL BIG SAND PL CENT;YB20 (OPEX IN COS);40101012;Logistics
4010100040;TYR PRODUCT STORAGE;1711 (Delek Logistics Partners);40101013 (DKL M&S PL CENTRAL);DKL M&S PL CENTRAL;YB20 (OPEX IN COS);40101013;Logistics
4010100041;DYESS PIPELINE;1711 (Delek Logistics Partners);40101009 (DKL M&S PL WEST);DKL M&S PL WEST;YB20 (OPEX IN COS);40101009;Logistics
4010100042;PALINE PIPELINE;1711 (Delek Logistics Partners);40101014 (PALINE PIPELINE);PALINE PIPELINE;YB20 (OPEX IN COS);40101014;Logistics
4010100043;ETX CRUDE LOGISTICS;1711 (Delek Logistics Partners);40101015 (DKL CRUDE LOGISTICS);DKL CRUDE LOGISTICS;YB20 (OPEX IN COS);40101015;Logistics
4010100044;NETTLETON PIPELINE;1711 (Delek Logistics Partners);40101015 (DKL CRUDE LOGISTICS);DKL CRUDE LOGISTICS;YB20 (OPEX IN COS);40101015;Logistics
4010100045;MCMURRAY PIPELINE;1711 (Delek Logistics Partners);40101015 (DKL CRUDE LOGISTICS);DKL CRUDE LOGISTICS;YB20 (OPEX IN COS);40101015;Logistics
4010100046;ARP STATION;1711 (Delek Logistics Partners);40101015 (DKL CRUDE LOGISTICS);DKL CRUDE LOGISTICS;YB20 (OPEX IN COS);40101015;Logistics
4010100047;TYR CRUDE STORAGE;1711 (Delek Logistics Partners);40101032 (DKL CRUDE LGST TRANS);DKL CRUDE LGST TRANS;YB20 (OPEX IN COS);40101032;Logistics
4010100048;DK HELENA PIPELINE;1711 (Delek Logistics Partners);40101016 (DKL HELENA SERVICES);DKL HELENA SERVICES;YB20 (OPEX IN COS);40101016;Logistics
4010100049;TASK FORCE;1711 (Delek Logistics Partners);40201002 (SHARED SERVICES);SHARED SERVICES;YB20 (OPEX IN COS);40201002;Logistics
4010100050;PIPELINE & TRANS;1711 (Delek Logistics Partners);40101018 (DKL OPS PL SUPPORT);DKL OPS PL SUPPORT;YB20 (OPEX IN COS);40101018;Logistics
4010100051;CONTROL CENTER OPS;1711 (Delek Logistics Partners);40101018 (DKL OPS PL SUPPORT);DKL OPS PL SUPPORT;YB20 (OPEX IN COS);40101018;Logistics
4010100052;OPS MECHANICAL;1711 (Delek Logistics Partners);40201002 (SHARED SERVICES);SHARED SERVICES;YB20 (OPEX IN COS);40201002;Logistics
4010100053;OPS TECHNICAL;1711 (Delek Logistics Partners);40201002 (SHARED SERVICES);SHARED SERVICES;YB20 (OPEX IN COS);40201002;Logistics
4010100054;DKL 3B OPERATING;1711 (Delek Logistics Partners);40101020 (DKL Delaware Operati);DKL Delaware Operati;YB20 (OPEX IN COS);40101020;Logistics
4010100055;DKL 3B FINANCE;1711 (Delek Logistics Partners);40101020 (DKL Delaware Operati);DKL Delaware Operati;YB20 (OPEX IN COS);40101020;Logistics
4010100056;DKL 3B MRKT;1711 (Delek Logistics Partners);40101021 (DKL Delaware Marketi);DKL Delaware Marketi;YB20 (OPEX IN COS);40101021;Logistics
4010100057;DKL 3B SWD EDDY CTY;1711 (Delek Logistics Partners);40101022 (DKL Energy Cottonwoo);DKL Energy Cottonwoo;YB20 (OPEX IN COS);40101022;Logistics
4010100058;DKL 3B SWD LEA CTY;1711 (Delek Logistics Partners);40101023 (DKL Energy Lynch, LL);DKL Energy Lynch, LL;YB20 (OPEX IN COS);40101023;Logistics
4010100059;DKL 3B FIELD SERVICE;1711 (Delek Logistics Partners);40101024 (DKL Field Services,);DKL Field Services,;YB20 (OPEX IN COS);40101024;Logistics
4010100060;DKL 3B GAS;1711 (Delek Logistics Partners);40101025 (DKL G&P Solutions, L);DKL G&P Solutions, L;YB20 (OPEX IN COS);40101025;Logistics
4010100061;DKL 3B OIL;1711 (Delek Logistics Partners);40101026 (DDG Pipeline);DDG Pipeline;YB20 (OPEX IN COS);40101026;Logistics
4010100062;DKL 3B WATER;1711 (Delek Logistics Partners);40101027 (DKL Neptune Recyclin);DKL Neptune Recyclin;YB20 (OPEX IN COS);40101027;Logistics
4010100063;MEDALLION CONNECTION;1711 (Delek Logistics Partners);40101010 (DKL BSR PL WEST);DKL BSR PL WEST;YB20 (OPEX IN COS);40101010;Logistics
4010100064;DKL Delaware Gatheri;1711 (Delek Logistics Partners);40101028 (DKL Delaware Gatheri);DKL Delaware Gatheri;YB20 (OPEX IN COS);40101028;Logistics
4010100065;DKL DELAWARE HOLDING;1711 (Delek Logistics Partners);40101019 (DKL Delaware Holding);DKL Delaware Holding;"YB40 (G&A; D&A IN COS)";40101019;Logistics
4010100066;CRUDE REIMBURSABLES;1711 (Delek Logistics Partners);40101026 (DDG Pipeline);DDG Pipeline;YB20 (OPEX IN COS);40101026;Logistics
4010100069;NLR STORAGE;1711 (Delek Logistics Partners);40101030 (EL DORADO PL Trnspt);EL DORADO PL Trnspt;YB20 (OPEX IN COS);40101030;Logistics
4010100070;NORTH LITTLE ROCK JV;1711 (Delek Logistics Partners);40101029 (NLR OPERATING SRVS);NLR OPERATING SRVS;YB20 (OPEX IN COS);40101029;Logistics
4010100071;MIDLAND CONNECTOR;1711 (Delek Logistics Partners);40101011 (DPG Pipeline);DPG Pipeline;YB20 (OPEX IN COS);40101011;Logistics
4010100072;DDG -MAINTENANCE GAS;1711 (Delek Logistics Partners);40101020 (DKL Delaware Operati);DKL Delaware Operati;YB20 (OPEX IN COS);40101020;Logistics
4010100073;DDG -COMPLIANCE &REG;1711 (Delek Logistics Partners);40101020 (DKL Delaware Operati);DKL Delaware Operati;YB20 (OPEX IN COS);40101020;Logistics
4010100074;DDG - EHS;1711 (Delek Logistics Partners);40101020 (DKL Delaware Operati);DKL Delaware Operati;YB20 (OPEX IN COS);40101020;Logistics
4010100075;DDG - HYDROCARB LOSS;1711 (Delek Logistics Partners);40101020 (DKL Delaware Operati);DKL Delaware Operati;YB20 (OPEX IN COS);40101020;Logistics
4010100076;DDG - ENGINEERING;1711 (Delek Logistics Partners);40101020 (DKL Delaware Operati);DKL Delaware Operati;YB20 (OPEX IN COS);40101020;Logistics
4010100077;H2O - Operating;1711 (Delek Logistics Partners);40101033 (DKL - H2O);DKL - H2O;YB20 (OPEX IN COS);40101033;Logistics
4010100078;H2O - Engineering;1711 (Delek Logistics Partners);40101033 (DKL - H2O);DKL - H2O;YB20 (OPEX IN COS);40101033;Logistics
4010100079;H2O - EHS;1711 (Delek Logistics Partners);40101033 (DKL - H2O);DKL - H2O;YB20 (OPEX IN COS);40101033;Logistics
4010100080;H2O - Maintenance;1711 (Delek Logistics Partners);40101033 (DKL - H2O);DKL - H2O;YB20 (OPEX IN COS);40101033;Logistics
4010100081;H2O -Integrity&Comp;1711 (Delek Logistics Partners);40101033 (DKL - H2O);DKL - H2O;YB20 (OPEX IN COS);40101033;Logistics
4010100082;H2O - Reimbursable;1711 (Delek Logistics Partners);40101033 (DKL - H2O);DKL - H2O;YB20 (OPEX IN COS);40101033;Logistics
4010100083;H2O - Corporate;1711 (Delek Logistics Partners);40101033 (DKL - H2O);DKL - H2O;"YB40 (G&A; D&A IN COS)";40101033;Logistics
4010100084;H2O - SWD Wells;1711 (Delek Logistics Partners);40101033 (DKL - H2O);DKL - H2O;YB20 (OPEX IN COS);40101033;Logistics
4010100085;H2O - Pipelines;1711 (Delek Logistics Partners);40101033 (DKL - H2O);DKL - H2O;YB20 (OPEX IN COS);40101033;Logistics
4010100086;H2O - Water Storage;1711 (Delek Logistics Partners);40101033 (DKL - H2O);DKL - H2O;YB20 (OPEX IN COS);40101033;Logistics
4010100087;DWM - Operating;1711 (Delek Logistics Partners);40101034 (DKL - DWM Permian);DKL - DWM Permian;YB20 (OPEX IN COS);40101034;Logistics
4010100088;DWM -Engineering;1711 (Delek Logistics Partners);40101034 (DKL - DWM Permian);DKL - DWM Permian;YB20 (OPEX IN COS);40101034;Logistics
4010100089;DWM - EHS;1711 (Delek Logistics Partners);40101034 (DKL - DWM Permian);DKL - DWM Permian;YB20 (OPEX IN COS);40101034;Logistics
4010100090;DWM -Maintenance;1711 (Delek Logistics Partners);40101034 (DKL - DWM Permian);DKL - DWM Permian;YB20 (OPEX IN COS);40101034;Logistics
4010100091;DWM -Integrity&Comp;1711 (Delek Logistics Partners);40101034 (DKL - DWM Permian);DKL - DWM Permian;YB20 (OPEX IN COS);40101034;Logistics
4010100092;DWM -Reimbursable;1711 (Delek Logistics Partners);40101034 (DKL - DWM Permian);DKL - DWM Permian;YB20 (OPEX IN COS);40101034;Logistics
4010100093;DWM - Corporate;1711 (Delek Logistics Partners);40101034 (DKL - DWM Permian);DKL - DWM Permian;"YB40 (G&A; D&A IN COS)";40101034;Logistics
4010100094;DEP - Operating;1711 (Delek Logistics Partners);40101035 (DKL - DEP Bakken);DKL - DEP Bakken;YB20 (OPEX IN COS);40101035;Logistics
4010100095;DEP -Engineering;1711 (Delek Logistics Partners);40101035 (DKL - DEP Bakken);DKL - DEP Bakken;YB20 (OPEX IN COS);40101035;Logistics
4010100096;DEP - EHS;1711 (Delek Logistics Partners);40101035 (DKL - DEP Bakken);DKL - DEP Bakken;YB20 (OPEX IN COS);40101035;Logistics
4010100097;DEP -Maintenance;1711 (Delek Logistics Partners);40101035 (DKL - DEP Bakken);DKL - DEP Bakken;YB20 (OPEX IN COS);40101035;Logistics
4010100098;DEP -Integrity&Comp;1711 (Delek Logistics Partners);40101035 (DKL - DEP Bakken);DKL - DEP Bakken;YB20 (OPEX IN COS);40101035;Logistics
4010100099;DEP -Reimbursable;1711 (Delek Logistics Partners);40101035 (DKL - DEP Bakken);DKL - DEP Bakken;YB20 (OPEX IN COS);40101035;Logistics
4010100100;DEP - Corporate;1711 (Delek Logistics Partners);40101035 (DKL - DEP Bakken);DKL - DEP Bakken;"YB40 (G&A; D&A IN COS)";40101035;Logistics
4010100101;DDG Libby 2 Gas;1711 (Delek Logistics Partners);40101025 (DKL G&P Solutions, L);DKL G&P Solutions, L;YB20 (OPEX IN COS);40101025;Logistics
4010100102;DDG -MAINT CRUDE;1711 (Delek Logistics Partners);40101020 (DKL Delaware Operati);DKL Delaware Operati;YB20 (OPEX IN COS);40101020;Logistics
4010100103;DDG -MAINT WATER;1711 (Delek Logistics Partners);40101020 (DKL Delaware Operati);DKL Delaware Operati;YB20 (OPEX IN COS);40101020;Logistics
4020100001;SLURRY PROCESS KSR1;1711 (Delek Logistics Partners);40201001 (CENTRIFUGE);CENTRIFUGE;YB20 (OPEX IN COS);40201001;Logistics
4020100002;SLURRY PROCESS KSR2;1711 (Delek Logistics Partners);40201001 (CENTRIFUGE);CENTRIFUGE;YB20 (OPEX IN COS);40201001;Logistics
4020100003;SLURRY PROCESS KSR3;1711 (Delek Logistics Partners);40201001 (CENTRIFUGE);CENTRIFUGE;YB20 (OPEX IN COS);40201001;Logistics
4020100004;DKL - IT G&A;1711 (Delek Logistics Partners);40201002 (SHARED SERVICES);SHARED SERVICES;"YB50 (G&A; D&A BELOW COS)";40201002;Logistics
4020100005;ACCOUNTING;1711 (Delek Logistics Partners);40201002 (SHARED SERVICES);SHARED SERVICES;"YB50 (G&A; D&A BELOW COS)";40201002;Logistics
4020100006;ACQUISITION & INTEGR;1711 (Delek Logistics Partners);40201002 (SHARED SERVICES);SHARED SERVICES;"YB50 (G&A; D&A BELOW COS)";40201002;Logistics
4020100007;DIRECTORS;1711 (Delek Logistics Partners);40201002 (SHARED SERVICES);SHARED SERVICES;"YB50 (G&A; D&A BELOW COS)";40201002;Logistics
4020100008;INVESTOR RELATIONS;1711 (Delek Logistics Partners);40201002 (SHARED SERVICES);SHARED SERVICES;"YB50 (G&A; D&A BELOW COS)";40201002;Logistics
4020100009;LEGAL;1711 (Delek Logistics Partners);40201002 (SHARED SERVICES);SHARED SERVICES;"YB50 (G&A; D&A BELOW COS)";40201002;Logistics
4020100010;RISK MANAGEMENT;1711 (Delek Logistics Partners);40201002 (SHARED SERVICES);SHARED SERVICES;"YB50 (G&A; D&A BELOW COS)";40201002;Logistics
4020100011;SUPPLY CHAIN;1711 (Delek Logistics Partners);40201002 (SHARED SERVICES);SHARED SERVICES;"YB50 (G&A; D&A BELOW COS)";40201002;Logistics
4020100012;TREASURY;1711 (Delek Logistics Partners);40201002 (SHARED SERVICES);SHARED SERVICES;"YB50 (G&A; D&A BELOW COS)";40201002;Logistics
4020100013;DALLAS OFFICE;1711 (Delek Logistics Partners);40201002 (SHARED SERVICES);SHARED SERVICES;"YB50 (G&A; D&A BELOW COS)";40201002;Logistics
4020100014;CREDIT;1711 (Delek Logistics Partners);40201002 (SHARED SERVICES);SHARED SERVICES;"YB50 (G&A; D&A BELOW COS)";40201002;Logistics
4020100015;HUMAN RESOURCES;1711 (Delek Logistics Partners);40201002 (SHARED SERVICES);SHARED SERVICES;"YB50 (G&A; D&A BELOW COS)";40201002;Logistics
4020100016;INTERNAL AUDIT;1711 (Delek Logistics Partners);40201002 (SHARED SERVICES);SHARED SERVICES;"YB50 (G&A; D&A BELOW COS)";40201002;Logistics
4020100017;PLANNING & RELIAB;1711 (Delek Logistics Partners);40201002 (SHARED SERVICES);SHARED SERVICES;"YB50 (G&A; D&A BELOW COS)";40201002;Logistics
4020100018;ASSET INTEGRITY;1711 (Delek Logistics Partners);40201002 (SHARED SERVICES);SHARED SERVICES;YB20 (OPEX IN COS);40201002;Logistics
4020100019;CORP ADMIN;1711 (Delek Logistics Partners);40201002 (SHARED SERVICES);SHARED SERVICES;"YB50 (G&A; D&A BELOW COS)";40201002;Logistics
4020100020;COMPLIANCE & REG;1711 (Delek Logistics Partners);40201002 (SHARED SERVICES);SHARED SERVICES;"YB50 (G&A; D&A BELOW COS)";40201002;Logistics
4020100021;CAPITAL PROJECTS;1711 (Delek Logistics Partners);40201002 (SHARED SERVICES);SHARED SERVICES;"YB50 (G&A; D&A BELOW COS)";40201002;Logistics
4020100022;STRATEGIC DEVELOP;1711 (Delek Logistics Partners);40201002 (SHARED SERVICES);SHARED SERVICES;"YB50 (G&A; D&A BELOW COS)";40201002;Logistics
4020100023;PROJECT DEVELOP;1711 (Delek Logistics Partners);40201002 (SHARED SERVICES);SHARED SERVICES;"YB50 (G&A; D&A BELOW COS)";40201002;Logistics
4020100024;PIPE INSPECT & MAINT;1711 (Delek Logistics Partners);40201002 (SHARED SERVICES);SHARED SERVICES;YB20 (OPEX IN COS);40201002;Logistics
4020100025;ENGINEERING;1711 (Delek Logistics Partners);40201002 (SHARED SERVICES);SHARED SERVICES;YB20 (OPEX IN COS);40201002;Logistics
4020100026;HYDROCARBON LOSS CON;1711 (Delek Logistics Partners);40201002 (SHARED SERVICES);SHARED SERVICES;"YB50 (G&A; D&A BELOW COS)";40201002;Logistics
4020100027;EH&S;1711 (Delek Logistics Partners);40201002 (SHARED SERVICES);SHARED SERVICES;YB20 (OPEX IN COS);40201002;Logistics
4020100028;DKL OPERATING;1711 (Delek Logistics Partners);40201002 (SHARED SERVICES);SHARED SERVICES;YB20 (OPEX IN COS);40201002;Logistics
4020100029;TRADING & SUPPLY;1711 (Delek Logistics Partners);40201002 (SHARED SERVICES);SHARED SERVICES;"YB50 (G&A; D&A BELOW COS)";40201002;Logistics
4020100030;MEMPHIS TERMINAL;1711 (Delek Logistics Partners);40201003 (DKL OPS MT EAST);DKL OPS MT EAST;YB20 (OPEX IN COS);40201003;Logistics
4020100031;NASHVILLE TERMINAL;1711 (Delek Logistics Partners);40201003 (DKL OPS MT EAST);DKL OPS MT EAST;YB20 (OPEX IN COS);40201003;Logistics
4020100032;NLR TERMINAL;1711 (Delek Logistics Partners);40201003 (DKL OPS MT EAST);DKL OPS MT EAST;YB20 (OPEX IN COS);40201003;Logistics
4020100033;EL DORADO TERMINAL;1711 (Delek Logistics Partners);40201003 (DKL OPS MT EAST);DKL OPS MT EAST;YB20 (OPEX IN COS);40201003;Logistics
4020100034;BIG SANDY TERMINAL;1711 (Delek Logistics Partners);40201004 (DKL BIG SAND MT CENT);DKL BIG SAND MT CENT;YB20 (OPEX IN COS);40201004;Logistics
4020100035;GREENVILLE TERMINAL;1711 (Delek Logistics Partners);40201004 (DKL BIG SAND MT CENT);DKL BIG SAND MT CENT;YB20 (OPEX IN COS);40201004;Logistics
4020100036;MT PLEASANT TERMINAL;1711 (Delek Logistics Partners);40201004 (DKL BIG SAND MT CENT);DKL BIG SAND MT CENT;YB20 (OPEX IN COS);40201004;Logistics
4020100037;CADDO MILLS TERMINAL;1711 (Delek Logistics Partners);40201007 (DKL M&S MT WEST);DKL M&S MT WEST;YB30 (OPEX BELOW COS);40201007;Logistics
4020100038;TYR RACK;1711 (Delek Logistics Partners);40201005 (DKL M&S MT CENTRAL);DKL M&S MT CENTRAL;YB20 (OPEX IN COS);40201005;Logistics
4020100039;TYR MARKETING;1711 (Delek Logistics Partners);40201005 (DKL M&S MT CENTRAL);DKL M&S MT CENTRAL;"YB40 (G&A; D&A IN COS)";40201005;Logistics
4020100040;ALEDO TERMINAL;1711 (Delek Logistics Partners);40201007 (DKL M&S MT WEST);DKL M&S MT WEST;YB30 (OPEX BELOW COS);40201007;Logistics
4020100041;ABILENE TERMINAL;1711 (Delek Logistics Partners);40201007 (DKL M&S MT WEST);DKL M&S MT WEST;YB30 (OPEX BELOW COS);40201007;Logistics
4020100042;ODESSA SHL TERMINAL;1711 (Delek Logistics Partners);40201007 (DKL M&S MT WEST);DKL M&S MT WEST;YB30 (OPEX BELOW COS);40201007;Logistics
4020100043;ODESSA DK TERMINAL;1711 (Delek Logistics Partners);40201007 (DKL M&S MT WEST);DKL M&S MT WEST;YB30 (OPEX BELOW COS);40201007;Logistics
4020100044;SAN ANGELO TERMINAL;1711 (Delek Logistics Partners);40201007 (DKL M&S MT WEST);DKL M&S MT WEST;YB30 (OPEX BELOW COS);40201007;Logistics
4020100045;FROST TERMINAL;1711 (Delek Logistics Partners);40201007 (DKL M&S MT WEST);DKL M&S MT WEST;YB30 (OPEX BELOW COS);40201007;Logistics
4020100046;SINGLETON TERMINAL;1711 (Delek Logistics Partners);40201007 (DKL M&S MT WEST);DKL M&S MT WEST;YB30 (OPEX BELOW COS);40201007;Logistics
4020100047;DYESS TERMINAL;1711 (Delek Logistics Partners);40201004 (DKL BIG SAND MT CENT);DKL BIG SAND MT CENT;YB20 (OPEX IN COS);40201004;Logistics
4020100048;BSR UNLOAD FACILITY;1711 (Delek Logistics Partners);40201008 (DKL BSR MT WEST);DKL BSR MT WEST;YB20 (OPEX IN COS);40201008;Logistics
4020100049;BSR TERMINAL;1711 (Delek Logistics Partners);40201008 (DKL BSR MT WEST);DKL BSR MT WEST;YB20 (OPEX IN COS);40201008;Logistics
4020100050;BSR MARKETING;1711 (Delek Logistics Partners);40201008 (DKL BSR MT WEST);DKL BSR MT WEST;"YB40 (G&A; D&A IN COS)";40201008;Logistics
4020100051;DUNCAN TERMINAL;1711 (Delek Logistics Partners);40201008 (DKL BSR MT WEST);DKL BSR MT WEST;YB20 (OPEX IN COS);40201008;Logistics
4020100052;WHOLESALE MARKETING;1711 (Delek Logistics Partners);40201010 (DKS M&S MT SUPPORT);DKS M&S MT SUPPORT;"YB50 (G&A; D&A BELOW COS)";40201010;Logistics
4020100053;MARKETING & TERMINAL;1711 (Delek Logistics Partners);40201010 (DKS M&S MT SUPPORT);DKS M&S MT SUPPORT;YB30 (OPEX BELOW COS);40201010;Logistics
4020100054;BIG SPRING TERMINAL;1711 (Delek Logistics Partners);40201007 (DKL M&S MT WEST);DKL M&S MT WEST;YB30 (OPEX BELOW COS);40201007;Logistics
4020100055;EL DORADO RAIL RACKS;1711 (Delek Logistics Partners);40201012 (DKL OPS MT EAST TRAN);DKL OPS MT EAST TRAN;YB20 (OPEX IN COS);40201012;Logistics
4020100056;SUM OF THE PARTS;1711 (Delek Logistics Partners);40201002 (SHARED SERVICES);SHARED SERVICES;"YB50 (G&A; D&A BELOW COS)";40201002;Logistics
4020100057;DPG-OPS MECHANICAL;1711 (Delek Logistics Partners);40201002 (SHARED SERVICES);SHARED SERVICES;YB30 (OPEX BELOW COS);40201002;Logistics
4020100058;DPG-OPS TECHNICAL;1711 (Delek Logistics Partners);40201002 (SHARED SERVICES);SHARED SERVICES;YB30 (OPEX BELOW COS);40201002;Logistics
4020100059;DDG-EHS;1711 (Delek Logistics Partners);40201002 (SHARED SERVICES);SHARED SERVICES;YB20 (OPEX IN COS);40201002;Logistics
4020100060;DDG-HYDROCARBON LOSS;1711 (Delek Logistics Partners);40201002 (SHARED SERVICES);SHARED SERVICES;"YB50 (G&A; D&A BELOW COS)";40201002;Logistics
4020100061;DDG-ENGINEERING;1711 (Delek Logistics Partners);40201002 (SHARED SERVICES);SHARED SERVICES;"YB50 (G&A; D&A BELOW COS)";40201002;Logistics
4020100062;PROJECT DEVELOP COST;1711 (Delek Logistics Partners);40201002 (SHARED SERVICES);SHARED SERVICES;YB20 (OPEX IN COS);40201002;Logistics
4020100063;DKL OPEX Corp;1711 (Delek Logistics Partners);40201002 (SHARED SERVICES);SHARED SERVICES;YB20 (OPEX IN COS);40201002;Logistics
4020100064;DKL - IT OPEX;1711 (Delek Logistics Partners);40201002 (SHARED SERVICES);SHARED SERVICES;YB20 (OPEX IN COS);40201002;Logistics
4030100001;RED RIVER JV;1711 (Delek Logistics Partners);40301001 (RED RIVER PIPELINE);RED RIVER PIPELINE;YB20 (OPEX IN COS);40301001;Logistics
4030100002;CADDO JV;1711 (Delek Logistics Partners);40301002 (CADDO PIPELINE);CADDO PIPELINE;YB20 (OPEX IN COS);40301002;Logistics
4030100003;RIO JV;1711 (Delek Logistics Partners);40301003 (ANDEAVOR RIO PL);ANDEAVOR RIO PL;YB20 (OPEX IN COS);40301003;Logistics
4040100001;DKL PARTNER;1711 (Delek Logistics Partners);40401001 (Delek Logistics Part);Delek Logistics Part;"YB50 (G&A; D&A BELOW COS)";40401001;Logistics
4040100002;DKL FINANCE CORP;1711 (Delek Logistics Partners);40401002 (Delek Logistics Fina);Delek Logistics Fina;YB20 (OPEX IN COS);40401002;Logistics
5000000001;NLR Energy Logistics;1780 (NLR Energy Logistics LLC);50000001 (NLR Energy Logistics);NLR Energy Logistics;"YB40 (G&A; D&A IN COS)";50000001;NLR
6000000001;DK-PAC;1790 (DK-PAC);60000001 (DK - PAC);DK - PAC;"YB40 (G&A; D&A IN COS)";60000001;DKPAC