G/L Acct External ID;G/L Account Long Text;G/L Account Type;FS Item;FS Item Name;Financial Statement Line Item;Flash Line Item
10010000;Petty Cash;Balance Sheet Account;111100;Cash on hand;Cash and cash equivalents;
10020000;Petty Cash Journal - postings automatic only;Balance Sheet Account;111100;Cash on hand;Cash and cash equivalents;
11000030;Main Bank GL Account -  Regions # 0898;Balance Sheet Account;111100;Cash on hand;Cash and cash equivalents;
11000031;ZBA Clearing Account -Regions # 0898;Balance Sheet Account;111100;Cash on hand;Cash and cash equivalents;
11000032;Incoming Receipt Clearing - Regions # 0898;Balance Sheet Account;111100;Cash on hand;Cash and cash equivalents;
11000033;Checks In-Out Clearing - Regions # 0898;Balance Sheet Account;111100;Cash on hand;Cash and cash equivalents;
11000034;ACH Out Clearing - Regions # 0898;Balance Sheet Account;111100;Cash on hand;Cash and cash equivalents;
11000035;Outgoing Wire Clearing - Regions # 0898;Balance Sheet Account;111100;Cash on hand;Cash and cash equivalents;
11000036;Incoming ACH Receipts -Regions # 0898;Balance Sheet Account;111100;Cash on hand;Cash and cash equivalents;
11000037;Incoming Cash Deposit -Regions # 0898;Balance Sheet Account;111100;Cash on hand;Cash and cash equivalents;
11000039;Other Clearing - Regions # 0898;Balance Sheet Account;111100;Cash on hand;Cash and cash equivalents;
11000040;Main Bank GL Account - Regions # 1657;Balance Sheet Account;111100;Cash on hand;Cash and cash equivalents;
11000041;ZBA Clearing Account - Regions # 1657;Balance Sheet Account;111100;Cash on hand;Cash and cash equivalents;
11000042;Incoming Receipt Clearing -Regions # 1657;Balance Sheet Account;111100;Cash on hand;Cash and cash equivalents;
11000043;Checks In-Out Clearing - Regions # 1657;Balance Sheet Account;111100;Cash on hand;Cash and cash equivalents;
11000044;ACH Out Clearing -  Regions # 1657;Balance Sheet Account;111100;Cash on hand;Cash and cash equivalents;
11000045;Outgoing Wire Clearing - Regions # 1657;Balance Sheet Account;111100;Cash on hand;Cash and cash equivalents;
11000046;Incoming ACH Receipts - Regions # 1657;Balance Sheet Account;111100;Cash on hand;Cash and cash equivalents;
11000047;Incoming Cash Deposit - Regions # 1657;Balance Sheet Account;111100;Cash on hand;Cash and cash equivalents;
11000049;Other Clearing - Regions # 1657;Balance Sheet Account;111100;Cash on hand;Cash and cash equivalents;
11000050;Main Bank GL Account - Regions # 5567;Balance Sheet Account;111100;Cash on hand;Cash and cash equivalents;
11000051;ZBA Clearing Account -Regions #  5567;Balance Sheet Account;111100;Cash on hand;Cash and cash equivalents;
11000052;Incoming Receipt Clearing - Regions #  5567;Balance Sheet Account;111100;Cash on hand;Cash and cash equivalents;
11000053;Checks In-Out Clearing - Regions # 5567;Balance Sheet Account;111100;Cash on hand;Cash and cash equivalents;
11000054;ACH Out Clearing - Regions #  5567;Balance Sheet Account;111100;Cash on hand;Cash and cash equivalents;
11000055;Outgoing Wire Clearing - Regions #  5567;Balance Sheet Account;111100;Cash on hand;Cash and cash equivalents;
11000056;Incoming ACH Receipts -Regions #  5567;Balance Sheet Account;111100;Cash on hand;Cash and cash equivalents;
11000057;Incoming Cash Deposit -Regions #  5567;Balance Sheet Account;111100;Cash on hand;Cash and cash equivalents;
11000059;Other Clearing - Regions #  5567;Balance Sheet Account;111100;Cash on hand;Cash and cash equivalents;
11000060;Main Bank GL Account - Regions # 9658;Balance Sheet Account;111100;Cash on hand;Cash and cash equivalents;
11000061;ZBA Clearing Account Regions # 9658;Balance Sheet Account;111100;Cash on hand;Cash and cash equivalents;
11000062;Incoming Receipt Clearing -Regions # 9658;Balance Sheet Account;111100;Cash on hand;Cash and cash equivalents;
11000063;Checks In-Out Clearing -Regions # 9658;Balance Sheet Account;111100;Cash on hand;Cash and cash equivalents;
11000064;ACH Out Clearing -  Regions # 9658;Balance Sheet Account;111100;Cash on hand;Cash and cash equivalents;
11000065;Outgoing Wire Clearing -Regions # 9658;Balance Sheet Account;111100;Cash on hand;Cash and cash equivalents;
11000066;Incoming ACH Receipts -Regions # 9658;Balance Sheet Account;111100;Cash on hand;Cash and cash equivalents;
11000067;Incoming Cash Deposit - Regions # 9658;Balance Sheet Account;111100;Cash on hand;Cash and cash equivalents;
11000069;Other Clearing - Regions # 9658;Balance Sheet Account;111100;Cash on hand;Cash and cash equivalents;
11000080;Main Bank GL Account - Regions # 1643;Balance Sheet Account;111100;Cash on hand;Cash and cash equivalents;
11000081;ZBA Clearing Account -Regions # 1643;Balance Sheet Account;111100;Cash on hand;Cash and cash equivalents;
11000082;Incoming Receipt Clearing -Regions # 1643;Balance Sheet Account;111100;Cash on hand;Cash and cash equivalents;
11000083;Checks In-Out Clearing -Regions # 1643;Balance Sheet Account;111100;Cash on hand;Cash and cash equivalents;
11000084;ACH Out Clearing -  Regions # 1643;Balance Sheet Account;111100;Cash on hand;Cash and cash equivalents;
11000085;Outgoing Wire Clearing -Regions # 1643;Balance Sheet Account;111100;Cash on hand;Cash and cash equivalents;
11000086;Incoming ACH Receipts -Regions # 1643;Balance Sheet Account;111100;Cash on hand;Cash and cash equivalents;
11000087;Incoming Cash Deposit - Regions # 1643;Balance Sheet Account;111100;Cash on hand;Cash and cash equivalents;
11000089;Other Clearing - Regions # 1643;Balance Sheet Account;111100;Cash on hand;Cash and cash equivalents;
11000090;Main Bank GL Account - Regions # 6830;Balance Sheet Account;111100;Cash on hand;Cash and cash equivalents;
11000091;ZBA Clearing Account Regions # 6830;Balance Sheet Account;111100;Cash on hand;Cash and cash equivalents;
11000092;Incoming Receipt Clearing -Regions # 6830;Balance Sheet Account;111100;Cash on hand;Cash and cash equivalents;
11000093;Checks In-Out Clearing -Regions # 6830;Balance Sheet Account;111100;Cash on hand;Cash and cash equivalents;
11000094;ACH Out Clearing -  Regions # 6830;Balance Sheet Account;111100;Cash on hand;Cash and cash equivalents;
11000095;Outgoing Wire Clearing -Regions # 6830;Balance Sheet Account;111100;Cash on hand;Cash and cash equivalents;
11000096;Incoming ACH Receipts -Regions # 6830;Balance Sheet Account;111100;Cash on hand;Cash and cash equivalents;
11000097;Incoming Cash Deposit - Regions # 6830;Balance Sheet Account;111100;Cash on hand;Cash and cash equivalents;
11000099;Other Clearing - Regions # 6830;Balance Sheet Account;111100;Cash on hand;Cash and cash equivalents;
11000130;Main Bank GL Account - Regions # 1649;Balance Sheet Account;111100;Cash on hand;Cash and cash equivalents;
11000131;ZBA Clearing Account - Regions # 1649;Balance Sheet Account;111100;Cash on hand;Cash and cash equivalents;
11000132;Incoming Receipt Clearing -Regions # 1649;Balance Sheet Account;111100;Cash on hand;Cash and cash equivalents;
11000133;Checks In-Out Clearing - Regions # 1649;Balance Sheet Account;111100;Cash on hand;Cash and cash equivalents;
11000134;ACH Out Clearing -  Regions # 1649;Balance Sheet Account;111100;Cash on hand;Cash and cash equivalents;
11000135;Outgoing Wire Clearing - Regions # 1649;Balance Sheet Account;111100;Cash on hand;Cash and cash equivalents;
11000136;Incoming ACH Receipts - Regions # 1649;Balance Sheet Account;111100;Cash on hand;Cash and cash equivalents;
11000137;Incoming Cash Deposit - Regions # 1649;Balance Sheet Account;111100;Cash on hand;Cash and cash equivalents;
11000139;Other Clearing - Regions # 1649;Balance Sheet Account;111100;Cash on hand;Cash and cash equivalents;
11000140;Main Bank GL Account - Regions # 6382;Balance Sheet Account;111100;Cash on hand;Cash and cash equivalents;
11000141;ZBA Clearing Account - Regions # 6382;Balance Sheet Account;111100;Cash on hand;Cash and cash equivalents;
11000142;Incoming Receipt Clearing -Regions # 6382;Balance Sheet Account;111100;Cash on hand;Cash and cash equivalents;
11000143;Checks In-Out Clearing - Regions # 6382;Balance Sheet Account;111100;Cash on hand;Cash and cash equivalents;
11000144;ACH Out Clearing -  Regions # 6382;Balance Sheet Account;111100;Cash on hand;Cash and cash equivalents;
11000145;Outgoing Wire Clearing - Regions # 6382;Balance Sheet Account;111100;Cash on hand;Cash and cash equivalents;
11000146;Incoming ACH Receipts - Regions # 6382;Balance Sheet Account;111100;Cash on hand;Cash and cash equivalents;
11000147;Incoming Cash Deposit - Regions # 6382;Balance Sheet Account;111100;Cash on hand;Cash and cash equivalents;
11000149;OTHER Clearing - Regions # 6382;Balance Sheet Account;111100;Cash on hand;Cash and cash equivalents;
11000150;Main Bank GL Account -  Regions # 2062;Balance Sheet Account;111100;Cash on hand;Cash and cash equivalents;
11000151;ZBA Clearing Account -Regions # 2062;Balance Sheet Account;111100;Cash on hand;Cash and cash equivalents;
11000152;Incoming Receipt Clearing - Regions # 2062;Balance Sheet Account;111100;Cash on hand;Cash and cash equivalents;
11000153;Checks In-Out Clearing - Regions # 2062;Balance Sheet Account;111100;Cash on hand;Cash and cash equivalents;
11000154;ACH Out Clearing - Regions # 2062;Balance Sheet Account;111100;Cash on hand;Cash and cash equivalents;
11000155;Outgoing Wire Clearing - Regions # 2062;Balance Sheet Account;111100;Cash on hand;Cash and cash equivalents;
11000156;Incoming ACH Receipts -Regions # 2062;Balance Sheet Account;111100;Cash on hand;Cash and cash equivalents;
11000157;Incoming Cash Deposit -Regions # 2062;Balance Sheet Account;111100;Cash on hand;Cash and cash equivalents;
11000159;Other Clearing - Regions # 2062;Balance Sheet Account;111100;Cash on hand;Cash and cash equivalents;
11000170;Main Bank GL Account - Regions # 9838;Balance Sheet Account;111100;Cash on hand;Cash and cash equivalents;
11000171;ZBA Clearing Account - Regions # 9838;Balance Sheet Account;111100;Cash on hand;Cash and cash equivalents;
11000172;Incoming Receipt Clearing -Regions # 9838;Balance Sheet Account;111100;Cash on hand;Cash and cash equivalents;
11000173;Checks In-Out Clearing - Regions # 9838;Balance Sheet Account;111100;Cash on hand;Cash and cash equivalents;
11000174;ACH Out Clearing -  Regions # 9838;Balance Sheet Account;111100;Cash on hand;Cash and cash equivalents;
11000175;Outgoing Wire Clearing - Regions # 9838;Balance Sheet Account;111100;Cash on hand;Cash and cash equivalents;
11000176;Incoming ACH Receipts - Regions # 9838;Balance Sheet Account;111100;Cash on hand;Cash and cash equivalents;
11000177;Incoming Cash Deposit - Regions # 9838;Balance Sheet Account;111100;Cash on hand;Cash and cash equivalents;
11000179;Other Clearing - Regions # 9838;Balance Sheet Account;111100;Cash on hand;Cash and cash equivalents;
11000180;Main Bank GL Account - Regions # 2092;Balance Sheet Account;111100;Cash on hand;Cash and cash equivalents;
11000181;ZBA Clearing Account -Regions #  2092;Balance Sheet Account;111100;Cash on hand;Cash and cash equivalents;
11000182;Incoming Receipt Clearing - Regions #  2092;Balance Sheet Account;111100;Cash on hand;Cash and cash equivalents;
11000183;Checks In-Out Clearing - Regions # 2092;Balance Sheet Account;111100;Cash on hand;Cash and cash equivalents;
11000184;ACH Out Clearing - Regions #  2092;Balance Sheet Account;111100;Cash on hand;Cash and cash equivalents;
11000185;Outgoing Wire Clearing - Regions #  2092;Balance Sheet Account;111100;Cash on hand;Cash and cash equivalents;
11000186;Incoming ACH Receipts -Regions #  2092;Balance Sheet Account;111100;Cash on hand;Cash and cash equivalents;
11000187;Incoming Cash Deposit -Regions #  2092;Balance Sheet Account;111100;Cash on hand;Cash and cash equivalents;
11000189;Other Clearing - Regions #  2092;Balance Sheet Account;111100;Cash on hand;Cash and cash equivalents;
11000190;Main Bank GL Account - Regions # 1479;Balance Sheet Account;111100;Cash on hand;Cash and cash equivalents;
11000191;ZBA Clearing Account - Regions # 1479;Balance Sheet Account;111100;Cash on hand;Cash and cash equivalents;
11000192;Incoming Receipt Clearing -Regions # 1479;Balance Sheet Account;111100;Cash on hand;Cash and cash equivalents;
11000193;Checks In-Out Clearing - Regions # 1479;Balance Sheet Account;111100;Cash on hand;Cash and cash equivalents;
11000194;ACH Out Clearing -  Regions # 1479;Balance Sheet Account;111100;Cash on hand;Cash and cash equivalents;
11000195;Outgoing Wire Clearing - Regions # 1479;Balance Sheet Account;111100;Cash on hand;Cash and cash equivalents;
11000196;Incoming ACH Receipts - Regions # 1479;Balance Sheet Account;111100;Cash on hand;Cash and cash equivalents;
11000197;Incoming Cash Deposit - Regions # 1479;Balance Sheet Account;111100;Cash on hand;Cash and cash equivalents;
11000199;Other Clearing - Regions # 1479;Balance Sheet Account;111100;Cash on hand;Cash and cash equivalents;
11000210;Main Bank GL Account - Regions # 7738;Balance Sheet Account;111100;Cash on hand;Cash and cash equivalents;
11000211;ZBA Clearing Account Regions # 7738;Balance Sheet Account;111100;Cash on hand;Cash and cash equivalents;
11000212;Incoming Receipt Clearing -Regions # 7738;Balance Sheet Account;111100;Cash on hand;Cash and cash equivalents;
11000213;Checks In-Out Clearing -Regions # 7738;Balance Sheet Account;111100;Cash on hand;Cash and cash equivalents;
11000214;ACH Out Clearing -  Regions # 7738;Balance Sheet Account;111100;Cash on hand;Cash and cash equivalents;
11000215;Outgoing Wire Clearing -Regions # 7738;Balance Sheet Account;111100;Cash on hand;Cash and cash equivalents;
11000216;Incoming ACH Receipts -Regions # 7738;Balance Sheet Account;111100;Cash on hand;Cash and cash equivalents;
11000217;Incoming Cash Deposit - Regions # 7738;Balance Sheet Account;111100;Cash on hand;Cash and cash equivalents;
11000219;OTHER Clearing - Regions # 7738;Balance Sheet Account;111100;Cash on hand;Cash and cash equivalents;
11000220;Main Bank GL Account - Regions # 7746;Balance Sheet Account;111100;Cash on hand;Cash and cash equivalents;
11000221;ZBA Clearing Account Regions # 7746;Balance Sheet Account;111100;Cash on hand;Cash and cash equivalents;
11000222;Incoming Receipt Clearing -Regions # 7746;Balance Sheet Account;111100;Cash on hand;Cash and cash equivalents;
11000223;Checks In-Out Clearing -Regions # 7746;Balance Sheet Account;111100;Cash on hand;Cash and cash equivalents;
11000224;ACH Out Clearing -  Regions # 7746;Balance Sheet Account;111100;Cash on hand;Cash and cash equivalents;
11000225;Outgoing Wire Clearing -Regions # 7746;Balance Sheet Account;111100;Cash on hand;Cash and cash equivalents;
11000226;Incoming ACH Receipts -Regions # 7746;Balance Sheet Account;111100;Cash on hand;Cash and cash equivalents;
11000227;Incoming Cash Deposit - Regions # 7746;Balance Sheet Account;111100;Cash on hand;Cash and cash equivalents;
11000229;OTHER Clearing - Regions # 7746;Balance Sheet Account;111100;Cash on hand;Cash and cash equivalents;
11000240;Main Bank GL Account - Regions #7316;Balance Sheet Account;111100;Cash on hand;Cash and cash equivalents;
11000241;ZBA Clearing Account - Regions #7316;Balance Sheet Account;111100;Cash on hand;Cash and cash equivalents;
11000242;Incoming Receipt Clearing - Regions #7316;Balance Sheet Account;111100;Cash on hand;Cash and cash equivalents;
11000243;Checks In-Out Clearing - Regions #7316;Balance Sheet Account;111100;Cash on hand;Cash and cash equivalents;
11000244;ACH Out Clearing - Regions #7316;Balance Sheet Account;111100;Cash on hand;Cash and cash equivalents;
11000245;Outgoing Wire Clearing - Regions #7316;Balance Sheet Account;111100;Cash on hand;Cash and cash equivalents;
11000246;Incoming ACH Receipts - Regions #7316;Balance Sheet Account;111100;Cash on hand;Cash and cash equivalents;
11000247;Incoming Cash Deposit - Regions #7316;Balance Sheet Account;111100;Cash on hand;Cash and cash equivalents;
11000249;OTHER Clearing - Regions #7316;Balance Sheet Account;111100;Cash on hand;Cash and cash equivalents;
11000250;Main Bank GL Account - Regions # 8178;Balance Sheet Account;111100;Cash on hand;Cash and cash equivalents;
11000251;ZBA Clearing Account - Regions # 8178;Balance Sheet Account;111100;Cash on hand;Cash and cash equivalents;
11000252;Incoming Receipt Clearing - Regions # 8178;Balance Sheet Account;111100;Cash on hand;Cash and cash equivalents;
11000253;Checks In-Out Clearing - Regions # 8178;Balance Sheet Account;111100;Cash on hand;Cash and cash equivalents;
11000254;ACH Out Clearing - Regions # 8178;Balance Sheet Account;111100;Cash on hand;Cash and cash equivalents;
11000255;Outgoing Wire Clearing - Regions # 8178;Balance Sheet Account;111100;Cash on hand;Cash and cash equivalents;
11000256;Incoming ACH Receipts - Regions # 8178;Balance Sheet Account;111100;Cash on hand;Cash and cash equivalents;
11000257;Incoming Cash Deposit - Regions # 8178;Balance Sheet Account;111100;Cash on hand;Cash and cash equivalents;
11000259;Other Clearing - Regions # 8178;Balance Sheet Account;111100;Cash on hand;Cash and cash equivalents;
11000260;Main Bank GL Account - Regions # 6612;Balance Sheet Account;111100;Cash on hand;Cash and cash equivalents;
11000261;ZBA Clearing Account - Regions # 6612;Balance Sheet Account;111100;Cash on hand;Cash and cash equivalents;
11000262;Incoming Receipt Clearing - Regions # 6612;Balance Sheet Account;111100;Cash on hand;Cash and cash equivalents;
11000263;Checks In-Out Clearing - Regions # 6612;Balance Sheet Account;111100;Cash on hand;Cash and cash equivalents;
11000264;ACH Out Clearing - Regions # 6612;Balance Sheet Account;111100;Cash on hand;Cash and cash equivalents;
11000265;Outgoing Wire Clearing - Regions # 6612;Balance Sheet Account;111100;Cash on hand;Cash and cash equivalents;
11000266;Incoming ACH Receipts - Regions # 6612;Balance Sheet Account;111100;Cash on hand;Cash and cash equivalents;
11000267;Incoming Cash Deposit - Regions # 6612;Balance Sheet Account;111100;Cash on hand;Cash and cash equivalents;
11000269;Other Clearing - Regions # 6612;Balance Sheet Account;111100;Cash on hand;Cash and cash equivalents;
11001000;Main Bank GL Account - 53RD #6200;Balance Sheet Account;111100;Cash on hand;Cash and cash equivalents;
11001001;ZBA Clearing Account - 53RD #6200;Balance Sheet Account;111100;Cash on hand;Cash and cash equivalents;
11001002;Incoming Receipt Clearing -53RD #6200;Balance Sheet Account;111100;Cash on hand;Cash and cash equivalents;
11001003;Checks In-Out Clearing - 53Rd #6200;Balance Sheet Account;111100;Cash on hand;Cash and cash equivalents;
11001004;ACH Out Clearing -  53RD #6200;Balance Sheet Account;111100;Cash on hand;Cash and cash equivalents;
11001005;Outgoing Wire Clearing -53RD #6200;Balance Sheet Account;111100;Cash on hand;Cash and cash equivalents;
11001006;Incoming ACH Receipts -53RD #6200;Balance Sheet Account;111100;Cash on hand;Cash and cash equivalents;
11001007;Incoming Cash Deposit - 53RD #6200;Balance Sheet Account;111100;Cash on hand;Cash and cash equivalents;
11001009;Other Clearing - 53Rd #6200;Balance Sheet Account;111100;Cash on hand;Cash and cash equivalents;
11001010;Main Bank GL Account - 53RD # 5667;Balance Sheet Account;111100;Cash on hand;Cash and cash equivalents;
11001011;ZBA Clearing Account - 53Rd # 5667;Balance Sheet Account;111100;Cash on hand;Cash and cash equivalents;
11001012;Incoming Receipt Clearing -53Rd # 5667;Balance Sheet Account;111100;Cash on hand;Cash and cash equivalents;
11001013;Checks In-Out Clearing - 53Rd # 5667;Balance Sheet Account;111100;Cash on hand;Cash and cash equivalents;
11001014;ACH Out Clearing -  53Rd # 5667;Balance Sheet Account;111100;Cash on hand;Cash and cash equivalents;
11001015;Outgoing Wire Clearing -53Rd # 5667;Balance Sheet Account;111100;Cash on hand;Cash and cash equivalents;
11001016;Incoming ACH Receipts -53Rd # 5667;Balance Sheet Account;111100;Cash on hand;Cash and cash equivalents;
11001017;Incoming Cash Deposit - 53Rd # 5667;Balance Sheet Account;111100;Cash on hand;Cash and cash equivalents;
11001019;Other Clearing - 53Rd # 5667;Balance Sheet Account;111100;Cash on hand;Cash and cash equivalents;
11001020;Main Bank GL Account - 53RD # 7348;Balance Sheet Account;111100;Cash on hand;Cash and cash equivalents;
11001021;ZBA Clearing Account - 53RD # 7348;Balance Sheet Account;111100;Cash on hand;Cash and cash equivalents;
11001022;Incoming Receipt Clearing -53RD # 7348;Balance Sheet Account;111100;Cash on hand;Cash and cash equivalents;
11001023;Checks In-Out Clearing - 53RD # 7348;Balance Sheet Account;111100;Cash on hand;Cash and cash equivalents;
11001024;ACH Out Clearing -  53RD # 7348;Balance Sheet Account;111100;Cash on hand;Cash and cash equivalents;
11001025;Outgoing Wire Clearing -53RD # 7348;Balance Sheet Account;111100;Cash on hand;Cash and cash equivalents;
11001026;Incoming ACH Receipts -53RD # 7348;Balance Sheet Account;111100;Cash on hand;Cash and cash equivalents;
11001027;Incoming Cash Deposit - 53RD # 7348;Balance Sheet Account;111100;Cash on hand;Cash and cash equivalents;
11001029;Other Clearing - 53Rd # 7348;Balance Sheet Account;111100;Cash on hand;Cash and cash equivalents;
11001030;Main Bank GL Account - 53RD # 6218;Balance Sheet Account;111100;Cash on hand;Cash and cash equivalents;
11001031;ZBA Clearing Account - 53RD # 6218;Balance Sheet Account;111100;Cash on hand;Cash and cash equivalents;
11001032;Incoming Receipt Clearing -53RD # 6218;Balance Sheet Account;111100;Cash on hand;Cash and cash equivalents;
11001033;Checks In-Out Clearing - 53RD # 6218;Balance Sheet Account;111100;Cash on hand;Cash and cash equivalents;
11001034;ACH Out Clearing -  53RD # 6218;Balance Sheet Account;111100;Cash on hand;Cash and cash equivalents;
11001035;Outgoing Wire Clearing -53RD # 6218;Balance Sheet Account;111100;Cash on hand;Cash and cash equivalents;
11001036;Incoming ACH Receipts -53RD # 6218;Balance Sheet Account;111100;Cash on hand;Cash and cash equivalents;
11001037;Incoming Cash Deposit - 53RD # 6218;Balance Sheet Account;111100;Cash on hand;Cash and cash equivalents;
11001039;Other Clearing - 53Rd # 6218;Balance Sheet Account;111100;Cash on hand;Cash and cash equivalents;
11001050;Main Bank GL Account - 53Rd # 4426;Balance Sheet Account;111100;Cash on hand;Cash and cash equivalents;
11001051;ZBA Clearing Account -53Rd # 4426;Balance Sheet Account;111100;Cash on hand;Cash and cash equivalents;
11001052;Incoming Receipt Clearing -53Rd # 4426;Balance Sheet Account;111100;Cash on hand;Cash and cash equivalents;
11001053;Checks In-Out Clearing -53Rd # 4426;Balance Sheet Account;111100;Cash on hand;Cash and cash equivalents;
11001054;ACH Out Clearing -  53Rd # 4426;Balance Sheet Account;111100;Cash on hand;Cash and cash equivalents;
11001055;Outgoing Wire Clearing -53Rd # 4426;Balance Sheet Account;111100;Cash on hand;Cash and cash equivalents;
11001056;Incoming ACH Receipts -53Rd # 4426;Balance Sheet Account;111100;Cash on hand;Cash and cash equivalents;
11001057;Incoming Cash Deposit - 53Rd # 4426;Balance Sheet Account;111100;Cash on hand;Cash and cash equivalents;
11001059;Other Clearing - 53Rd # 4426;Balance Sheet Account;111100;Cash on hand;Cash and cash equivalents;
11001060;Main Bank GL Account - 53RD # 6564;Balance Sheet Account;111100;Cash on hand;Cash and cash equivalents;
11001061;ZBA Clearing Account - 53RD # 6564;Balance Sheet Account;111100;Cash on hand;Cash and cash equivalents;
11001062;Incoming Receipt Clearing -53RD # 6564;Balance Sheet Account;111100;Cash on hand;Cash and cash equivalents;
11001063;Checks In-Out Clearing - 53RD # 6564;Balance Sheet Account;111100;Cash on hand;Cash and cash equivalents;
11001064;ACH Out Clearing -  53RD # 6564;Balance Sheet Account;111100;Cash on hand;Cash and cash equivalents;
11001065;Outgoing Wire Clearing -53RD # 6564;Balance Sheet Account;111100;Cash on hand;Cash and cash equivalents;
11001066;Incoming ACH Receipts -53RD # 6564;Balance Sheet Account;111100;Cash on hand;Cash and cash equivalents;
11001067;Incoming Cash Deposit - 53RD # 6564;Balance Sheet Account;111100;Cash on hand;Cash and cash equivalents;
11001069;Other Clearing - 53Rd # 6564;Balance Sheet Account;111100;Cash on hand;Cash and cash equivalents;
11001070;Main Bank GL Account - 53RD # 6242;Balance Sheet Account;111100;Cash on hand;Cash and cash equivalents;
11001071;ZBA Clearing Account - 53RD # 6242;Balance Sheet Account;111100;Cash on hand;Cash and cash equivalents;
11001072;Incoming Receipt Clearing -53RD # 6242;Balance Sheet Account;111100;Cash on hand;Cash and cash equivalents;
11001073;Checks In-Out Clearing - 53RD # 6242;Balance Sheet Account;111100;Cash on hand;Cash and cash equivalents;
11001074;ACH Out Clearing -  53RD # 6242;Balance Sheet Account;111100;Cash on hand;Cash and cash equivalents;
11001075;Outgoing Wire Clearing -53RD # 6242;Balance Sheet Account;111100;Cash on hand;Cash and cash equivalents;
11001076;Incoming ACH Receipts -53RD # 6242;Balance Sheet Account;111100;Cash on hand;Cash and cash equivalents;
11001077;Incoming Cash Deposit - 53RD # 6242;Balance Sheet Account;111100;Cash on hand;Cash and cash equivalents;
11001079;Other Clearing - 53Rd # 6242;Balance Sheet Account;111100;Cash on hand;Cash and cash equivalents;
11001080;Cash - Factoring - Cash Contra;Balance Sheet Account;111100;Cash on hand;Cash and cash equivalents;
11001100;Cash - La Gloria-Disbursements(Payroll);Balance Sheet Account;111100;Cash on hand;Cash and cash equivalents;
11001110;Delek US Flex Spending;Balance Sheet Account;111100;Cash on hand;Cash and cash equivalents;
11001120;Main Bank GL Account -  53RD # 9498;Balance Sheet Account;111100;Cash on hand;Cash and cash equivalents;
11001121;ZBA Clearing Account -53RD # 9498;Balance Sheet Account;111100;Cash on hand;Cash and cash equivalents;
11001122;Incoming Receipt Clearing - 53RD # 9498;Balance Sheet Account;111100;Cash on hand;Cash and cash equivalents;
11001123;Checks In-Out Clearing - 53RD # 9498;Balance Sheet Account;111100;Cash on hand;Cash and cash equivalents;
11001124;ACH Out Clearing - 53Rd # 9498;Balance Sheet Account;111100;Cash on hand;Cash and cash equivalents;
11001125;Outgoing Wire Clearing - 53Rd # 9498;Balance Sheet Account;111100;Cash on hand;Cash and cash equivalents;
11001126;Incoming ACH Receipts -53RD # 9498;Balance Sheet Account;111100;Cash on hand;Cash and cash equivalents;
11001127;Incoming Cash Deposit -53RD # 9498;Balance Sheet Account;111100;Cash on hand;Cash and cash equivalents;
11001129;Other Clearing - 53Rd # 9498;Balance Sheet Account;111100;Cash on hand;Cash and cash equivalents;
11002000;Main Bank GL Account - Wells # 0313;Balance Sheet Account;111100;Cash on hand;Cash and cash equivalents;
11002003;Checks In-Out Clearing -Wells # 0313;Balance Sheet Account;111100;Cash on hand;Cash and cash equivalents;
11002020;Main Bank GL Account - Wells # 3537;Balance Sheet Account;111100;Cash on hand;Cash and cash equivalents;
11002021;ZBA Clearing Account Wells # 3537;Balance Sheet Account;111100;Cash on hand;Cash and cash equivalents;
11002022;Incoming Receipt Clearing -Wells # 3537;Balance Sheet Account;111100;Cash on hand;Cash and cash equivalents;
11002023;Checks In-Out Clearing -Wells # 3537;Balance Sheet Account;111100;Cash on hand;Cash and cash equivalents;
11002024;ACH Out Clearing -  Wells # 3537;Balance Sheet Account;111100;Cash on hand;Cash and cash equivalents;
11002025;Outgoing Wire Clearing -Wells # 3537;Balance Sheet Account;111100;Cash on hand;Cash and cash equivalents;
11002026;Incoming ACH Receipts -Wells # 3537;Balance Sheet Account;111100;Cash on hand;Cash and cash equivalents;
11002027;Incoming Cash Deposit - Wells # 3537;Balance Sheet Account;111100;Cash on hand;Cash and cash equivalents;
11002029;Other Clearing - Wells # 3537;Balance Sheet Account;111100;Cash on hand;Cash and cash equivalents;
11002030;Main Bank GL Account - Wells # 2809;Balance Sheet Account;111100;Cash on hand;Cash and cash equivalents;
11002031;ZBA Clearing Account Wells # 2809;Balance Sheet Account;111100;Cash on hand;Cash and cash equivalents;
11002032;Incoming Receipt Clearing -Wells # 2809;Balance Sheet Account;111100;Cash on hand;Cash and cash equivalents;
11002033;Checks In-Out Clearing -Wells # 2809;Balance Sheet Account;111100;Cash on hand;Cash and cash equivalents;
11002034;ACH Out Clearing -  Wells # 2809;Balance Sheet Account;111100;Cash on hand;Cash and cash equivalents;
11002035;Outgoing Wire Clearing -Wells # 2809;Balance Sheet Account;111100;Cash on hand;Cash and cash equivalents;
11002036;Incoming ACH Receipts -Wells # 2809;Balance Sheet Account;111100;Cash on hand;Cash and cash equivalents;
11002037;Incoming Cash Deposit - Wells # 2809;Balance Sheet Account;111100;Cash on hand;Cash and cash equivalents;
11002039;OTHER Clearing - Wells # 2809;Balance Sheet Account;111100;Cash on hand;Cash and cash equivalents;
11002040;Main Bank GL Account - Wells # 3260;Balance Sheet Account;111100;Cash on hand;Cash and cash equivalents;
11002041;ZBA Clearing Account Wells # 3260;Balance Sheet Account;111100;Cash on hand;Cash and cash equivalents;
11002042;Incoming Receipt Clearing -Wells # 3260;Balance Sheet Account;111100;Cash on hand;Cash and cash equivalents;
11002043;Checks In-Out Clearing -Wells # 3260;Balance Sheet Account;111100;Cash on hand;Cash and cash equivalents;
11002044;ACH Out Clearing -  Wells # 3260;Balance Sheet Account;111100;Cash on hand;Cash and cash equivalents;
11002045;Outgoing Wire Clearing -Wells # 3260;Balance Sheet Account;111100;Cash on hand;Cash and cash equivalents;
11002046;Incoming ACH Receipts -Wells # 3260;Balance Sheet Account;111100;Cash on hand;Cash and cash equivalents;
11002047;Incoming Cash Deposit - Wells # 3260;Balance Sheet Account;111100;Cash on hand;Cash and cash equivalents;
11002049;Other Clearing - Wells # 3260;Balance Sheet Account;111100;Cash on hand;Cash and cash equivalents;
11002050;Main Bank GL Account - Wells # 2450;Balance Sheet Account;111100;Cash on hand;Cash and cash equivalents;
11002051;ZBA Clearing Account -Wells # 2450;Balance Sheet Account;111100;Cash on hand;Cash and cash equivalents;
11002052;Incoming Receipt Clearing -Wells # 2450;Balance Sheet Account;111100;Cash on hand;Cash and cash equivalents;
11002053;Checks In-Out Clearing -Wells # 2450;Balance Sheet Account;111100;Cash on hand;Cash and cash equivalents;
11002054;ACH Out Clearing -  Wells # 2450;Balance Sheet Account;111100;Cash on hand;Cash and cash equivalents;
11002055;Outgoing Wire Clearing -Wells # 2450;Balance Sheet Account;111100;Cash on hand;Cash and cash equivalents;
11002056;Incoming ACH Receipts -Wells # 2450;Balance Sheet Account;111100;Cash on hand;Cash and cash equivalents;
11002057;Incoming Cash Deposit - Wells # 2450;Balance Sheet Account;111100;Cash on hand;Cash and cash equivalents;
11002059;Other Clearing - Wells # 2450;Balance Sheet Account;111100;Cash on hand;Cash and cash equivalents;
11002060;Main Bank GL Account - Wells # 5909;Balance Sheet Account;111100;Cash on hand;Cash and cash equivalents;
11002061;ZBA Clearing Account - Wells # 5909;Balance Sheet Account;111100;Cash on hand;Cash and cash equivalents;
11002062;Incoming Receipt Clearing -Wells # 5909;Balance Sheet Account;111100;Cash on hand;Cash and cash equivalents;
11002063;Checks In-Out Clearing - Wells # 5909;Balance Sheet Account;111100;Cash on hand;Cash and cash equivalents;
11002064;ACH Out Clearing -  Wells # 5909;Balance Sheet Account;111100;Cash on hand;Cash and cash equivalents;
11002065;Outgoing Wire Clearing -Wells # 5909;Balance Sheet Account;111100;Cash on hand;Cash and cash equivalents;
11002066;Incoming ACH Receipts -Wells # 5909;Balance Sheet Account;111100;Cash on hand;Cash and cash equivalents;
11002067;Incoming Cash Deposit - Wells # 5909;Balance Sheet Account;111100;Cash on hand;Cash and cash equivalents;
11002069;Other Clearing - Wells # 5909;Balance Sheet Account;111100;Cash on hand;Cash and cash equivalents;
11002070;Main Bank GL Account - Wells # 2833;Balance Sheet Account;111100;Cash on hand;Cash and cash equivalents;
11002071;ZBA Clearing Account Wells # 2833;Balance Sheet Account;111100;Cash on hand;Cash and cash equivalents;
11002072;Incoming Receipt Clearing -Wells # 2833;Balance Sheet Account;111100;Cash on hand;Cash and cash equivalents;
11002073;Checks In-Out Clearing -Wells # 2833;Balance Sheet Account;111100;Cash on hand;Cash and cash equivalents;
11002074;ACH Out Clearing -  Wells # 2833;Balance Sheet Account;111100;Cash on hand;Cash and cash equivalents;
11002075;Outgoing Wire Clearing -Wells # 2833;Balance Sheet Account;111100;Cash on hand;Cash and cash equivalents;
11002076;Incoming ACH Receipts -Wells # 2833;Balance Sheet Account;111100;Cash on hand;Cash and cash equivalents;
11002077;Incoming Cash Deposit - Wells # 2833;Balance Sheet Account;111100;Cash on hand;Cash and cash equivalents;
11002079;Other Clearing - Wells # 2833;Balance Sheet Account;111100;Cash on hand;Cash and cash equivalents;
11002120;Main Bank GL Account - Wells # 9249;Balance Sheet Account;111100;Cash on hand;Cash and cash equivalents;
11002121;ZBA Clearing Account - Wells # 9249;Balance Sheet Account;111100;Cash on hand;Cash and cash equivalents;
11002122;Incoming Receipt Clearing -Wells # 9249;Balance Sheet Account;111100;Cash on hand;Cash and cash equivalents;
11002123;Checks In-Out Clearing - Wells # 9249;Balance Sheet Account;111100;Cash on hand;Cash and cash equivalents;
11002124;ACH Out Clearing -  Wells # 9249;Balance Sheet Account;111100;Cash on hand;Cash and cash equivalents;
11002125;Outgoing Wire Clearing -  Wells # 9249;Balance Sheet Account;111100;Cash on hand;Cash and cash equivalents;
11002126;Incoming ACH Receipts - Wells # 9249;Balance Sheet Account;111100;Cash on hand;Cash and cash equivalents;
11002127;Incoming Cash Deposit - Wells # 9249;Balance Sheet Account;111100;Cash on hand;Cash and cash equivalents;
11002129;Other Clearing - Wells # 9249;Balance Sheet Account;111100;Cash on hand;Cash and cash equivalents;
11002130;Main Bank GL Account - Wells # 9830;Balance Sheet Account;111100;Cash on hand;Cash and cash equivalents;
11002131;ZBA Clearing Account Wells # 9830;Balance Sheet Account;111100;Cash on hand;Cash and cash equivalents;
11002132;Incoming Receipt Clearing -Wells # 9830;Balance Sheet Account;111100;Cash on hand;Cash and cash equivalents;
11002133;Checks In-Out Clearing -Wells # 9830;Balance Sheet Account;111100;Cash on hand;Cash and cash equivalents;
11002134;ACH Out Clearing -  Wells # 9830;Balance Sheet Account;111100;Cash on hand;Cash and cash equivalents;
11002135;Outgoing Wire Clearing -Wells # 9830;Balance Sheet Account;111100;Cash on hand;Cash and cash equivalents;
11002136;Incoming ACH Receipts -Wells # 9830;Balance Sheet Account;111100;Cash on hand;Cash and cash equivalents;
11002137;Incoming Cash Deposit - Wells # 9830;Balance Sheet Account;111100;Cash on hand;Cash and cash equivalents;
11002139;Other Clearing - Wells # 9830;Balance Sheet Account;111100;Cash on hand;Cash and cash equivalents;
11002200;Main Bank GL Account - Wells # 3278;Balance Sheet Account;111100;Cash on hand;Cash and cash equivalents;
11002203;Checks In-Out Clearing -Wells # 3278;Balance Sheet Account;111100;Cash on hand;Cash and cash equivalents;
11002240;Main Bank GL Account - Wells # 9848;Balance Sheet Account;111100;Cash on hand;Cash and cash equivalents;
11002241;ZBA Clearing Account -Wells # 9848;Balance Sheet Account;111100;Cash on hand;Cash and cash equivalents;
11002242;Incoming Receipt Clearing -Wells # 9848;Balance Sheet Account;111100;Cash on hand;Cash and cash equivalents;
11002243;Checks In-Out Clearing -Wells # 9848;Balance Sheet Account;111100;Cash on hand;Cash and cash equivalents;
11002244;ACH Out Clearing -  Wells # 9848;Balance Sheet Account;111100;Cash on hand;Cash and cash equivalents;
11002245;Outgoing Wire Clearing -Wells # 9848;Balance Sheet Account;111100;Cash on hand;Cash and cash equivalents;
11002246;Incoming ACH Receipts -Wells # 9848;Balance Sheet Account;111100;Cash on hand;Cash and cash equivalents;
11002247;Incoming Cash Deposit - Wells # 9848;Balance Sheet Account;111100;Cash on hand;Cash and cash equivalents;
11002249;Other Clearing - Wells # 9848;Balance Sheet Account;111100;Cash on hand;Cash and cash equivalents;
11002260;Main Bank GL Account - Wells # 7895;Balance Sheet Account;111100;Cash on hand;Cash and cash equivalents;
11002261;ZBA Clearing Account Wells # 7895;Balance Sheet Account;111100;Cash on hand;Cash and cash equivalents;
11002262;Incoming Receipt Clearing -Wells # 7895;Balance Sheet Account;111100;Cash on hand;Cash and cash equivalents;
11002263;Checks In-Out Clearing -Wells # 7895;Balance Sheet Account;111100;Cash on hand;Cash and cash equivalents;
11002264;ACH Out Clearing -  Wells # 7895;Balance Sheet Account;111100;Cash on hand;Cash and cash equivalents;
11002265;Outgoing Wire Clearing -Wells # 7895;Balance Sheet Account;111100;Cash on hand;Cash and cash equivalents;
11002266;Incoming ACH Receipts -Wells # 7895;Balance Sheet Account;111100;Cash on hand;Cash and cash equivalents;
11002267;Incoming Cash Deposit - Wells # 7895;Balance Sheet Account;111100;Cash on hand;Cash and cash equivalents;
11002269;Other Clearing - Wells # 7895;Balance Sheet Account;111100;Cash on hand;Cash and cash equivalents;
11002280;Main Bank GL Account - Wells # 7929;Balance Sheet Account;111100;Cash on hand;Cash and cash equivalents;
11002281;ZBA Clearing Account Wells # 7929;Balance Sheet Account;111100;Cash on hand;Cash and cash equivalents;
11002282;Incoming Receipt Clearing -Wells # 7929;Balance Sheet Account;111100;Cash on hand;Cash and cash equivalents;
11002283;Checks In-Out Clearing -Wells # 7929;Balance Sheet Account;111100;Cash on hand;Cash and cash equivalents;
11002284;ACH Out Clearing -  Wells # 7929;Balance Sheet Account;111100;Cash on hand;Cash and cash equivalents;
11002285;Outgoing Wire Clearing -Wells # 7929;Balance Sheet Account;111100;Cash on hand;Cash and cash equivalents;
11002286;Incoming ACH Receipts -Wells # 7929;Balance Sheet Account;111100;Cash on hand;Cash and cash equivalents;
11002287;Incoming Cash Deposit - Wells # 7929;Balance Sheet Account;111100;Cash on hand;Cash and cash equivalents;
11002289;Other Clearing - Wells # 7929;Balance Sheet Account;111100;Cash on hand;Cash and cash equivalents;
11002290;Main Bank GL Account - Wells # 7911;Balance Sheet Account;111100;Cash on hand;Cash and cash equivalents;
11002291;ZBA Clearing Account -Wells # 7911;Balance Sheet Account;111100;Cash on hand;Cash and cash equivalents;
11002292;Incoming Receipt Clearing -Wells # 7911;Balance Sheet Account;111100;Cash on hand;Cash and cash equivalents;
11002293;Checks In-Out Clearing -Wells # 7911;Balance Sheet Account;111100;Cash on hand;Cash and cash equivalents;
11002294;ACH Out Clearing -  Wells # 7911;Balance Sheet Account;111100;Cash on hand;Cash and cash equivalents;
11002295;Outgoing Wire Clearing -Wells # 7911;Balance Sheet Account;111100;Cash on hand;Cash and cash equivalents;
11002296;Incoming ACH Receipts -Wells # 7911;Balance Sheet Account;111100;Cash on hand;Cash and cash equivalents;
11002297;Incoming Cash Deposit - Wells # 7911;Balance Sheet Account;111100;Cash on hand;Cash and cash equivalents;
11002299;Other Clearing - Wells # 7911;Balance Sheet Account;111100;Cash on hand;Cash and cash equivalents;
11002310;Main Bank GL Account - Wells #2515;Balance Sheet Account;111100;Cash on hand;Cash and cash equivalents;
11002311;ZBA Clearing Account -Wells #2515;Balance Sheet Account;111100;Cash on hand;Cash and cash equivalents;
11002312;Incoming Receipt Clearing - Wells #2515;Balance Sheet Account;111100;Cash on hand;Cash and cash equivalents;
11002313;Checks In-Out Clearing - Wells #2515;Balance Sheet Account;111100;Cash on hand;Cash and cash equivalents;
11002314;ACH Out Clearing - Wells #2515;Balance Sheet Account;111100;Cash on hand;Cash and cash equivalents;
11002315;Outgoing Wire Clearing - Wells #2515;Balance Sheet Account;111100;Cash on hand;Cash and cash equivalents;
11002316;Incoming ACH Receipts - Wells #2515;Balance Sheet Account;111100;Cash on hand;Cash and cash equivalents;
11002317;Incoming Cash Deposit -Wells #2515;Balance Sheet Account;111100;Cash on hand;Cash and cash equivalents;
11002319;Other Clearing - Wells #2515;Balance Sheet Account;111100;Cash on hand;Cash and cash equivalents;
11002320;Main Bank GL Account - Wells # 7241;Balance Sheet Account;111100;Cash on hand;Cash and cash equivalents;
11002321;ZBA Clearing Account Wells # 7241;Balance Sheet Account;111100;Cash on hand;Cash and cash equivalents;
11002322;Incoming Receipt Clearing -Wells # 7241;Balance Sheet Account;111100;Cash on hand;Cash and cash equivalents;
11002323;Checks In-Out Clearing -Wells # 7241;Balance Sheet Account;111100;Cash on hand;Cash and cash equivalents;
11002324;ACH Out Clearing -  Wells # 7241;Balance Sheet Account;111100;Cash on hand;Cash and cash equivalents;
11002325;Outgoing Wire Clearing -Wells # 7241;Balance Sheet Account;111100;Cash on hand;Cash and cash equivalents;
11002326;Incoming ACH Receipts -Wells # 7241;Balance Sheet Account;111100;Cash on hand;Cash and cash equivalents;
11002327;Incoming Cash Deposit - Wells # 7241;Balance Sheet Account;111100;Cash on hand;Cash and cash equivalents;
11002329;OTHER Clearing - Wells # 7241;Balance Sheet Account;111100;Cash on hand;Cash and cash equivalents;
11002345;Outgoing Wire Clearing -Wells # 5897;Balance Sheet Account;111100;Cash on hand;Cash and cash equivalents;
11002400;Main Bank GL Account - Wells #5647;Balance Sheet Account;111100;Cash on hand;Cash and cash equivalents;
11002402;Incoming Receipt Clearing -Wells #5647;Balance Sheet Account;111100;Cash on hand;Cash and cash equivalents;
11002405;Outgoing Wire Clearing -Wells # 5647;Balance Sheet Account;111100;Cash on hand;Cash and cash equivalents;
11002406;Incoming Receipt Clearing -Wells #5647;Balance Sheet Account;111100;Cash on hand;Cash and cash equivalents;
11002410;Main Bank GL Account - Wells #6469;Balance Sheet Account;111100;Cash on hand;Cash and cash equivalents;
11002412;Incoming Receipt Clearing - Wells #6469;Balance Sheet Account;111100;Cash on hand;Cash and cash equivalents;
11002416;Incoming ACH Receipts - Wells #6469;Balance Sheet Account;111100;Cash on hand;Cash and cash equivalents;
11002419;OTHER Clearing - Wells #6469;Balance Sheet Account;111100;Cash on hand;Cash and cash equivalents;
11003000;Main Bank GL Account - Weststar # 3859;Balance Sheet Account;111100;Cash on hand;Cash and cash equivalents;
11003001;ZBA Clearing Account -Weststar # 3859;Balance Sheet Account;111100;Cash on hand;Cash and cash equivalents;
11003002;Incoming Receipt Clearing -Weststar # 3859;Balance Sheet Account;111100;Cash on hand;Cash and cash equivalents;
11003003;Checks In-Out Clearing -Weststar # 3859;Balance Sheet Account;111100;Cash on hand;Cash and cash equivalents;
11003004;ACH Out Clearing - Weststar # 3859;Balance Sheet Account;111100;Cash on hand;Cash and cash equivalents;
11003005;Outgoing Wire Clearing - Weststar # 3859;Balance Sheet Account;111100;Cash on hand;Cash and cash equivalents;
11003006;Incoming ACH Receipts -Weststar # 3859;Balance Sheet Account;111100;Cash on hand;Cash and cash equivalents;
11003007;Incoming Cash Deposit -Weststar # 3859;Balance Sheet Account;111100;Cash on hand;Cash and cash equivalents;
11003009;Other Clearing -Weststar # 3859;Balance Sheet Account;111100;Cash on hand;Cash and cash equivalents;
11003500;Main Bank GL Account - BancFirst # 4143;Balance Sheet Account;111100;Cash on hand;Cash and cash equivalents;
11003501;ZBA Clearing Account -BancFirst # 4143;Balance Sheet Account;111100;Cash on hand;Cash and cash equivalents;
11003502;Incoming Receipt Clearing -BancFirst # 4143;Balance Sheet Account;111100;Cash on hand;Cash and cash equivalents;
11003503;Checks In-Out Clearing -BancFirst # 4143;Balance Sheet Account;111100;Cash on hand;Cash and cash equivalents;
11003504;ACH Out Clearing - BancFirst # 4143;Balance Sheet Account;111100;Cash on hand;Cash and cash equivalents;
11003505;Outgoing Wire Clearing - BancFirst # 4143;Balance Sheet Account;111100;Cash on hand;Cash and cash equivalents;
11003506;Incoming ACH Receipts -BancFirst # 4143;Balance Sheet Account;111100;Cash on hand;Cash and cash equivalents;
11003507;Incoming Cash Deposit -BancFirst # 4143;Balance Sheet Account;111100;Cash on hand;Cash and cash equivalents;
11003509;Other Clearing -Bancfirst # 4143;Balance Sheet Account;111100;Cash on hand;Cash and cash equivalents;
11003510;Main Bank GL Account - BancFirst # 4286;Balance Sheet Account;111100;Cash on hand;Cash and cash equivalents;
11003511;ZBA Clearing Account -BancFirst # 4286;Balance Sheet Account;111100;Cash on hand;Cash and cash equivalents;
11003512;Incoming Receipt Clearing -BancFirst # 4286;Balance Sheet Account;111100;Cash on hand;Cash and cash equivalents;
11003513;Checks In-Out Clearing -BancFirst # 4286;Balance Sheet Account;111100;Cash on hand;Cash and cash equivalents;
11003514;ACH Out Clearing - BancFirst # 4286;Balance Sheet Account;111100;Cash on hand;Cash and cash equivalents;
11003515;Outgoing Wire Clearing - BancFirst # 4286;Balance Sheet Account;111100;Cash on hand;Cash and cash equivalents;
11003516;Incoming ACH Receipts -BancFirst # 4286;Balance Sheet Account;111100;Cash on hand;Cash and cash equivalents;
11003517;Incoming Cash Deposit -BancFirst # 4286;Balance Sheet Account;111100;Cash on hand;Cash and cash equivalents;
11003519;Other Clearing -Bancfirst # 4286;Balance Sheet Account;111100;Cash on hand;Cash and cash equivalents;
11003520;Main Bank GL Account - BancFirst # 4275;Balance Sheet Account;111100;Cash on hand;Cash and cash equivalents;
11003521;ZBA Clearing Account -BancFirst # 4286;Balance Sheet Account;111100;Cash on hand;Cash and cash equivalents;
11003522;Incoming Receipt Clearing -BancFirst # 4275;Balance Sheet Account;111100;Cash on hand;Cash and cash equivalents;
11003523;Checks In-Out Clearing -BancFirst # 4275;Balance Sheet Account;111100;Cash on hand;Cash and cash equivalents;
11003524;ACH Out Clearing - BancFirst # 4275;Balance Sheet Account;111100;Cash on hand;Cash and cash equivalents;
11003525;Outgoing Wire Clearing - BancFirst # 4275;Balance Sheet Account;111100;Cash on hand;Cash and cash equivalents;
11003526;Incoming ACH Receipts -BancFirst # 4275;Balance Sheet Account;111100;Cash on hand;Cash and cash equivalents;
11003527;Incoming Cash Deposit -BancFirst # 4275;Balance Sheet Account;111100;Cash on hand;Cash and cash equivalents;
11003529;Other Clearing -Bancfirst # 4275;Balance Sheet Account;111100;Cash on hand;Cash and cash equivalents;
11003530;Main Bank GL Account - BancFirst # 4264;Balance Sheet Account;111100;Cash on hand;Cash and cash equivalents;
11003531;ZBA Clearing Account -BancFirst # 4264;Balance Sheet Account;111100;Cash on hand;Cash and cash equivalents;
11003532;Incoming Receipt Clearing -BancFirst # 4264;Balance Sheet Account;111100;Cash on hand;Cash and cash equivalents;
11003533;Checks In-Out Clearing -BancFirst # 4264;Balance Sheet Account;111100;Cash on hand;Cash and cash equivalents;
11003534;ACH Out Clearing - BancFirst # 4264;Balance Sheet Account;111100;Cash on hand;Cash and cash equivalents;
11003535;Outgoing Wire Clearing - BancFirst # 4264;Balance Sheet Account;111100;Cash on hand;Cash and cash equivalents;
11003536;Incoming ACH Receipts -BancFirst # 4264;Balance Sheet Account;111100;Cash on hand;Cash and cash equivalents;
11003537;Incoming Cash Deposit -BancFirst # 4264;Balance Sheet Account;111100;Cash on hand;Cash and cash equivalents;
11003539;Other Clearing -Bancfirst # 4264;Balance Sheet Account;111100;Cash on hand;Cash and cash equivalents;
11004000;Main Bank GL Account - First Financial # 1014;Balance Sheet Account;111100;Cash on hand;Cash and cash equivalents;
11004001;ZBA Clearing Account -First Financial # 1014;Balance Sheet Account;111100;Cash on hand;Cash and cash equivalents;
11004002;Incoming Receipt Clearing - First Financial # 1014;Balance Sheet Account;111100;Cash on hand;Cash and cash equivalents;
11004003;Checks In-Out Clearing - First Financial # 1014;Balance Sheet Account;111100;Cash on hand;Cash and cash equivalents;
11004004;ACH Out Clearing - First Financial # 1014;Balance Sheet Account;111100;Cash on hand;Cash and cash equivalents;
11004005;Outgoing Wire Clearing - First Financial # 1014;Balance Sheet Account;111100;Cash on hand;Cash and cash equivalents;
11004006;Incoming ACH Receipts -First Financial # 1014;Balance Sheet Account;111100;Cash on hand;Cash and cash equivalents;
11004007;Incoming Cash Deposit -First Financial # 1014;Balance Sheet Account;111100;Cash on hand;Cash and cash equivalents;
11004009;Other Clearing - First Financial # 1014;Balance Sheet Account;111100;Cash on hand;Cash and cash equivalents;
11004030;Main Bank GL Account Cadence #2363;Balance Sheet Account;111100;Cash on hand;Cash and cash equivalents;
11004040;Main Bank GL Account Cadence #2371;Balance Sheet Account;111100;Cash on hand;Cash and cash equivalents;
11004050;Main Bank GL Account - Origin #7899;Balance Sheet Account;111100;Cash on hand;Cash and cash equivalents;
11004051;ZBA Clearing Account - Origin #7899;Balance Sheet Account;111100;Cash on hand;Cash and cash equivalents;
11004052;Incoming Receipt Clearing - Origin #7899;Balance Sheet Account;111100;Cash on hand;Cash and cash equivalents;
11004053;Checks In/Out Clearing - Origin #7899;Balance Sheet Account;111100;Cash on hand;Cash and cash equivalents;
11004054;ACH Out Clearing - Origin #7899;Balance Sheet Account;111100;Cash on hand;Cash and cash equivalents;
11004055;Outgoing Wire Clearing - Origin #7899;Balance Sheet Account;111100;Cash on hand;Cash and cash equivalents;
11004056;Incoming ACH Receipts - Origin #7899;Balance Sheet Account;111100;Cash on hand;Cash and cash equivalents;
11004057;Incoming Cash Deposit - Origin #7899;Balance Sheet Account;111100;Cash on hand;Cash and cash equivalents;
11004059;Other Clearing - Origin #7899;Balance Sheet Account;111100;Cash on hand;Cash and cash equivalents;
11004060;Main Bank GL Account - Origin #6304;Balance Sheet Account;111100;Cash on hand;Cash and cash equivalents;
11004061;ZBA Clearing Account - Origin #6304;Balance Sheet Account;111100;Cash on hand;Cash and cash equivalents;
11004062;Incoming Receipt Clearing - Origin #6304;Balance Sheet Account;111100;Cash on hand;Cash and cash equivalents;
11004063;Checks In/Out Clearing - Origin #6304;Balance Sheet Account;111100;Cash on hand;Cash and cash equivalents;
11004064;ACH Out Clearing - Origin #6304;Balance Sheet Account;111100;Cash on hand;Cash and cash equivalents;
11004065;Outgoing Wire Clearing - Origin #6304;Balance Sheet Account;111100;Cash on hand;Cash and cash equivalents;
11004066;Incoming ACH Receipts - Origin #6304;Balance Sheet Account;111100;Cash on hand;Cash and cash equivalents;
11004067;Incoming Cash Deposit - Origin #6304;Balance Sheet Account;111100;Cash on hand;Cash and cash equivalents;
11004069;Other Clearing - Origin #6304;Balance Sheet Account;111100;Cash on hand;Cash and cash equivalents;
11004070;Main Bank GL Account - Origin #8732;Balance Sheet Account;111100;Cash on hand;Cash and cash equivalents;
11004071;ZBA Clearing Account - Origin #8732;Balance Sheet Account;111100;Cash on hand;Cash and cash equivalents;
11004072;Incoming Receipt Clearing - Origin #8732;Balance Sheet Account;111100;Cash on hand;Cash and cash equivalents;
11004073;Checks In/Out Clearing - Origin #8732;Balance Sheet Account;111100;Cash on hand;Cash and cash equivalents;
11004074;ACH Out Clearing - Origin #8732;Balance Sheet Account;111100;Cash on hand;Cash and cash equivalents;
11004075;Outgoing Wire Clearing - Origin #8732;Balance Sheet Account;111100;Cash on hand;Cash and cash equivalents;
11004076;Incoming ACH Receipts - Origin #8732;Balance Sheet Account;111100;Cash on hand;Cash and cash equivalents;
11004077;Incoming Cash Deposit - Origin #8732;Balance Sheet Account;111100;Cash on hand;Cash and cash equivalents;
11004079;Other Clearing - Origin #8732;Balance Sheet Account;111100;Cash on hand;Cash and cash equivalents;
11004500;Main Bank GL Account - City National # 8712;Balance Sheet Account;111100;Cash on hand;Cash and cash equivalents;
11004501;ZBA Clearing Account -City National # 8712;Balance Sheet Account;111100;Cash on hand;Cash and cash equivalents;
11004502;Incoming Receipt Clearing - City National # 8712;Balance Sheet Account;111100;Cash on hand;Cash and cash equivalents;
11004503;Checks In-Out Clearing - City National # 8712;Balance Sheet Account;111100;Cash on hand;Cash and cash equivalents;
11004504;ACH Out Clearing - City National # 8712;Balance Sheet Account;111100;Cash on hand;Cash and cash equivalents;
11004505;Outgoing Wire Clearing - City National # 8712;Balance Sheet Account;111100;Cash on hand;Cash and cash equivalents;
11004506;Incoming ACH Receipts -City National # 8712;Balance Sheet Account;111100;Cash on hand;Cash and cash equivalents;
11004507;Incoming Cash Deposit -City National # 8712;Balance Sheet Account;111100;Cash on hand;Cash and cash equivalents;
11004509;Other Clearing - City National # 8712;Balance Sheet Account;111100;Cash on hand;Cash and cash equivalents;
11004510;Main Bank GL Account - City National # 6501;Balance Sheet Account;111100;Cash on hand;Cash and cash equivalents;
11004511;ZBA Clearing Account -City National # 6501;Balance Sheet Account;111100;Cash on hand;Cash and cash equivalents;
11004512;Incoming Receipt Clearing - City National # 6501;Balance Sheet Account;111100;Cash on hand;Cash and cash equivalents;
11004513;Checks In-Out Clearing -City National # 6501;Balance Sheet Account;111100;Cash on hand;Cash and cash equivalents;
11004514;ACH Out Clearing - City National # 6501;Balance Sheet Account;111100;Cash on hand;Cash and cash equivalents;
11004515;Outgoing Wire Clearing - City National # 6501;Balance Sheet Account;111100;Cash on hand;Cash and cash equivalents;
11004516;Incoming ACH Receipts -City National # 6501;Balance Sheet Account;111100;Cash on hand;Cash and cash equivalents;
11004517;Incoming Cash Deposit -City National # 6501;Balance Sheet Account;111100;Cash on hand;Cash and cash equivalents;
11004519;Other Clearing - City National # 6501;Balance Sheet Account;111100;Cash on hand;Cash and cash equivalents;
11005000;Main Bank GL Account - First National # 0505;Balance Sheet Account;111100;Cash on hand;Cash and cash equivalents;
11005001;ZBA Clearing Account -First National # 0505;Balance Sheet Account;111100;Cash on hand;Cash and cash equivalents;
11005002;Incoming Receipt Clearing - First National # 0505;Balance Sheet Account;111100;Cash on hand;Cash and cash equivalents;
11005003;Checks In-Out Clearing - First National # 0505;Balance Sheet Account;111100;Cash on hand;Cash and cash equivalents;
11005004;ACH Out Clearing - First National # 0505;Balance Sheet Account;111100;Cash on hand;Cash and cash equivalents;
11005005;Outgoing Wire Clearing - First National # 0505;Balance Sheet Account;111100;Cash on hand;Cash and cash equivalents;
11005006;Incoming ACH Receipts -First National # 0505;Balance Sheet Account;111100;Cash on hand;Cash and cash equivalents;
11005007;Incoming Cash Deposit -First National # 0505;Balance Sheet Account;111100;Cash on hand;Cash and cash equivalents;
11005009;Other Clearing - First National # 0505;Balance Sheet Account;111100;Cash on hand;Cash and cash equivalents;
11005010;Main Bank GL Account - First National # 0876;Balance Sheet Account;111100;Cash on hand;Cash and cash equivalents;
11005011;ZBA Clearing Account -First National # 0876;Balance Sheet Account;111100;Cash on hand;Cash and cash equivalents;
11005012;Incoming Receipt Clearing - First National # 0876;Balance Sheet Account;111100;Cash on hand;Cash and cash equivalents;
11005013;Checks In-Out Clearing -First National # 0876;Balance Sheet Account;111100;Cash on hand;Cash and cash equivalents;
11005014;ACH Out Clearing - First National # 0876;Balance Sheet Account;111100;Cash on hand;Cash and cash equivalents;
11005015;Outgoing Wire Clearing - First National # 0876;Balance Sheet Account;111100;Cash on hand;Cash and cash equivalents;
11005016;Incoming ACH Receipts -First National # 0876;Balance Sheet Account;111100;Cash on hand;Cash and cash equivalents;
11005017;Incoming Cash Deposit -First National # 0876;Balance Sheet Account;111100;Cash on hand;Cash and cash equivalents;
11005019;Other Clearing - First National # 0876;Balance Sheet Account;111100;Cash on hand;Cash and cash equivalents;
11005020;Main Bank GL Account - First National # 7597;Balance Sheet Account;111100;Cash on hand;Cash and cash equivalents;
11005021;ZBA Clearing Account -First National # 7597;Balance Sheet Account;111100;Cash on hand;Cash and cash equivalents;
11005022;Incoming Receipt Clearing - First National # 7597;Balance Sheet Account;111100;Cash on hand;Cash and cash equivalents;
11005023;Checks In-Out Clearing - First National # 7597;Balance Sheet Account;111100;Cash on hand;Cash and cash equivalents;
11005024;ACH Out Clearing - First National # 7597;Balance Sheet Account;111100;Cash on hand;Cash and cash equivalents;
11005025;Outgoing Wire Clearing - First National #7597;Balance Sheet Account;111100;Cash on hand;Cash and cash equivalents;
11005026;Incoming ACH Receipts -First National # 7597;Balance Sheet Account;111100;Cash on hand;Cash and cash equivalents;
11005027;Incoming Cash Deposit -First National #7597;Balance Sheet Account;111100;Cash on hand;Cash and cash equivalents;
11005029;Other Clearing - First National # 7597;Balance Sheet Account;111100;Cash on hand;Cash and cash equivalents;
11005500;Main Bank GL Account - Texas Heritage # 8230;Balance Sheet Account;111100;Cash on hand;Cash and cash equivalents;
11005501;ZBA Clearing Account -Texas Heritage # 8230;Balance Sheet Account;111100;Cash on hand;Cash and cash equivalents;
11005502;Incoming Receipt Clearing - Texas Heritage # 8230;Balance Sheet Account;111100;Cash on hand;Cash and cash equivalents;
11005503;Checks In-Out Clearing -Texas Heritage # 8230;Balance Sheet Account;111100;Cash on hand;Cash and cash equivalents;
11005504;ACH Out Clearing - Texas Heritage # 8230;Balance Sheet Account;111100;Cash on hand;Cash and cash equivalents;
11005505;Outgoing Wire Clearing - Texas Heritage # 8230;Balance Sheet Account;111100;Cash on hand;Cash and cash equivalents;
11005506;Incoming ACH Receipts -Texas Heritage # 8230;Balance Sheet Account;111100;Cash on hand;Cash and cash equivalents;
11005507;Incoming Cash Deposit -Texas Heritage # 8230;Balance Sheet Account;111100;Cash on hand;Cash and cash equivalents;
11005509;Other Clearing - Texas Heritage # 8230;Balance Sheet Account;111100;Cash on hand;Cash and cash equivalents;
11005600;Main Bank GL Account - Prosperity # 0216;Balance Sheet Account;111100;Cash on hand;Cash and cash equivalents;
11005601;ZBA Clearing Account -Prosperity # 0216;Balance Sheet Account;111100;Cash on hand;Cash and cash equivalents;
11005602;Incoming Receipt Clearing - Prosperity # 0216;Balance Sheet Account;111100;Cash on hand;Cash and cash equivalents;
11005603;Checks In-Out Clearing - Prosperity # 0216;Balance Sheet Account;111100;Cash on hand;Cash and cash equivalents;
11005604;ACH Out Clearing - Prosperity # 0216;Balance Sheet Account;111100;Cash on hand;Cash and cash equivalents;
11005605;Outgoing Wire Clearing - Prosperity # 0216;Balance Sheet Account;111100;Cash on hand;Cash and cash equivalents;
11005606;Incoming ACH Receipts -Prosperity # 0216;Balance Sheet Account;111100;Cash on hand;Cash and cash equivalents;
11005607;Incoming Cash Deposit -Prosperity # 0216;Balance Sheet Account;111100;Cash on hand;Cash and cash equivalents;
11005609;Other Clearing - Prosperity # 0216;Balance Sheet Account;111100;Cash on hand;Cash and cash equivalents;
11005610;Main Bank GL Account - Prosperity # 2944;Balance Sheet Account;111100;Cash on hand;Cash and cash equivalents;
11005611;ZBA Clearing Account -Prosperity # 2944;Balance Sheet Account;111100;Cash on hand;Cash and cash equivalents;
11005612;Incoming Receipt Clearing -Prosperity # 2944;Balance Sheet Account;111100;Cash on hand;Cash and cash equivalents;
11005613;Checks In-Out Clearing -Prosperity # 2944;Balance Sheet Account;111100;Cash on hand;Cash and cash equivalents;
11005614;ACH Out Clearing - Prosperity # 2944;Balance Sheet Account;111100;Cash on hand;Cash and cash equivalents;
11005615;Outgoing Wire Clearing - Prosperity # 2944;Balance Sheet Account;111100;Cash on hand;Cash and cash equivalents;
11005616;Incoming ACH Receipts -Prosperity # 2944;Balance Sheet Account;111100;Cash on hand;Cash and cash equivalents;
11005617;Incoming Cash Deposit -Prosperity # 2944;Balance Sheet Account;111100;Cash on hand;Cash and cash equivalents;
11005619;Other Clearing -Prosperity # 2944;Balance Sheet Account;111100;Cash on hand;Cash and cash equivalents;
11005700;Main Bank GL Account - Brady # 3549;Balance Sheet Account;111100;Cash on hand;Cash and cash equivalents;
11005701;ZBA Clearing Account -Brady # 3549;Balance Sheet Account;111100;Cash on hand;Cash and cash equivalents;
11005702;Incoming Receipt Clearing - Brady # 3549;Balance Sheet Account;111100;Cash on hand;Cash and cash equivalents;
11005703;Checks In-Out Clearing - Brady # 3549;Balance Sheet Account;111100;Cash on hand;Cash and cash equivalents;
11005704;ACH Out Clearing - Brady # 3549;Balance Sheet Account;111100;Cash on hand;Cash and cash equivalents;
11005705;Outgoing Wire Clearing - Brady # 3549;Balance Sheet Account;111100;Cash on hand;Cash and cash equivalents;
11005706;Incoming ACH Receipts -Brady # 3549;Balance Sheet Account;111100;Cash on hand;Cash and cash equivalents;
11005707;Incoming Cash Deposit -Brady # 3549;Balance Sheet Account;111100;Cash on hand;Cash and cash equivalents;
11005709;Other Clearing - Brady # 3549;Balance Sheet Account;111100;Cash on hand;Cash and cash equivalents;
11005800;Main Bank GL Account - Bank&Trust # 3287;Balance Sheet Account;111100;Cash on hand;Cash and cash equivalents;
11005801;ZBA Clearing Account -Bank&Trust # 3287;Balance Sheet Account;111100;Cash on hand;Cash and cash equivalents;
11005802;Incoming Receipt Clearing - Bank&Trust # 3287;Balance Sheet Account;111100;Cash on hand;Cash and cash equivalents;
11005803;Checks In-Out Clearing -Bank&Trust # 3287;Balance Sheet Account;111100;Cash on hand;Cash and cash equivalents;
11005804;ACH Out Clearing - Bank&Trust # 3287;Balance Sheet Account;111100;Cash on hand;Cash and cash equivalents;
11005805;Outgoing Wire Clearing - Bank&Trust # 3287;Balance Sheet Account;111100;Cash on hand;Cash and cash equivalents;
11005806;Incoming ACH Receipts -Bank&Trust # 3287;Balance Sheet Account;111100;Cash on hand;Cash and cash equivalents;
11005807;Incoming Cash Deposit -Bank&Trust # 3287;Balance Sheet Account;111100;Cash on hand;Cash and cash equivalents;
11005809;Other Clearing - Bank&Trust # 3287;Balance Sheet Account;111100;Cash on hand;Cash and cash equivalents;
11006000;Main Bank GL Account - Waggoner # 0901;Balance Sheet Account;111100;Cash on hand;Cash and cash equivalents;
11006001;ZBA Clearing Account -Waggoner # 0901;Balance Sheet Account;111100;Cash on hand;Cash and cash equivalents;
11006002;Incoming Receipt Clearing -Waggoner # 0901;Balance Sheet Account;111100;Cash on hand;Cash and cash equivalents;
11006003;Checks In-Out Clearing -Waggoner # 0901;Balance Sheet Account;111100;Cash on hand;Cash and cash equivalents;
11006004;ACH Out Clearing - Waggoner # 0901;Balance Sheet Account;111100;Cash on hand;Cash and cash equivalents;
11006005;Outgoing Wire Clearing - Waggoner # 0901;Balance Sheet Account;111100;Cash on hand;Cash and cash equivalents;
11006006;Incoming ACH Receipts -Waggoner # 0901;Balance Sheet Account;111100;Cash on hand;Cash and cash equivalents;
11006007;Incoming Cash Deposit -Waggoner # 0901;Balance Sheet Account;111100;Cash on hand;Cash and cash equivalents;
11006009;Other Clearing -Waggoner # 0901;Balance Sheet Account;111100;Cash on hand;Cash and cash equivalents;
11006100;Main Bank GL Account - Bank of West # 9917;Balance Sheet Account;111100;Cash on hand;Cash and cash equivalents;
11006101;ZBA Clearing Account -Bank of West # 9917;Balance Sheet Account;111100;Cash on hand;Cash and cash equivalents;
11006102;Incoming Receipt Clearing -Bank of West # 9917;Balance Sheet Account;111100;Cash on hand;Cash and cash equivalents;
11006103;Checks In-Out Clearing -Bank Of West # 9917;Balance Sheet Account;111100;Cash on hand;Cash and cash equivalents;
11006104;ACH Out Clearing - Bank of West # 9917;Balance Sheet Account;111100;Cash on hand;Cash and cash equivalents;
11006105;Outgoing Wire Clearing - Bank Of West # 9917;Balance Sheet Account;111100;Cash on hand;Cash and cash equivalents;
11006106;Incoming ACH Receipts -Bank of West # 9917;Balance Sheet Account;111100;Cash on hand;Cash and cash equivalents;
11006107;Incoming Cash Deposit -Bank of West # 9917;Balance Sheet Account;111100;Cash on hand;Cash and cash equivalents;
11006109;Other Clearing - Bank Of West # 9917;Balance Sheet Account;111100;Cash on hand;Cash and cash equivalents;
11006200;Main Bank GL Account - Truist # 3832;Balance Sheet Account;111100;Cash on hand;Cash and cash equivalents;
11006201;ZBA Clearing Account Truist # 3832;Balance Sheet Account;111100;Cash on hand;Cash and cash equivalents;
11006202;Incoming Receipt Clearing -Truist # 3832;Balance Sheet Account;111100;Cash on hand;Cash and cash equivalents;
11006203;Checks In-Out Clearing -Truist # 3832;Balance Sheet Account;111100;Cash on hand;Cash and cash equivalents;
11006204;ACH Out Clearing -  Truist # 3832;Balance Sheet Account;111100;Cash on hand;Cash and cash equivalents;
11006205;Outgoing Wire Clearing -Truist # 3832;Balance Sheet Account;111100;Cash on hand;Cash and cash equivalents;
11006206;Incoming ACH Receipts -Truist # 3832;Balance Sheet Account;111100;Cash on hand;Cash and cash equivalents;
11006207;Incoming cash Deposit - Truist # 3832;Balance Sheet Account;111100;Cash on hand;Cash and cash equivalents;
11006209;OTHER Clearing - Truist # 3832;Balance Sheet Account;111100;Cash on hand;Cash and cash equivalents;
11006300;Main Bank GL Account - BoA #9577;Balance Sheet Account;111100;Cash on hand;Cash and cash equivalents;
11006301;ZBA Clearing Account - BoA #9577;Balance Sheet Account;111100;Cash on hand;Cash and cash equivalents;
11006302;Incoming Receipt Clearing - BoA #9577;Balance Sheet Account;111100;Cash on hand;Cash and cash equivalents;
11006303;Checks In-Out Clearing - BoA #9577;Balance Sheet Account;111100;Cash on hand;Cash and cash equivalents;
11006306;Incoming ACH Receipts - BoA #9577;Balance Sheet Account;111100;Cash on hand;Cash and cash equivalents;
11006307;Incoming Cash Deposit - BoA #9577;Balance Sheet Account;111100;Cash on hand;Cash and cash equivalents;
11006309;Other Clear-BoA#9577;Balance Sheet Account;111100;Cash on hand;Cash and cash equivalents;
11006310;Main Bank GL Account - BoA #3287;Balance Sheet Account;111100;Cash on hand;Cash and cash equivalents;
11006311;ZBA Clearing Account - BoA #3287;Balance Sheet Account;111100;Cash on hand;Cash and cash equivalents;
11006313;Checks In-Out Clearing - BoA #3287;Balance Sheet Account;111100;Cash on hand;Cash and cash equivalents;
11006314;ACH Out Clearing - BoA #3287;Balance Sheet Account;111100;Cash on hand;Cash and cash equivalents;
11006315;Outgoing Wire Clearing - BoA #3287;Balance Sheet Account;111100;Cash on hand;Cash and cash equivalents;
11006320;Main Bank GL Account - BoA #9564;Balance Sheet Account;111100;Cash on hand;Cash and cash equivalents;
11006321;ZBA Clearing Account - BOA #9564;Balance Sheet Account;111100;Cash on hand;Cash and cash equivalents;
11006322;Incoming Receipt Clearing - BOA # 9564;Balance Sheet Account;111100;Cash on hand;Cash and cash equivalents;
11006323;Check In/Out Clearing - BOA #9564;Balance Sheet Account;111100;Cash on hand;Cash and cash equivalents;
11006324;ACH Out Clearing - BOA #9564;Balance Sheet Account;111100;Cash on hand;Cash and cash equivalents;
11006325;Outgoing Wire Clearing - BOA #9564;Balance Sheet Account;111100;Cash on hand;Cash and cash equivalents;
11006326;Incoming ACH Receipts - BOA 9564;Balance Sheet Account;111100;Cash on hand;Cash and cash equivalents;
11006327;Incoming Cash Deposit - BOA #9564;Balance Sheet Account;111100;Cash on hand;Cash and cash equivalents;
11006328;Coupa Virtual Card Pay - BOA #9564;Balance Sheet Account;111100;Cash on hand;Cash and cash equivalents;
11006329;Other Clearing - BOA #9564;Balance Sheet Account;111100;Cash on hand;Cash and cash equivalents;
11006600;Main Bank GL Account - United Business # 3250;Balance Sheet Account;111100;Cash on hand;Cash and cash equivalents;
11006601;ZBA Clearing Account -United Business # 3250;Balance Sheet Account;111100;Cash on hand;Cash and cash equivalents;
11006602;Incoming Receipt Clearing -United Business # 3250;Balance Sheet Account;111100;Cash on hand;Cash and cash equivalents;
11006603;Checks In-Out Clearing -United Business # 3250;Balance Sheet Account;111100;Cash on hand;Cash and cash equivalents;
11006604;ACH Out Clearing - United Business # 3250;Balance Sheet Account;111100;Cash on hand;Cash and cash equivalents;
11006605;Outgoing Wire Clearing - United Business # 3250;Balance Sheet Account;111100;Cash on hand;Cash and cash equivalents;
11006606;Incoming ACH Receipts -United Business # 3250;Balance Sheet Account;111100;Cash on hand;Cash and cash equivalents;
11006607;Incoming Cash Deposit -United Business # 3250;Balance Sheet Account;111100;Cash on hand;Cash and cash equivalents;
11006609;Other Clearing -United Business # 3250;Balance Sheet Account;111100;Cash on hand;Cash and cash equivalents;
11007020;Main Bank GL Account - Bank Leumi # 8618;Balance Sheet Account;111100;Cash on hand;Cash and cash equivalents;
11007021;ZBA Clearing Account - Bank Leumi # 8618;Balance Sheet Account;111100;Cash on hand;Cash and cash equivalents;
11007022;Incoming Receipt Clearing - Bank Leumi # 8618;Balance Sheet Account;111100;Cash on hand;Cash and cash equivalents;
11007023;Checks In-Out Clearing - Bank Leumi # 8618;Balance Sheet Account;111100;Cash on hand;Cash and cash equivalents;
11007024;ACH Out Clearing -  Bank Leumi # 8618;Balance Sheet Account;111100;Cash on hand;Cash and cash equivalents;
11007025;Outgoing Wire Clearing -  Bank Leumi # 8618;Balance Sheet Account;111100;Cash on hand;Cash and cash equivalents;
11007026;Incoming ACH Receipts - Bank Leumi # 8618;Balance Sheet Account;111100;Cash on hand;Cash and cash equivalents;
11007027;Incoming Cash Deposit - Bank Leumi # 8618;Balance Sheet Account;111100;Cash on hand;Cash and cash equivalents;
11007029;Other Clearing - Bank Leumi # 8618;Balance Sheet Account;111100;Cash on hand;Cash and cash equivalents;
11007030;Main Bank GL Account Leumi #2600;Balance Sheet Account;111100;Cash on hand;Cash and cash equivalents;
11007031;ZBA Clearing Account -Leumi #2600;Balance Sheet Account;111100;Cash on hand;Cash and cash equivalents;
11007032;Incoming Receipt Clearing - Leumi #2600;Balance Sheet Account;111100;Cash on hand;Cash and cash equivalents;
11007033;Checks In-Out Clearing - Leumi #2600;Balance Sheet Account;111100;Cash on hand;Cash and cash equivalents;
11007034;ACH Out Clearing - Leumi #2600;Balance Sheet Account;111100;Cash on hand;Cash and cash equivalents;
11007035;Outgoing Wire Clearing - Leumi #2600;Balance Sheet Account;111100;Cash on hand;Cash and cash equivalents;
11007036;Incoming ACH Receipts - Leumi #2600;Balance Sheet Account;111100;Cash on hand;Cash and cash equivalents;
11007037;Incoming Cash Deposit -Leumi #2600;Balance Sheet Account;111100;Cash on hand;Cash and cash equivalents;
11007039;Other Clearing - Leumi #2600;Balance Sheet Account;111100;Cash on hand;Cash and cash equivalents;
11007500;Cash - Frost Operating -03261;Balance Sheet Account;111100;Cash on hand;Cash and cash equivalents;
11007510;Cash - Frost Odessa -66855;Balance Sheet Account;111100;Cash on hand;Cash and cash equivalents;
11007520;Main Bank GL Account - National Bank # 2237;Balance Sheet Account;111100;Cash on hand;Cash and cash equivalents;
11007521;ZBA Clearing Account -National Bank # 2237;Balance Sheet Account;111100;Cash on hand;Cash and cash equivalents;
11007522;Incoming Receipt Clearing -National Bank # 2237;Balance Sheet Account;111100;Cash on hand;Cash and cash equivalents;
11007523;Checks In-Out Clearing -National Bank # 2237;Balance Sheet Account;111100;Cash on hand;Cash and cash equivalents;
11007524;ACH Out Clearing - National Bank # 2237;Balance Sheet Account;111100;Cash on hand;Cash and cash equivalents;
11007525;Outgoing Wire Clearing - National Bank # 2237;Balance Sheet Account;111100;Cash on hand;Cash and cash equivalents;
11007526;Incoming ACH Receipts -National Bank # 2237;Balance Sheet Account;111100;Cash on hand;Cash and cash equivalents;
11007527;Incoming Cash Deposit -National Bank # 2237;Balance Sheet Account;111100;Cash on hand;Cash and cash equivalents;
11007529;Other Clearing -National Bank # 2237;Balance Sheet Account;111100;Cash on hand;Cash and cash equivalents;
11008030;Main Bank GL Account - Hapoalim # 3347;Balance Sheet Account;111100;Cash on hand;Cash and cash equivalents;
11008031;ZBA Clearing Account -Hapoalim # 3347;Balance Sheet Account;111100;Cash on hand;Cash and cash equivalents;
11008032;Incoming Receipt Clearing -Hapoalim # 3347;Balance Sheet Account;111100;Cash on hand;Cash and cash equivalents;
11008033;Checks In-Out Clearing - Hapoalim # 3347;Balance Sheet Account;111100;Cash on hand;Cash and cash equivalents;
11008034;ACH Out Clearing -  Hapoalim # 3347;Balance Sheet Account;111100;Cash on hand;Cash and cash equivalents;
11008035;Outgoing Wire Clearing -Hapoalim # 3347;Balance Sheet Account;111100;Cash on hand;Cash and cash equivalents;
11008036;Incoming ACH Receipts -Hapoalim # 3347;Balance Sheet Account;111100;Cash on hand;Cash and cash equivalents;
11008037;Incoming Cash Deposit - Hapoalim # 3347;Balance Sheet Account;111100;Cash on hand;Cash and cash equivalents;
11008039;Other Clearing - HAPoalim # 3347;Balance Sheet Account;111100;Cash on hand;Cash and cash equivalents;
11008060;Main Bank GL Account - Hapoalim #7584;Balance Sheet Account;111100;Cash on hand;Cash and cash equivalents;
11008100;Main Bank GL Account - Valley #4601;Balance Sheet Account;111100;Cash on hand;Cash and cash equivalents;
11008101;ZBA Clearing Account - Valley #4601;Balance Sheet Account;111100;Cash on hand;Cash and cash equivalents;
11008102;Incoming Receipt Clearing - Valley #4601;Balance Sheet Account;111100;Cash on hand;Cash and cash equivalents;
11008103;Checks In-Out Clearing - Valley #4601;Balance Sheet Account;111100;Cash on hand;Cash and cash equivalents;
11008104;ACH Out Clearing - Valley #4601;Balance Sheet Account;111100;Cash on hand;Cash and cash equivalents;
11008105;Outgoing Wire Clearing - Valley #4601;Balance Sheet Account;111100;Cash on hand;Cash and cash equivalents;
11008106;Incoming ACH Receipts - Valley #4601;Balance Sheet Account;111100;Cash on hand;Cash and cash equivalents;
11008107;Incoming Cash Deposit - Valley #4601;Balance Sheet Account;111100;Cash on hand;Cash and cash equivalents;
11008109;Other Clearing - Valley #4601;Balance Sheet Account;111100;Cash on hand;Cash and cash equivalents;
11008200;Main Bank GL Account Citizen #9967;Balance Sheet Account;111100;Cash on hand;Cash and cash equivalents;
11008201;ZBA Clearing Account -Citizen #9967;Balance Sheet Account;111100;Cash on hand;Cash and cash equivalents;
11008202;Incoming Receipt Clearing - Citizen #9967;Balance Sheet Account;111100;Cash on hand;Cash and cash equivalents;
11008203;Checks In-Out Clearing - Citizen #9967;Balance Sheet Account;111100;Cash on hand;Cash and cash equivalents;
11008204;ACH Out Clearing - Citizen #9967;Balance Sheet Account;111100;Cash on hand;Cash and cash equivalents;
11008205;Outgoing Wire Clearing - Citizen #9967;Balance Sheet Account;111100;Cash on hand;Cash and cash equivalents;
11008206;Incoming ACH Receipts -Citizen #9967;Balance Sheet Account;111100;Cash on hand;Cash and cash equivalents;
11008207;Incoming Cash Deposit -Citizen #9967;Balance Sheet Account;111100;Cash on hand;Cash and cash equivalents;
11008209;OTHER Clearing - Citizen #9967;Balance Sheet Account;111100;Cash on hand;Cash and cash equivalents;
11008210;Cash - US Bank (Escrow) - 55431;Balance Sheet Account;111100;Cash on hand;Cash and cash equivalents;
11008240;IDB Energy;Balance Sheet Account;111100;Cash on hand;Cash and cash equivalents;
11008300;Main Bank GL Account -  PNC # 2683;Balance Sheet Account;111100;Cash on hand;Cash and cash equivalents;
11008301;ZBA Clearing Account -Pnc # 2683;Balance Sheet Account;111100;Cash on hand;Cash and cash equivalents;
11008302;Incoming Receipt Clearing - Pnc # 2683;Balance Sheet Account;111100;Cash on hand;Cash and cash equivalents;
11008303;Checks In-Out Clearing - Pnc # 2683;Balance Sheet Account;111100;Cash on hand;Cash and cash equivalents;
11008304;ACH Out Clearing - Pnc # 2683;Balance Sheet Account;111100;Cash on hand;Cash and cash equivalents;
11008305;Outgoing Wire Clearing - Pnc # 2683;Balance Sheet Account;111100;Cash on hand;Cash and cash equivalents;
11008306;Incoming ACH Receipts -Pnc # 2683;Balance Sheet Account;111100;Cash on hand;Cash and cash equivalents;
11008307;Incoming Cash Deposit -Pnc # 2683;Balance Sheet Account;111100;Cash on hand;Cash and cash equivalents;
11008309;Other Clearing - Pnc # 2683;Balance Sheet Account;111100;Cash on hand;Cash and cash equivalents;
11008400;Main Bank GL Account -  IDB #9077;Balance Sheet Account;111100;Cash on hand;Cash and cash equivalents;
11008401;ZBA Clearing Account -IDB #9077;Balance Sheet Account;111100;Cash on hand;Cash and cash equivalents;
11008402;Incoming Receipt Clearing - IDB #9077;Balance Sheet Account;111100;Cash on hand;Cash and cash equivalents;
11008403;Checks In-Out Clearing - Idb #9077;Balance Sheet Account;111100;Cash on hand;Cash and cash equivalents;
11008404;ACH Out Clearing - Idb #9077;Balance Sheet Account;111100;Cash on hand;Cash and cash equivalents;
11008405;Outgoing Wire Clearing - IDB #9077;Balance Sheet Account;111100;Cash on hand;Cash and cash equivalents;
11008406;Incoming ACH Receipts -IDB #9077;Balance Sheet Account;111100;Cash on hand;Cash and cash equivalents;
11008407;Incoming Cash Deposit -IDB #9077;Balance Sheet Account;111100;Cash on hand;Cash and cash equivalents;
11008409;Other Clearing - Idb #9077;Balance Sheet Account;111100;Cash on hand;Cash and cash equivalents;
11008500;Cash - Barclays -91551;Balance Sheet Account;111100;Cash on hand;Cash and cash equivalents;
11008501;Cash-Barclays (DKL);Balance Sheet Account;111100;Cash on hand;Cash and cash equivalents;
11008600;Main Bank GL Account - Reliant #6307;Balance Sheet Account;111100;Cash on hand;Cash and cash equivalents;
11008601;ZBA Clearing Account - Reliant #6307;Balance Sheet Account;111100;Cash on hand;Cash and cash equivalents;
11008602;Incoming Receipt Clearing - Reliant #6307;Balance Sheet Account;111100;Cash on hand;Cash and cash equivalents;
11008603;Checks In-Out Clearing - Reliant #6307;Balance Sheet Account;111100;Cash on hand;Cash and cash equivalents;
11008604;ACH Out Clearing - Reliant #6307;Balance Sheet Account;111100;Cash on hand;Cash and cash equivalents;
11008605;Outgoing Wire Clearing - Reliant #6307;Balance Sheet Account;111100;Cash on hand;Cash and cash equivalents;
11008606;Incoming ACH Receipts - Reliant #6307;Balance Sheet Account;111100;Cash on hand;Cash and cash equivalents;
11008607;Incoming Cash Deposit - Reliant #6307;Balance Sheet Account;111100;Cash on hand;Cash and cash equivalents;
11008609;Other Clearing - Reliant #6307;Balance Sheet Account;111100;Cash on hand;Cash and cash equivalents;
11008700;Money Mkt First Tenn 62971;Balance Sheet Account;111100;Cash on hand;Cash and cash equivalents;
11008710;Main Bank GL Account - First Horizon #2644;Balance Sheet Account;111100;Cash on hand;Cash and cash equivalents;
11008711;ZBA Clearing Account - First Horizon #2644;Balance Sheet Account;111100;Cash on hand;Cash and cash equivalents;
11008712;Incoming Receipt Clearing - First Horizon #2644;Balance Sheet Account;111100;Cash on hand;Cash and cash equivalents;
11008713;Checks In-Out Clearing - First Horizon #2644;Balance Sheet Account;111100;Cash on hand;Cash and cash equivalents;
11008714;ACH Out Clearing - First Horizon #2644;Balance Sheet Account;111100;Cash on hand;Cash and cash equivalents;
11008715;Outgoing Wire Clearing - First Horizon #2644;Balance Sheet Account;111100;Cash on hand;Cash and cash equivalents;
11008716;Incoming ACH Receipts - First Horizon #2644;Balance Sheet Account;111100;Cash on hand;Cash and cash equivalents;
11008717;Incoming Cash Deposit -First Horizon #2644;Balance Sheet Account;111100;Cash on hand;Cash and cash equivalents;
11008719;Other Clearing - First Horizon #2644;Balance Sheet Account;111100;Cash on hand;Cash and cash equivalents;
11008720;Main Bank GL Account - MUFG Bank, Ltd #4324;Balance Sheet Account;111100;Cash on hand;Cash and cash equivalents;
11008722;Incoming Receipt Clearing - MUFG #4324;Balance Sheet Account;111100;Cash on hand;Cash and cash equivalents;
11008725;Outgoing Wire Clearing - MUFG #4324;Balance Sheet Account;111100;Cash on hand;Cash and cash equivalents;
11008800;Money Mkt - PNC - 36047;Balance Sheet Account;111100;Cash on hand;Cash and cash equivalents;
11008910;Store Change Funds;Balance Sheet Account;111100;Cash on hand;Cash and cash equivalents;
11008911;Outstanding checks-Alon;Balance Sheet Account;111100;Cash on hand;Cash and cash equivalents;
11008912;Outstanding checks-KSR;Balance Sheet Account;111100;Cash on hand;Cash and cash equivalents;
11008913;Outstanding checks-SCS Operating;Balance Sheet Account;111100;Cash on hand;Cash and cash equivalents;
11008950;SCS WNB Payroll;Balance Sheet Account;111100;Cash on hand;Cash and cash equivalents;
11008951;SCS WNB Midland;Balance Sheet Account;111100;Cash on hand;Cash and cash equivalents;
11009000;Main Bank GL Account - BOM # 2891;Balance Sheet Account;111100;Cash on hand;Cash and cash equivalents;
11009001;ZBA Clearing Account -BOM # 2891;Balance Sheet Account;111100;Cash on hand;Cash and cash equivalents;
11009002;Incoming Receipt Clearing -BOM # 2891;Balance Sheet Account;111100;Cash on hand;Cash and cash equivalents;
11009003;Checks In-Out Clearing -Bom # 2891;Balance Sheet Account;111100;Cash on hand;Cash and cash equivalents;
11009004;ACH Out Clearing -  BOM # 2891;Balance Sheet Account;111100;Cash on hand;Cash and cash equivalents;
11009005;Outgoing Wire Clearing -BOM # 2891;Balance Sheet Account;111100;Cash on hand;Cash and cash equivalents;
11009006;Incoming ACH Receipts -BOM # 2891;Balance Sheet Account;111100;Cash on hand;Cash and cash equivalents;
11009007;Incoming Cash Deposit - BOM # 2891;Balance Sheet Account;111100;Cash on hand;Cash and cash equivalents;
11009009;Other Clearing - Bom # 2891;Balance Sheet Account;111100;Cash on hand;Cash and cash equivalents;
11009010;Main Bank GL Account - BOM # 0442;Balance Sheet Account;111100;Cash on hand;Cash and cash equivalents;
11009011;ZBA Clearing Account BOM # 0442;Balance Sheet Account;111100;Cash on hand;Cash and cash equivalents;
11009012;Incoming Receipt Clearing -BOM # 0442;Balance Sheet Account;111100;Cash on hand;Cash and cash equivalents;
11009013;Checks In-Out Clearing -Bom # 0442;Balance Sheet Account;111100;Cash on hand;Cash and cash equivalents;
11009014;ACH Out Clearing -  BOM # 0442;Balance Sheet Account;111100;Cash on hand;Cash and cash equivalents;
11009015;Outgoing Wire Clearing -BOM # 0442;Balance Sheet Account;111100;Cash on hand;Cash and cash equivalents;
11009016;Incoming ACH Receipts -BOM # 0442;Balance Sheet Account;111100;Cash on hand;Cash and cash equivalents;
11009017;Incoming Cash Deposit - BOM # 0442;Balance Sheet Account;111100;Cash on hand;Cash and cash equivalents;
11009019;Other Clearing - Bom # 0442;Balance Sheet Account;111100;Cash on hand;Cash and cash equivalents;
11009991;Sweeps & ZBA Suspense Clearing;Balance Sheet Account;111100;Cash on hand;Cash and cash equivalents;
11009993;Free Form Wire Suspense;Balance Sheet Account;111100;Cash on hand;Cash and cash equivalents;
11009994;ILS Bank Mig. Clea 1;Balance Sheet Account;111100;Cash on hand;Cash and cash equivalents;
11009995;Cash Clearing - Suspense;Balance Sheet Account;111100;Cash on hand;Cash and cash equivalents;
11009996;CAD Bank Migration Clearing 1;Balance Sheet Account;111100;Cash on hand;Cash and cash equivalents;
11009997;CAD Bank Migration Clearing 2;Balance Sheet Account;111100;Cash on hand;Cash and cash equivalents;
11009998;Unallocated Cash Clearing;Balance Sheet Account;111100;Cash on hand;Cash and cash equivalents;
11009999;Payment Request Clearing Account;Balance Sheet Account;111100;Cash on hand;Cash and cash equivalents;
12100000;Receivables Domestic;Balance Sheet Account;121100;Trade receivables, Gross;Accounts receivable, net;
12100001;Receivables Domestic-HB 12100000;Balance Sheet Account;121100;Trade receivables, Gross;Accounts receivable, net;
12100010;A/R-Exchange;Balance Sheet Account;121100;Trade receivables, Gross;Accounts receivable, net;
12100011;A/R-EXCHANGE-HB 12100010;Balance Sheet Account;121100;Trade receivables, Gross;Accounts receivable, net;
12100020;A/R - Light Oil;Balance Sheet Account;121100;Trade receivables, Gross;Accounts receivable, net;
12100021;A/R - LIGHT OIL-HB 12100020;Balance Sheet Account;121100;Trade receivables, Gross;Accounts receivable, net;
12100030;A/R - Bonded;Balance Sheet Account;121100;Trade receivables, Gross;Accounts receivable, net;
12100031;A/R - BONDED-HB 12100030;Balance Sheet Account;121100;Trade receivables, Gross;Accounts receivable, net;
12100040;A/R - Related Party;Balance Sheet Account;121140;Trade receivables, Gross, Related Party;Accounts receivable from related parties;
12100041;A/R - RELATED PARTY-HB 12100040;Balance Sheet Account;121140;Trade receivables, Gross, Related Party;Accounts receivable from related parties;
12100050;A/R - Related Party Manual;Balance Sheet Account;121140;Trade receivables, Gross, Related Party;Accounts receivable from related parties;
12102000;Receivables Domestic Adjustments;Balance Sheet Account;121100;Trade receivables, Gross;Accounts receivable, net;
12102010;A/R - Lottery;Balance Sheet Account;121100;Trade receivables, Gross;Accounts receivable, net;
12102020;A/R - Credit Card;Balance Sheet Account;121100;Trade receivables, Gross;Accounts receivable, net;
12102030;A/R - Fuel Wholesale;Balance Sheet Account;121100;Trade receivables, Gross;Accounts receivable, net;
12102040;Federal Tax Receivable;Balance Sheet Account;121800;Other receivables, Current, Gross;Accounts receivable, net;
12102050;A/R - Other;Balance Sheet Account;121100;Trade receivables, Gross;Accounts receivable, net;
12102060;Bad Debt Reserve / Allowance For Uncoll. Accts.;Balance Sheet Account;121190;Trade receivables, Allowance;Accounts receivable, net;
12102070;A/R Crude J Aron;Balance Sheet Account;121100;Trade receivables, Gross;Accounts receivable, net;
12102080;A/R - Crude Oil (J Aron);Balance Sheet Account;121100;Trade receivables, Gross;Accounts receivable, net;
12102090;J. Aron Crude Clearing;Balance Sheet Account;121100;Trade receivables, Gross;Accounts receivable, net;
12102100;A/R - Clearing;Balance Sheet Account;121100;Trade receivables, Gross;Accounts receivable, net;
12102105;PDI - AR Control;Balance Sheet Account;121100;Trade receivables, Gross;Accounts receivable, net;
12102110;A/R - Employees Manual;Balance Sheet Account;121100;Trade receivables, Gross;Accounts receivable, net;
12102120;A/R - State Tax Receivable;Balance Sheet Account;121100;Trade receivables, Gross;Accounts receivable, net;
12102130;A/R - Chargeback;Balance Sheet Account;121100;Trade receivables, Gross;Accounts receivable, net;
12102140;A/R - Food Delivery Receivables;Balance Sheet Account;121100;Trade receivables, Gross;Accounts receivable, net;
12102150;A/R - Hedging;Balance Sheet Account;121100;Trade receivables, Gross;Accounts receivable, net;
12102160;Other Down Payments Made Current Assets;Balance Sheet Account;121800;Other receivables, Current, Gross;Accounts receivable, net;
12102170;A/R - Delek WC Receivable from OXXO;Balance Sheet Account;121100;Trade receivables, Gross;Accounts receivable, net;
12102200;Subrogatable Insurance Receivable;Balance Sheet Account;121800;Other receivables, Current, Gross;Accounts receivable, net;
12300000;A/R - Intercompany Recon;Balance Sheet Account;121150;Trade receivables, Gross, Intercompany;Accounts receivable - intercompany;
12300001;Receivables affiliated Companies-HB 12300000;Balance Sheet Account;121150;Trade receivables, Gross, Intercompany;Accounts receivable - intercompany;
12302000;A/R – Intercompany Manual;Balance Sheet Account;121150;Trade receivables, Gross, Intercompany;Accounts receivable - intercompany;
12302100;A/R - Intercompany Income Tax;Balance Sheet Account;121150;Trade receivables, Gross, Intercompany;Accounts receivable - intercompany;
12303000;Receivables vs affil. Companies (no recon acct);Balance Sheet Account;121150;Trade receivables, Gross, Intercompany;Accounts receivable - intercompany;
12304000;A/R - Rebate;Balance Sheet Account;121100;Trade receivables, Gross;Accounts receivable, net;
12307000;A/R - Intracompany;Balance Sheet Account;121150;Trade receivables, Gross, Intercompany;Accounts receivable - intercompany;
12308000;A/R - Intracompany Manual;Balance Sheet Account;121150;Trade receivables, Gross, Intercompany;Accounts receivable - intercompany;
12403000;Interest Receivable - Intercompany;Balance Sheet Account;121950;Accrued interests on receivables, Intercompany;Other current assets;
12500000;Interest Receivables;Balance Sheet Account;121900;Accrued interests on receivables;Other current assets;
12500001;Interest Receivables - Manual;Balance Sheet Account;121900;Accrued interests on receivables;Other current assets;
12540000;Other Current Assets;Balance Sheet Account;123200;Other assets, Current;Other current assets;
12540001;PDI Forms Out-Of-Balance;Balance Sheet Account;123200;Other assets, Current;Other current assets;
12540002;PDI Forms Cash Paid-Outs;Balance Sheet Account;123200;Other assets, Current;Other current assets;
12540003;PDI Forms AR Charges/Receipts;Balance Sheet Account;123200;Other assets, Current;Other current assets;
12540004;PDI Forms Fuel Credit Cards;Balance Sheet Account;123200;Other assets, Current;Other current assets;
12540005;PDI GLDR Not-Post-By-Site;Balance Sheet Account;123200;Other assets, Current;Other current assets;
12540006;PDI GLDR Post-By-Site;Balance Sheet Account;123200;Other assets, Current;Other current assets;
12540007;PDI Unmatched Transfers;Balance Sheet Account;123200;Other assets, Current;Other current assets;
12541000;Prepaid Tax Asset-Current;Balance Sheet Account;123100;Prepaid expenses;Other current assets;
12544000;Grants Receivable - Carbon Capture Project;Balance Sheet Account;123200;Other assets, Current;Other current assets;
12550000;Collateral Position Goldman Sachs;Balance Sheet Account;123200;Other assets, Current;Other current assets;
12560000;Collateral Fcm Macquarie;Balance Sheet Account;123200;Other assets, Current;Other current assets;
12561000;Prepaid Expenses;Balance Sheet Account;123100;Prepaid expenses;Other current assets;
12561040;Derivative Asset Short Term;Balance Sheet Account;141200;Derivatives, Current;Other current assets;
12561050;Physical Derivative Asset Short Term;Balance Sheet Account;141200;Derivatives, Current;Other current assets;
12562000;Prepaid Insurance - Short Term;Balance Sheet Account;123100;Prepaid expenses;Other current assets;
12563000;Prepaid Other;Balance Sheet Account;123100;Prepaid expenses;Other current assets;
12564000;Prepaid Rins;Balance Sheet Account;123100;Prepaid expenses;Other current assets;
12565000;Prepaids - CAPtive Funds;Balance Sheet Account;123100;Prepaid expenses;Other current assets;
12566000;Notes Receivable - Current - 3rd Party;Balance Sheet Account;141400;Loans and cash advances, Current, Gross;Other current assets;
12566050;Notes Receivable – Reserve for Bad Debt (ST);Balance Sheet Account;141400;Loans and cash advances, Current, Gross;Other current assets;
12566100;Notes Receivable - Current - Intercompany;Balance Sheet Account;141450;Notes Receivable, Current, I/C;Other current assets;
12570000;Federal Income Tax Receivable;Balance Sheet Account;122100;Income tax receivables;Other current assets;
12570100;State Income Tax Receivable;Balance Sheet Account;122100;Income tax receivables;Other current assets;
12570200;Franchise Tax Receivable;Balance Sheet Account;123200;Other assets, Current;Other current assets;
12570300;Commodity Investment - COSt;Balance Sheet Account;123200;Other assets, Current;Other current assets;
12570400;Commodity Investment - Mtm;Balance Sheet Account;123200;Other assets, Current;Other current assets;
12570500;Other Current Assets - Benzene Credits;Balance Sheet Account;123200;Other assets, Current;Other current assets;
12570600;Other Current Assets - Sulfur Credits;Balance Sheet Account;123200;Other assets, Current;Other current assets;
12570700;Non-Us Income Tax Receivable;Balance Sheet Account;123200;Other assets, Current;Other current assets;
12570800;Assets Held For Sale;Balance Sheet Account;123300;Assets Held For Sale;Current assets of discontinued operations;
12570900;Vendor Down Payments;Balance Sheet Account;123200;Other assets, Current;Other current assets;
12580000;IC Lease Receivable - Short Term;Balance Sheet Account;123400;Lease Receivable, current;Lease receivable - affiliate;
12610000;Input Tax;Balance Sheet Account;123200;Other assets, Current;Other current assets;
12620000;Biodiesel Tax Credit;Balance Sheet Account;123200;Other assets, Current;Other current assets;
13100000;Inventory - Raw Material;Balance Sheet Account;131100;Raw materials;Inventories, net of inventory valuation reserves;
13100010;Inventory - Other Raw Materials;Balance Sheet Account;131100;Raw materials;Inventories, net of inventory valuation reserves;
13100050;Inv -Raw Mat -Manual;Balance Sheet Account;131100;Raw materials;Inventories, net of inventory valuation reserves;
13100090;Inventory - Revaluation Raw Material;Balance Sheet Account;131100;Raw materials;Inventories, net of inventory valuation reserves;
13200000;Inventory - Work In Progress;Balance Sheet Account;131400;Work in progress;Inventories, net of inventory valuation reserves;
13200050;Inv - WIP - Manual;Balance Sheet Account;131400;Work in progress;Inventories, net of inventory valuation reserves;
13200100;Inventory - Rins;Balance Sheet Account;131600;Other inventories;Inventories, net of inventory valuation reserves;
13200200;Inventory - Additives & Chemicals;Balance Sheet Account;131600;Other inventories;Inventories, net of inventory valuation reserves;
13200250;Inv-Add&Chem-Manual;Balance Sheet Account;131600;Other inventories;Inventories, net of inventory valuation reserves;
13200300;Inventory - Warehouse Parts And Equipment;Balance Sheet Account;131600;Other inventories;Inventories, net of inventory valuation reserves;
13200400;Inventory - Other;Balance Sheet Account;131600;Other inventories;Inventories, net of inventory valuation reserves;
13200500;Inventory Reserve - Contra Inventory Account;Balance Sheet Account;131600;Other inventories;Inventories, net of inventory valuation reserves;
13200600;Inventory - Intransit;Balance Sheet Account;131600;Other inventories;Inventories, net of inventory valuation reserves;
13200700;Inventory - 3 Bear;Balance Sheet Account;131600;Other inventories;Inventories, net of inventory valuation reserves;
13200800;Inventory - Manual;Balance Sheet Account;131600;Other inventories;Inventories, net of inventory valuation reserves;
13300000;Inventory - Semi Finished Goods;Balance Sheet Account;131400;Work in progress;Inventories, net of inventory valuation reserves;
13300050;Inv -Semi Fin-Manual;Balance Sheet Account;131400;Work in progress;Inventories, net of inventory valuation reserves;
13300100;Inventory - Feedstock;Balance Sheet Account;131100;Raw materials;Inventories, net of inventory valuation reserves;
13300900;Inventory - Revaluation Semi Finished Goods;Balance Sheet Account;131600;Other inventories;Inventories, net of inventory valuation reserves;
13400000;Inventory - Finished Goods;Balance Sheet Account;131500;Finished goods;Inventories, net of inventory valuation reserves;
13400050;Inventory - Finished Goods - Manual;Balance Sheet Account;131500;Finished goods;Inventories, net of inventory valuation reserves;
13400900;Inventory - Revaluation Finished Goods;Balance Sheet Account;131500;Finished goods;Inventories, net of inventory valuation reserves;
13408000;Inventory - Fuel Retail;Balance Sheet Account;131500;Finished goods;Inventories, net of inventory valuation reserves;
13409000;Inventory - Retail Merchandise;Balance Sheet Account;131200;Merchandise;Inventories, net of inventory valuation reserves;
13500090;Inventory Clearing;Balance Sheet Account;131600;Other inventories;Inventories, net of inventory valuation reserves;
13509100;Spare Parts Elimination;Balance Sheet Account;131600;Other inventories;Inventories, net of inventory valuation reserves;
13509200;Inventory - Initial Load;Balance Sheet Account;131600;Other inventories;Inventories, net of inventory valuation reserves;
13509500;Inventory - EAM Warehouse;Balance Sheet Account;131600;Other inventories;Inventories, net of inventory valuation reserves;
13509600;Inventory - OpEx Capitalization;Balance Sheet Account;131600;Other inventories;Inventories, net of inventory valuation reserves;
13509650;Inv-OpEx Cap -Manual;Balance Sheet Account;131600;Other inventories;Inventories, net of inventory valuation reserves;
13509700;Tax In Inventory;Balance Sheet Account;131600;Other inventories;Inventories, net of inventory valuation reserves;
14100000;Right Of Use Asset - Operating Lease;Balance Sheet Account;164500;Other intangible assets;Operating lease right-of-use assets;
14100001;LEASE INTANGIBLE RECLASS;Balance Sheet Account;164500;Other intangible assets;Operating lease right-of-use assets;
14100010;Right of Use Asset - IC Operating Lease;Balance Sheet Account;164500;Other intangible assets;Operating lease right-of-use assets;
14200000;Accum Amortization - Operating ROU;Balance Sheet Account;164500;Other intangible assets;Operating lease right-of-use assets;
14200010;Accum Amortization - IC Operating ROU;Balance Sheet Account;164500;Other intangible assets;Operating lease right-of-use assets;
16000000;Land & Land Improvements;Balance Sheet Account;161100;Lands and buildings;Property, plant, and equipment;
16000001;Land & Land Improvements-HB 16000000;Balance Sheet Account;161100;Lands and buildings;Property, plant, and equipment;
16000100;Land Improvements;Balance Sheet Account;161100;Lands and buildings;Property, plant, and equipment;
16000101;Land Improvements-HB 16000100;Balance Sheet Account;161100;Lands and buildings;Property, plant, and equipment;
16001000;Buildings;Balance Sheet Account;161100;Lands and buildings;Property, plant, and equipment;
16001001;Buildings-HB 16001000;Balance Sheet Account;161100;Lands and buildings;Property, plant, and equipment;
16002000;Machinery & Equipment;Balance Sheet Account;161500;Machinery;Property, plant, and equipment;
16002001;Machinery & Equipment-HB 16002000;Balance Sheet Account;161500;Machinery;Property, plant, and equipment;
16003000;Building Improvements;Balance Sheet Account;161100;Lands and buildings;Property, plant, and equipment;
16003001;Building Improvements-HB 16003000;Balance Sheet Account;161100;Lands and buildings;Property, plant, and equipment;
16004000;Motor Vehicles;Balance Sheet Account;161400;Vehicles;Property, plant, and equipment;
16004001;Motor Vehicles-HB 16004000;Balance Sheet Account;161400;Vehicles;Property, plant, and equipment;
16005000;Asset retirement-Office Equipment;Balance Sheet Account;161600;Other property, plant and equipment;Property, plant, and equipment;
16005001;Asset retirement-Office Equipment-HB 16005000;Balance Sheet Account;161600;Other property, plant and equipment;Property, plant, and equipment;
16006000;Furniture and Fixtures;Balance Sheet Account;161300;Office equipment;Property, plant, and equipment;
16006001;Furniture and Fixtures-HB 16006000;Balance Sheet Account;161300;Office equipment;Property, plant, and equipment;
16006100;Turnaround Ppe;Balance Sheet Account;161600;Other property, plant and equipment;Property, plant, and equipment;
16006101;Turnaround PPE-HB 16006100;Balance Sheet Account;161600;Other property, plant and equipment;Property, plant, and equipment;
16006200;C-Store Equipment;Balance Sheet Account;161600;Other property, plant and equipment;Property, plant, and equipment;
16006201;C-Store Equioment-HB 16006200;Balance Sheet Account;161600;Other property, plant and equipment;Property, plant, and equipment;
16007000;Computer Hardware and Equipment;Balance Sheet Account;161600;Other property, plant and equipment;Property, plant, and equipment;
16007001;Computer Hardware and Equipment-His- 16007000;Balance Sheet Account;161600;Other property, plant and equipment;Property, plant, and equipment;
16008000;Computer Software- Catalyst PPE;Balance Sheet Account;161600;Other property, plant and equipment;Property, plant, and equipment;
16008001;Computer Software-His 16008000;Balance Sheet Account;161600;Other property, plant and equipment;Property, plant, and equipment;
16009000;Assets under Construction;Balance Sheet Account;161200;Tangibles assets under construction;Property, plant, and equipment;
16009001;Assets under Construction-HB 16009000;Balance Sheet Account;161200;Tangibles assets under construction;Property, plant, and equipment;
16009990;Fixed Asset Non-Subledger Account;Balance Sheet Account;161600;Other property, plant and equipment;Property, plant, and equipment;
16014000;Technical Clrng Acct Integrated Asset Acquisition;Balance Sheet Account;161600;Other property, plant and equipment;Property, plant, and equipment;
16020000;Low Value Assets;Balance Sheet Account;161600;Other property, plant and equipment;Property, plant, and equipment;
16030001;IC Sales Type Lease Asset Adj;Balance Sheet Account;161600;Other property, plant and equipment;Property, plant, and equipment;
17000000;Accumulated Depreciation - Land Improvements;Balance Sheet Account;161190;Lands and buildings, Depreciation;Less: Accumulated depreciation;
17000001;Accumulated Depre - Land Improvements-HB 17000000;Balance Sheet Account;161190;Lands and buildings, Depreciation;Less: Accumulated depreciation;
17001000;Accumulated Depreciation - Buildings;Balance Sheet Account;161190;Lands and buildings, Depreciation;Less: Accumulated depreciation;
17001001;Accumulated Depreciation - Buildings-HB 17001000;Balance Sheet Account;161190;Lands and buildings, Depreciation;Less: Accumulated depreciation;
17002000;Accumulated Depreciation - Machinery & Equipment;Balance Sheet Account;161590;Machinery, Depreciation;Less: Accumulated depreciation;
17002001;Accum Depre - Machinery & Equipment-HB 17002000;Balance Sheet Account;161590;Machinery, Depreciation;Less: Accumulated depreciation;
17003000;Accumulated Depreciation - Building Improvements;Balance Sheet Account;161190;Lands and buildings, Depreciation;Less: Accumulated depreciation;
17003001;Accum Depre - Building Improvements-HB 17003000;Balance Sheet Account;161190;Lands and buildings, Depreciation;Less: Accumulated depreciation;
17004000;Accumulated Depreciation - Motor Vehicles;Balance Sheet Account;161490;Vehicles, Depreciation;Less: Accumulated depreciation;
17004001;Accumulated Depre - Motor Vehicles-HB 17004000;Balance Sheet Account;161490;Vehicles, Depreciation;Less: Accumulated depreciation;
17005000;Accumulated Depreciation - Office Equipment;Balance Sheet Account;161690;Other property, plant and equipment, Depreciation;Less: Accumulated depreciation;
17005001;Accumulated Depre - Office Equipment-HB 17005000;Balance Sheet Account;161690;Other property, plant and equipment, Depreciation;Less: Accumulated depreciation;
17006000;Accumulated Depreciation - Furniture and Fixtures;Balance Sheet Account;161390;Office equipment, Depreciation;Less: Accumulated depreciation;
17006001;Accumultd Depre - Furniture & Fixtures-HB 17006000;Balance Sheet Account;161390;Office equipment, Depreciation;Less: Accumulated depreciation;
17006100;Accumulated Depreciation - Turnaround Ppe;Balance Sheet Account;161690;Other property, plant and equipment, Depreciation;Less: Accumulated depreciation;
17006101;Accumulated Depre - Turnaround PPE-HB 17006100;Balance Sheet Account;161690;Other property, plant and equipment, Depreciation;Less: Accumulated depreciation;
17006200;Accumulated Depreciation - C-Store Equipment;Balance Sheet Account;161690;Other property, plant and equipment, Depreciation;Less: Accumulated depreciation;
17006201;Accumulated Depre - C-Store Equipment-HB 17006200;Balance Sheet Account;161690;Other property, plant and equipment, Depreciation;Less: Accumulated depreciation;
17007000;Accumulated Depreciation - Computer Hardware;Balance Sheet Account;161690;Other property, plant and equipment, Depreciation;Less: Accumulated depreciation;
17007001;Accumulated Depre - Computer Hardware-HB 17007000;Balance Sheet Account;161690;Other property, plant and equipment, Depreciation;Less: Accumulated depreciation;
17008000;Accumulated Depreciation - Catalyst Comp. Software;Balance Sheet Account;161690;Other property, plant and equipment, Depreciation;Less: Accumulated depreciation;
17008001;Accumulated Depre - Computer Software-HB 17008000;Balance Sheet Account;161690;Other property, plant and equipment, Depreciation;Less: Accumulated depreciation;
17009000;Accumul. Depreciation - Assets under Construction;Balance Sheet Account;161290;Tangible assets under construction, Impairment;Less: Accumulated depreciation;
17009001;Accumul. Depreciation- AUC- HB 17009000;Balance Sheet Account;161290;Tangible assets under construction, Impairment;Less: Accumulated depreciation;
17020000;Accumulated Depreciation - Low Value Assets;Balance Sheet Account;161690;Other property, plant and equipment, Depreciation;Less: Accumulated depreciation;
17030001;Accumulated Depreciation - IC Sales Type Lease Adj;Balance Sheet Account;161690;Other property, plant and equipment, Depreciation;Less: Accumulated depreciation;
18010020;Investment In Subs-Lion Oil (500);Balance Sheet Account;172100;Investments in subs, JV and associates, GV;Equity method investments;
18010030;Investment In Subs-Delek Refining (300);Balance Sheet Account;172100;Investments in subs, JV and associates, GV;Equity method investments;
18010040;Invest in Sub -Finance (101);Balance Sheet Account;172100;Investments in subs, JV and associates, GV;Equity method investments;
18010050;Investment in Subs-Paline;Balance Sheet Account;172100;Investments in subs, JV and associates, GV;Equity method investments;
18010070;Investment In Subs-Delek Marketing (400);Balance Sheet Account;172100;Investments in subs, JV and associates, GV;Equity method investments;
18010090;Investment In Subsidiary - Other Investments;Balance Sheet Account;172100;Investments in subs, JV and associates, GV;Equity method investments;
18010100;Investment In Subs - Delek Logistics Partner(1000);Balance Sheet Account;172100;Investments in subs, JV and associates, GV;Equity method investments;
18010110;Investment In Subsidiary - Caddo;Balance Sheet Account;172100;Investments in subs, JV and associates, GV;Equity method investments;
18010120;Investment In Subs-Delek Logistics Services (305);Balance Sheet Account;172100;Investments in subs, JV and associates, GV;Equity method investments;
18010130;Investment In Subs-Delek Renewables (310);Balance Sheet Account;172100;Investments in subs, JV and associates, GV;Equity method investments;
18010140;Investment In Subs-Dk Canada (326);Balance Sheet Account;172100;Investments in subs, JV and associates, GV;Equity method investments;
18010150;Investment In Subs-Delek Helena, Llc (104);Balance Sheet Account;172100;Investments in subs, JV and associates, GV;Equity method investments;
18010160;Investment In Subs-Commerce Way Insurance;Balance Sheet Account;172100;Investments in subs, JV and associates, GV;Equity method investments;
18010180;Investment in Subsidiary - Alon;Balance Sheet Account;172100;Investments in subs, JV and associates, GV;Equity method investments;
18010210;Investment In Subsidiary - Alon Usa Gp, Llc (2015);Balance Sheet Account;172100;Investments in subs, JV and associates, GV;Equity method investments;
18010220;Investment In Subsidiary - Alon Assets, Inc.(2033);Balance Sheet Account;172100;Investments in subs, JV and associates, GV;Equity method investments;
18010230;Investment In Sub - Alon Usa CAPital, Inc. (2034);Balance Sheet Account;172100;Investments in subs, JV and associates, GV;Equity method investments;
18010240;Investment In Subsidiary - Alon Usa, Inc. (2040);Balance Sheet Account;172100;Investments in subs, JV and associates, GV;Equity method investments;
18010250;Investment In Subsidiary - Alon Usa Energy (2020);Balance Sheet Account;172100;Investments in subs, JV and associates, GV;Equity method investments;
18010260;Investment In Subs - Alon West Coast, Llc (2049);Balance Sheet Account;172100;Investments in subs, JV and associates, GV;Equity method investments;
18010270;Investment In Subs - Alon Paramount Holdings(2041);Balance Sheet Account;172100;Investments in subs, JV and associates, GV;Equity method investments;
18010280;Investment In Subs - Sw Convenience Stores (2051);Balance Sheet Account;172100;Investments in subs, JV and associates, GV;Equity method investments;
18010290;Investment In Subsidiary - Alon Brands, Inc.(2013);Balance Sheet Account;172100;Investments in subs, JV and associates, GV;Equity method investments;
18010300;Investment In Subs - Alon Usa Holdings, Llc (2018);Balance Sheet Account;172100;Investments in subs, JV and associates, GV;Equity method investments;
18010310;Investment In Subsidiary - Alon Asphalt Co. (2076);Balance Sheet Account;172100;Investments in subs, JV and associates, GV;Equity method investments;
18010320;Investment In Subs - Delek Us Energy, Inc. (100);Balance Sheet Account;172100;Investments in subs, JV and associates, GV;Equity method investments;
18010330;Investment In Sub - Krotz Springs (2025);Balance Sheet Account;172100;Investments in subs, JV and associates, GV;Equity method investments;
18010340;Investment In Sub - Alon Usa Partners Lp (2021);Balance Sheet Account;172100;Investments in subs, JV and associates, GV;Equity method investments;
18010350;Investment In Sub - Alon Louisiana Holdings (2023);Balance Sheet Account;172100;Investments in subs, JV and associates, GV;Equity method investments;
18010360;Investment In Sub -Alon Bakersfield Holdings(2070);Balance Sheet Account;172100;Investments in subs, JV and associates, GV;Equity method investments;
18010370;Investment In Sub - Paramount Petroleum Corp(2046);Balance Sheet Account;172100;Investments in subs, JV and associates, GV;Equity method investments;
18010380;Investment In Sub - Alon Renewable Fuels(2072);Balance Sheet Account;172100;Investments in subs, JV and associates, GV;Equity method investments;
18010390;Invest in Sub - AltAir Paramount (2075);Balance Sheet Account;172100;Investments in subs, JV and associates, GV;Equity method investments;
18010400;Invest in Sub - Alon Supply (2027);Balance Sheet Account;172100;Investments in subs, JV and associates, GV;Equity method investments;
18010410;Investment In Subsidiary - Gts Licensing Co (2059);Balance Sheet Account;172100;Investments in subs, JV and associates, GV;Equity method investments;
18010420;Investment In Subsidiary - Skinny'S Llc (2063);Balance Sheet Account;172100;Investments in subs, JV and associates, GV;Equity method investments;
18010430;Investment In Subs - Alon Financial Services(2065);Balance Sheet Account;172100;Investments in subs, JV and associates, GV;Equity method investments;
18010440;Invest in Sub - Alon Bakrsfield Logist (2074);Balance Sheet Account;172100;Investments in subs, JV and associates, GV;Equity method investments;
18010450;Invest in Sub - Edgington Oil (2043);Balance Sheet Account;172100;Investments in subs, JV and associates, GV;Equity method investments;
18010460;Investment In Subs - Paramount Of Oregon Llc(2045);Balance Sheet Account;172100;Investments in subs, JV and associates, GV;Equity method investments;
18010480;Investment In Subsidiary - Alon Terminals (2028);Balance Sheet Account;172100;Investments in subs, JV and associates, GV;Equity method investments;
18010490;Inv In Sub - Alon Asphalt Bakersfield, Inc. (2037);Balance Sheet Account;172100;Investments in subs, JV and associates, GV;Equity method investments;
18010500;Investment In Subs - Paramount Of Washington(2044);Balance Sheet Account;172100;Investments in subs, JV and associates, GV;Equity method investments;
18010510;Invest in Sub - PPC Arizona (2047);Balance Sheet Account;172100;Investments in subs, JV and associates, GV;Equity method investments;
18010520;Invest in Sub - Alon Crude Pipeline (2026);Balance Sheet Account;172100;Investments in subs, JV and associates, GV;Equity method investments;
18010530;Investment In Sub -Alon Bakersfield Property(2073);Balance Sheet Account;172100;Investments in subs, JV and associates, GV;Equity method investments;
18010540;Investment In Subsidiary - Alon Usa, Lp (2010);Balance Sheet Account;172100;Investments in subs, JV and associates, GV;Equity method investments;
18010550;Investment in Subsidiary - Paramount Cgn Co;Balance Sheet Account;172100;Investments in subs, JV and associates, GV;Equity method investments;
18010560;Investment In Subs - Delek Permian Gathering (106);Balance Sheet Account;172100;Investments in subs, JV and associates, GV;Equity method investments;
18010570;Investment In Subsidiary - J. Christy (505);Balance Sheet Account;172100;Investments in subs, JV and associates, GV;Equity method investments;
18010580;Investment In Subsidiary - Lott (525);Balance Sheet Account;172100;Investments in subs, JV and associates, GV;Equity method investments;
18010590;Investment In Subsidiary - Delek Logistics Gp(315);Balance Sheet Account;172100;Investments in subs, JV and associates, GV;Equity method investments;
18010600;Investment In Subs - Alon Usa Delaware Llc (2016);Balance Sheet Account;172100;Investments in subs, JV and associates, GV;Equity method investments;
18010610;Investment In Subs - Alon Usa Gp Ii Llc (2015);Balance Sheet Account;172100;Investments in subs, JV and associates, GV;Equity method investments;
18010620;Investment In Subs - Alon Usa Refining, Llc (2030);Balance Sheet Account;172100;Investments in subs, JV and associates, GV;Equity method investments;
18010630;Investment In Subs - Alon Refining Louisiana(2024);Balance Sheet Account;172100;Investments in subs, JV and associates, GV;Equity method investments;
18010640;Investment In Sub - Dk Innovation Us, Inc (600);Balance Sheet Account;172100;Investments in subs, JV and associates, GV;Equity method investments;
18010650;Investment In Subs - Dk Innovation Israel (601);Balance Sheet Account;172100;Investments in subs, JV and associates, GV;Equity method investments;
18010660;Investment In Subs - Dk Trading & Supply,Llc (109);Balance Sheet Account;172100;Investments in subs, JV and associates, GV;Equity method investments;
18010670;Investment In Subs - Commerce Way Ins Co Inc (107);Balance Sheet Account;172100;Investments in subs, JV and associates, GV;Equity method investments;
18010680;Investment in Subs - 3 Bear Energy;Balance Sheet Account;172100;Investments in subs, JV and associates, GV;Equity method investments;
18010690;Invest in Subsidiary - DKL H2O;Balance Sheet Account;172100;Investments in subs, JV and associates, GV;Equity method investments;
18010700;Investment in Subsidiary - DKL Gravity;Balance Sheet Account;172100;Investments in subs, JV and associates, GV;Equity method investments;
18030000;Investment In Jv - Red River;Balance Sheet Account;171000;Investments accounted for using equity method;Equity method investments;
18030010;Investment In Jv - Caddo;Balance Sheet Account;171000;Investments accounted for using equity method;Equity method investments;
18030020;Investment In Jv - Rio;Balance Sheet Account;171000;Investments accounted for using equity method;Equity method investments;
18030030;Investment In Jv - Wright Asphalt;Balance Sheet Account;171000;Investments accounted for using equity method;Equity method investments;
18030050;Investment In Jv - Nlr Energy Logistics (320);Balance Sheet Account;171000;Investments accounted for using equity method;Equity method investments;
18030060;Investment In Jv - Mplx W2W Pipeline Holdings Llc;Balance Sheet Account;171000;Investments accounted for using equity method;Equity method investments;
18040000;Investment In - Mobideo Technologies;Balance Sheet Account;172200;Cost Method Investments;Other non-current assets;
18040010;Investment In - Next Gear I Ventures;Balance Sheet Account;172200;Cost Method Investments;Other non-current assets;
18040015;Investment in Next Gear II Ventures;Balance Sheet Account;172200;Cost Method Investments;Other non-current assets;
18040020;Investment In - Upstream Security, Ltd;Balance Sheet Account;172200;Cost Method Investments;Other non-current assets;
18040030;Investment In - Go-Arc Ltd.;Balance Sheet Account;172200;Cost Method Investments;Other non-current assets;
18040040;Investment In - Percepto Inc;Balance Sheet Account;172200;Cost Method Investments;Other non-current assets;
18040050;Investment In - APerio Systems;Balance Sheet Account;172200;Cost Method Investments;Other non-current assets;
18040060;Investment In - Mashgin Inc;Balance Sheet Account;172200;Cost Method Investments;Other non-current assets;
18040070;Investment In - Svante Inc;Balance Sheet Account;172200;Cost Method Investments;Other non-current assets;
18040080;Investment In - Utility Global, Inc;Balance Sheet Account;172200;Cost Method Investments;Other non-current assets;
18040090;Investment in - Aqualung Carbo;Balance Sheet Account;172200;Cost Method Investments;Other non-current assets;
18040100;Investment in - Net Zero Incubator;Balance Sheet Account;172200;Cost Method Investments;Other non-current assets;
18040110;Investment in - NuMat Technologies;Balance Sheet Account;172200;Cost Method Investments;Other non-current assets;
18040120;Investment in JV - NT Tao Ltd;Balance Sheet Account;172200;Cost Method Investments;Other non-current assets;
18040130;Inv. in - Imbuit;Balance Sheet Account;172200;Cost Method Investments;Other non-current assets;
18040140;Investment in - Dimensional Energy, Inc;Balance Sheet Account;172200;Cost Method Investments;Other non-current assets;
19320000;Intangible Assets;Balance Sheet Account;164300;Patents, trademarks and other rights;Other intangibles, net;
19320001;Intangible Assets-HB 19320000;Balance Sheet Account;164300;Patents, trademarks and other rights;Other intangibles, net;
19330000;Goodwill;Balance Sheet Account;163100;Goodwill;Goodwill;
19330001;Goodwill-HB 19330000;Balance Sheet Account;163100;Goodwill;Goodwill;
19410000;Accum. Amortization-Patents- Internal Development;Balance Sheet Account;164300;Patents, trademarks and other rights;Other intangibles, net;
19410001;Accumu amortiz - Patents-HB 19410000;Balance Sheet Account;164300;Patents, trademarks and other rights;Other intangibles, net;
19410010;Trademarks;Balance Sheet Account;164300;Patents, trademarks and other rights;Other intangibles, net;
19410020;Licenses;Balance Sheet Account;164300;Patents, trademarks and other rights;Other intangibles, net;
19410030;Contract Intangibles;Balance Sheet Account;164300;Patents, trademarks and other rights;Other intangibles, net;
19410040;Right Of Ways;Balance Sheet Account;164600;Contract Intangibles;Other intangibles, net;
19410050;Other Intangibles;Balance Sheet Account;164300;Patents, trademarks and other rights;Other intangibles, net;
19410060;Notes Receivables - Long Term - 3Rd Party;Balance Sheet Account;181100;Loans and cash advances, Non-current, Gross;Other non-current assets;
19410070;Notes Receivables - Reserve For Bad Debt (Lt);Balance Sheet Account;181190;Loans and cash advances, Non-current, Allowance;Other non-current assets;
19410080;Notes Receivables - Long Term - Intercompany;Balance Sheet Account;181150;Loans and cash adv, Non-current,Gross,Intercompany;Other non-current assets;
19410090;Right Of Use Asset - Finance Lease;Balance Sheet Account;172700;Other financial assets at amort.cost, Non-Current;Other non-current assets;
19410091;Right of Use Asset - IC Finance Lease;Balance Sheet Account;172700;Other financial assets at amort.cost, Non-Current;Other non-current assets;
19410110;Security Or Utility Deposits;Balance Sheet Account;181800;Other receivables, Non-current, Gross;Other non-current assets;
19410120;Insurance Deposit/CSV;Balance Sheet Account;183100;Other assets, Non-current;Other non-current assets;
19410130;J Aron - Long-Term;Balance Sheet Account;181800;Other receivables, Non-current, Gross;Other non-current assets;
19410140;Other Long Term Asset;Balance Sheet Account;183100;Other assets, Non-current;Other non-current assets;
19410150;Deferred Financing COSts;Balance Sheet Account;172400;Financial assets at FVPL, Non-current;Other non-current assets;
19410160;Derivative Asset Long Term;Balance Sheet Account;172300;Derivatives, Non-current;Other non-current assets;
19410170;Branded Fuel Signs/Images Advances;Balance Sheet Account;181800;Other receivables, Non-current, Gross;Other non-current assets;
19410180;Prepaid Tax Asset-NonCurrent;Balance Sheet Account;181800;Other receivables, Non-current, Gross;Other non-current assets;
19410190;Non Current - Deferred Tax Asset;Balance Sheet Account;181800;Other receivables, Non-current, Gross;Other non-current assets;
19410200;Customer Relationship-Net;Balance Sheet Account;164700;Customer Relationship Intangible Asset;Other intangibles, net;
19410240;Conversion COSts;Balance Sheet Account;183100;Other assets, Non-current;Other non-current assets;
19410250;Favorable Supply Contracts;Balance Sheet Account;164800;Favorable Contract Intangible;Other intangibles, net;
19410500;Branded Fuel Signs/Images Advances - Transfers;Balance Sheet Account;181800;Other receivables, Non-current, Gross;Other non-current assets;
19410510;Image Impovement Advances- Write-Offs;Balance Sheet Account;181800;Other receivables, Non-current, Gross;Other non-current assets;
19410520;Branded Fuel Signs/Images Advances- Billings;Balance Sheet Account;181800;Other receivables, Non-current, Gross;Other non-current assets;
19410530;Tm/Sef Additions;Balance Sheet Account;181800;Other receivables, Non-current, Gross;Other non-current assets;
19420000;Accum. Amortization -Patents- Intangible Assets;Balance Sheet Account;164390;Patents, trademarks and other rights, Amortization;Other intangibles, net;
19420001;Accumultd Amortiz - Intangible Assets-HB 19420000;Balance Sheet Account;164390;Patents, trademarks and other rights, Amortization;Other intangibles, net;
19420020;Accum Amort - Licenses;Balance Sheet Account;164390;Patents, trademarks and other rights, Amortization;Other intangibles, net;
19420030;Accum Amort - Contract Intangibles;Balance Sheet Account;164690;Contract Intangibles, Amortization;Other intangibles, net;
19420040;Accum Amort - Right of Way;Balance Sheet Account;164600;Contract Intangibles;Other intangibles, net;
19420050;Accum Amort - Customer Relationship;Balance Sheet Account;164390;Patents, trademarks and other rights, Amortization;Other intangibles, net;
19420090;Accum Amortization - Finance ROU;Balance Sheet Account;172700;Other financial assets at amort.cost, Non-Current;Other non-current assets;
19420091;Accum Amortization - IC Finance ROU;Balance Sheet Account;172700;Other financial assets at amort.cost, Non-Current;Other non-current assets;
19420200;Long Term Asset Amortization;Balance Sheet Account;183100;Other assets, Non-current;Other non-current assets;
19420210;Deferred Financing COSts Accumulated Amortization;Balance Sheet Account;172400;Financial assets at FVPL, Non-current;Other non-current assets;
19420220;Conversion COSts - Accumulated Amortization;Balance Sheet Account;183100;Other assets, Non-current;Other non-current assets;
19420250;Favorable Supply Contracts, Amort;Balance Sheet Account;164890;Favorable Contract Intangibles, Amortization;Other intangibles, net;
19510000;Federal Income Tax Receivable Non Current;Balance Sheet Account;181800;Other receivables, Non-current, Gross;Other non-current assets;
19520000;IC Lease Receivable - Long Term;Balance Sheet Account;172600;Lease Investment, non-current;Net lease invetment - affiliate;
19520010;Unguaranteed Residual Value;Balance Sheet Account;172600;Lease Investment, non-current;Net lease invetment - affiliate;
21100000;Payables Domestic;Balance Sheet Account;211100;Trade payables;Accounts payable;
21100001;Payables Domestic-HB 21100000;Balance Sheet Account;211100;Trade payables;Accounts payable;
21101000;A/P - Crude Oil;Balance Sheet Account;211100;Trade payables;Accounts payable;
21102000;A/P - Lottery;Balance Sheet Account;211100;Trade payables;Accounts payable;
21102100;A/P - Charity;Balance Sheet Account;211100;Trade payables;Accounts payable;
21102101;PDI A/P - Trade;Balance Sheet Account;211100;Trade payables;Accounts payable;
21102102;PDI A/P - Non Trade;Balance Sheet Account;211100;Trade payables;Accounts payable;
21102103;PDI A/P - Legacy;Balance Sheet Account;211100;Trade payables;Accounts payable;
21102104;PDI A/P - Fuel;Balance Sheet Account;211100;Trade payables;Accounts payable;
21102105;PDI A/P - Carrier;Balance Sheet Account;211100;Trade payables;Accounts payable;
21102106;PDI A/P - Clearing;Balance Sheet Account;211100;Trade payables;Accounts payable;
21102108;PDI A/P- Unpaid Invoices Export Clearing;Balance Sheet Account;211100;Trade payables;Accounts payable;
21102200;A/P - J Aron - Current;Balance Sheet Account;211100;Trade payables;Accounts payable;
21102300;A/P - Other;Balance Sheet Account;211100;Trade payables;Accounts payable;
21102400;AP Manual Adjustment Accounts;Balance Sheet Account;211100;Trade payables;Accounts payable;
21102500;A/P - Refined Products;Balance Sheet Account;211100;Trade payables;Accounts payable;
21102600;A/P - Money Orders;Balance Sheet Account;211100;Trade payables;Accounts payable;
21102700;A/P - OXXO WC Payable to Delek;Balance Sheet Account;211100;Trade payables;Accounts payable;
21102800;A/P - OXXO Payroll Payable to Delek;Balance Sheet Account;211100;Trade payables;Accounts payable;
21103000;Virtual Card Clearing;Balance Sheet Account;211100;Trade payables;Accounts payable;
21103001;Virtual Card Adjustments;Balance Sheet Account;211100;Trade payables;Accounts payable;
21104000;Utility Clearing;Balance Sheet Account;211100;Trade payables;Accounts payable;
21105000;Travel Expenses Payable;Balance Sheet Account;211100;Trade payables;Accounts payable;
21109100;Accrued Bank Items;Balance Sheet Account;211100;Trade payables;Accounts payable;
21109200;Legal Loss Reserve;Balance Sheet Account;211100;Trade payables;Accounts payable;
21109300;A/P - Hedging;Balance Sheet Account;211100;Trade payables;Accounts payable;
21109400;J Aron - Letters of Credit;Balance Sheet Account;211100;Trade payables;Accounts payable;
21110000;Goods Received/Invoice Received Consignt/Pipeline;Balance Sheet Account;211100;Trade payables;Accounts payable;
21120000;Goods Received/Invoice Received;Balance Sheet Account;211100;Trade payables;Accounts payable;
21122000;Goods Received / Invoice Received Adjustment;Balance Sheet Account;211100;Trade payables;Accounts payable;
21130000;GRIR - Historical Balances;Balance Sheet Account;211100;Trade payables;Accounts payable;
21180000;A/P - Division of Interest - Payable;Balance Sheet Account;211100;Trade payables;Accounts payable;
21181000;A/P - Division Of Interest - Suspense;Balance Sheet Account;211100;Trade payables;Accounts payable;
21182000;A/P - Unclaimed Property;Balance Sheet Account;211100;Trade payables;Accounts payable;
21198000;Notes Payable-Current;Balance Sheet Account;221100;Borrowings, Current;Current portion of long-term debt;
21300000;A/P Intercompany Recon;Balance Sheet Account;211150;Trade payables, Intercompany;Accounts payable -intercompany;
21300001;Payables affiliated Companies-HB 21300000;Balance Sheet Account;211150;Trade payables, Intercompany;Accounts payable -intercompany;
21301000;A/P - Intercompany Manual;Balance Sheet Account;211150;Trade payables, Intercompany;Accounts payable -intercompany;
21302000;Interest Payable - Intercompany;Balance Sheet Account;214250;Other liabilities, Current, Intercompany;Accrued expenses and other current liabilities;
21302300;Interest Payable - 3rd Party;Balance Sheet Account;211900;Accrued interests on financial liab./ payables;Accrued expenses and other current liabilities;
21303000;Payables vs affiliated Companies (no recon acct);Balance Sheet Account;211150;Trade payables, Intercompany;Accounts payable -intercompany;
21305000;A/P - Intercompany Freight Clearing;Balance Sheet Account;211150;Trade payables, Intercompany;Accounts payable -intercompany;
21306000;A/P - Intercompany Tax;Balance Sheet Account;211150;Trade payables, Intercompany;Accounts payable -intercompany;
21307000;A/P - Intracompany;Balance Sheet Account;211150;Trade payables, Intercompany;Accounts payable -intercompany;
21308000;A/P - Intracompany Manual;Balance Sheet Account;211150;Trade payables, Intercompany;Accounts payable -intercompany;
21309000;A/P - Related Party;Balance Sheet Account;211140;Trade payables, Related Party;Accounts payable to related parties;
21309001;A/P - RELATED PARTY-HB 21309000;Balance Sheet Account;211140;Trade payables, Related Party;Accounts payable to related parties;
21309100;A/P - Related Party Manual;Balance Sheet Account;211140;Trade payables, Related Party;Accounts payable to related parties;
21501000;Accrued Net Payroll;Balance Sheet Account;241100;Provisions for employee benefits, Current;Accrued expenses and other current liabilities;
21503000;State Tax Withholding;Balance Sheet Account;241100;Provisions for employee benefits, Current;Accrued expenses and other current liabilities;
21503100;Vacation/Sick Time/Holiday;Balance Sheet Account;241100;Provisions for employee benefits, Current;Accrued expenses and other current liabilities;
21503200;Voluntary Insurance Liability;Balance Sheet Account;241100;Provisions for employee benefits, Current;Accrued expenses and other current liabilities;
21503300;Espp Employee Deductions;Balance Sheet Account;241100;Provisions for employee benefits, Current;Accrued expenses and other current liabilities;
21503400;Benefit Cost Clearing Account;Balance Sheet Account;241100;Provisions for employee benefits, Current;Accrued expenses and other current liabilities;
21503500;Federal Backup Withholding Tax Payable;Balance Sheet Account;241100;Provisions for employee benefits, Current;Accrued expenses and other current liabilities;
21503600;Wage And Tax Clearing;Balance Sheet Account;241100;Provisions for employee benefits, Current;Accrued expenses and other current liabilities;
21503700;Retail Gm & Dm Bonus Payable;Balance Sheet Account;241100;Provisions for employee benefits, Current;Accrued expenses and other current liabilities;
21503800;Health IBNR;Balance Sheet Account;241100;Provisions for employee benefits, Current;Accrued expenses and other current liabilities;
21503900;Dk Political Action Committee Deduction;Balance Sheet Account;241100;Provisions for employee benefits, Current;Accrued expenses and other current liabilities;
21505000;Payroll - Savings Plan;Balance Sheet Account;241100;Provisions for employee benefits, Current;Accrued expenses and other current liabilities;
21506000;401K/NQDC - Company Match;Balance Sheet Account;241100;Provisions for employee benefits, Current;Accrued expenses and other current liabilities;
21507000;Casualty Ibnr & Claims Development;Balance Sheet Account;241100;Provisions for employee benefits, Current;Accrued expenses and other current liabilities;
21508000;Payroll - Garnishment;Balance Sheet Account;241100;Provisions for employee benefits, Current;Accrued expenses and other current liabilities;
21509000;Union Dues Withholdings;Balance Sheet Account;241100;Provisions for employee benefits, Current;Accrued expenses and other current liabilities;
21512000;BONUS PAYABLE;Balance Sheet Account;241100;Provisions for employee benefits, Current;Accrued expenses and other current liabilities;
21513000;401K/NQDC - Employee Deduction;Balance Sheet Account;241100;Provisions for employee benefits, Current;Accrued expenses and other current liabilities;
21517000;Charitable Contributions / Donations;Balance Sheet Account;241100;Provisions for employee benefits, Current;Accrued expenses and other current liabilities;
21517010;Federal Tax Withholding;Balance Sheet Account;241100;Provisions for employee benefits, Current;Accrued expenses and other current liabilities;
21517020;Accrued Pr Taxes - Foreign Entities;Balance Sheet Account;241100;Provisions for employee benefits, Current;Accrued expenses and other current liabilities;
21517030;FICA - Social Security Withholding;Balance Sheet Account;241100;Provisions for employee benefits, Current;Accrued expenses and other current liabilities;
21517040;Federal Unemployment Insurance Withholding;Balance Sheet Account;241100;Provisions for employee benefits, Current;Accrued expenses and other current liabilities;
21517050;State Unemployment Insurance Withholding;Balance Sheet Account;241100;Provisions for employee benefits, Current;Accrued expenses and other current liabilities;
21517060;Identity Theft Protection Benefit Withholding;Balance Sheet Account;241100;Provisions for employee benefits, Current;Accrued expenses and other current liabilities;
21517070;Stock Comp Liability Awards;Balance Sheet Account;241100;Provisions for employee benefits, Current;Accrued expenses and other current liabilities;
21599000;Other Payroll Withholdings/ Accruals;Balance Sheet Account;241100;Provisions for employee benefits, Current;Accrued expenses and other current liabilities;
21601100;Property Tax Payable;Balance Sheet Account;213000;Current Taxes Payable;Accrued expenses and other current liabilities;
21601200;Franchise Tax Payable;Balance Sheet Account;213000;Current Taxes Payable;Accrued expenses and other current liabilities;
21601300;Federal Income Tax Payable;Balance Sheet Account;213000;Current Taxes Payable;Accrued expenses and other current liabilities;
21601400;State Income Tax Payable;Balance Sheet Account;213000;Current Taxes Payable;Accrued expenses and other current liabilities;
21601600;Non-Us Income Tax Payable;Balance Sheet Account;213000;Current Taxes Payable;Accrued expenses and other current liabilities;
21601700;Sales Tax Payable;Balance Sheet Account;213000;Current Taxes Payable;Accrued expenses and other current liabilities;
21601800;Use Tax Payable;Balance Sheet Account;213000;Current Taxes Payable;Accrued expenses and other current liabilities;
21601900;A/L-Prmt Nev Sales Tax;Balance Sheet Account;213000;Current Taxes Payable;Accrued expenses and other current liabilities;
21602000;State Excise Tax Payable;Balance Sheet Account;213000;Current Taxes Payable;Accrued expenses and other current liabilities;
21602100;Gst Output;Balance Sheet Account;283100;Other liabilities, Non-current;Other non-current liabilities;
21602200;Federal Biodiesel Credit;Balance Sheet Account;283100;Other liabilities, Non-current;Other non-current liabilities;
21602300;Federal Ethanol Credit;Balance Sheet Account;283100;Other liabilities, Non-current;Other non-current liabilities;
21602400;Al Fuel Tax Payable;Balance Sheet Account;213000;Current Taxes Payable;Accrued expenses and other current liabilities;
21602500;Ar Fuel Tax Payable;Balance Sheet Account;213000;Current Taxes Payable;Accrued expenses and other current liabilities;
21602600;Ga Fuel Tax Payable;Balance Sheet Account;213000;Current Taxes Payable;Accrued expenses and other current liabilities;
21602700;In Fuel Tax Payable;Balance Sheet Account;213000;Current Taxes Payable;Accrued expenses and other current liabilities;
21602800;Ky Fuel Tax Payable;Balance Sheet Account;213000;Current Taxes Payable;Accrued expenses and other current liabilities;
21602900;La Fuel Tax Payable;Balance Sheet Account;213000;Current Taxes Payable;Accrued expenses and other current liabilities;
21603000;MD Fuel Tax Payable;Balance Sheet Account;213000;Current Taxes Payable;Accrued expenses and other current liabilities;
21603100;Mo Fuel Tax Payable;Balance Sheet Account;213000;Current Taxes Payable;Accrued expenses and other current liabilities;
21603200;Ms Fuel Tax Payable;Balance Sheet Account;213000;Current Taxes Payable;Accrued expenses and other current liabilities;
21603300;Nm Fuel Tax Payable;Balance Sheet Account;213000;Current Taxes Payable;Accrued expenses and other current liabilities;
21603400;Oh Fuel Tax Payable;Balance Sheet Account;213000;Current Taxes Payable;Accrued expenses and other current liabilities;
21603500;Ok Fuel Tax Payable;Balance Sheet Account;213000;Current Taxes Payable;Accrued expenses and other current liabilities;
21603600;Tn Fuel Tax Payable;Balance Sheet Account;213000;Current Taxes Payable;Accrued expenses and other current liabilities;
21603700;Tx Fuel Tax Payable;Balance Sheet Account;213000;Current Taxes Payable;Accrued expenses and other current liabilities;
21603800;Va Fuel Tax Payable;Balance Sheet Account;213000;Current Taxes Payable;Accrued expenses and other current liabilities;
21603900;Az Fuel Tax Payable;Balance Sheet Account;213000;Current Taxes Payable;Accrued expenses and other current liabilities;
21604000;Nc Fuel Tax Payable;Balance Sheet Account;213000;Current Taxes Payable;Accrued expenses and other current liabilities;
21604100;Sc Fuel Tax Payable;Balance Sheet Account;213000;Current Taxes Payable;Accrued expenses and other current liabilities;
21604200;Co Fuel Tax Payable;Balance Sheet Account;213000;Current Taxes Payable;Accrued expenses and other current liabilities;
21604300;Bakersfield NG Surcharge Taxes;Balance Sheet Account;213000;Current Taxes Payable;Accrued expenses and other current liabilities;
21604400;Ca Fuel Tax Payable;Balance Sheet Account;213000;Current Taxes Payable;Accrued expenses and other current liabilities;
21604500;Wv Fuel Tax Payable;Balance Sheet Account;213000;Current Taxes Payable;Accrued expenses and other current liabilities;
21604600;Fl Fuel Tax Payable;Balance Sheet Account;213000;Current Taxes Payable;Accrued expenses and other current liabilities;
21604700;Il Fuel Tax Payable;Balance Sheet Account;213000;Current Taxes Payable;Accrued expenses and other current liabilities;
21604800;Ny Fuel Tax Payable;Balance Sheet Account;213000;Current Taxes Payable;Accrued expenses and other current liabilities;
21604900;Nv Fuel Tax Payable;Balance Sheet Account;213000;Current Taxes Payable;Accrued expenses and other current liabilities;
21605000;Nj Fuel Tax Payable;Balance Sheet Account;213000;Current Taxes Payable;Accrued expenses and other current liabilities;
21605100;Wy Fuel Tax Payable;Balance Sheet Account;213000;Current Taxes Payable;Accrued expenses and other current liabilities;
21605200;IA Fuel Tax Payable;Balance Sheet Account;213000;Current Taxes Payable;Accrued expenses and other current liabilities;
21605300;UT Fuel Tax Payable;Balance Sheet Account;213000;Current Taxes Payable;Accrued expenses and other current liabilities;
21605400;Other Taxes Payable;Balance Sheet Account;213000;Current Taxes Payable;Accrued expenses and other current liabilities;
21605500;Severance & Regulatory Tax - TX;Balance Sheet Account;213000;Current Taxes Payable;Accrued expenses and other current liabilities;
21605600;Severance & Volume Tax - AR;Balance Sheet Account;213000;Current Taxes Payable;Accrued expenses and other current liabilities;
21605700;Condensate Tax - Tx;Balance Sheet Account;213000;Current Taxes Payable;Accrued expenses and other current liabilities;
21605800;Severance Tax - La;Balance Sheet Account;213000;Current Taxes Payable;Accrued expenses and other current liabilities;
21605900;Commission Tax - Ar;Balance Sheet Account;213000;Current Taxes Payable;Accrued expenses and other current liabilities;
21606000;Federal Royalty Payb;Balance Sheet Account;213000;Current Taxes Payable;Accrued expenses and other current liabilities;
21606100;Oilfield Restoration Fee - LA;Balance Sheet Account;213000;Current Taxes Payable;Accrued expenses and other current liabilities;
21606200;Gross Production Tax - OK;Balance Sheet Account;213000;Current Taxes Payable;Accrued expenses and other current liabilities;
21606300;Petroleum Excise Tax - OK;Balance Sheet Account;213000;Current Taxes Payable;Accrued expenses and other current liabilities;
21606400;Energy Resource Revolving Fund - OK;Balance Sheet Account;213000;Current Taxes Payable;Accrued expenses and other current liabilities;
21606500;Marginally Producing Oil & Gas;Balance Sheet Account;213000;Current Taxes Payable;Accrued expenses and other current liabilities;
21606600;Severance Tax - Nm;Balance Sheet Account;213000;Current Taxes Payable;Accrued expenses and other current liabilities;
21606700;Severance Tax - Ms;Balance Sheet Account;213000;Current Taxes Payable;Accrued expenses and other current liabilities;
21606800;Sales Tax Payable - Manual;Balance Sheet Account;213000;Current Taxes Payable;Accrued expenses and other current liabilities;
21606900;Federal Excise Tax Payable;Balance Sheet Account;213000;Current Taxes Payable;Accrued expenses and other current liabilities;
21607000;Severence Tax Payable;Balance Sheet Account;213000;Current Taxes Payable;Accrued expenses and other current liabilities;
21607100;Business Tax Payable;Balance Sheet Account;213000;Current Taxes Payable;Accrued expenses and other current liabilities;
21607200;KS Fuel Tax Payable;Balance Sheet Account;213000;Current Taxes Payable;Accrued expenses and other current liabilities;
21607300;SD Fuel Tax Payable;Balance Sheet Account;213000;Current Taxes Payable;Accrued expenses and other current liabilities;
21607400;PA Fuel Tax Payable;Balance Sheet Account;213000;Current Taxes Payable;Accrued expenses and other current liabilities;
21607500;StkBuybk-Exci Tax;Balance Sheet Account;213000;Current Taxes Payable;Accrued expenses and other current liabilities;
21690000;St Lease Liability - Operating Lease;Balance Sheet Account;242400;Onerous contracts provision, Current;Current portion of operating lease liabilities;
21690010;AP Lease Clearing - Operating Lease;Balance Sheet Account;242400;Onerous contracts provision, Current;Current portion of operating lease liabilities;
21690020;Shortt Lease Liability - IC Operating Lease;Balance Sheet Account;242400;Onerous contracts provision, Current;Current portion of operating lease liabilities;
21690100;Supply & Offtake Current Step Out;Balance Sheet Account;222000;Step-Out Agreement, Current;Current portion of obligation under Inventory Intermediation Agreement;
21690200;St Lease Liability - Finance Lease;Balance Sheet Account;221700;Finance leases, Current;Accrued expenses and other current liabilities;
21690210;AP Lease Clearing - Finance Lease;Balance Sheet Account;221700;Finance leases, Current;Accrued expenses and other current liabilities;
21690211;AP Lease Clearing - IC Finance Lease;Balance Sheet Account;221700;Finance leases, Current;Accrued expenses and other current liabilities;
21690220;Short Lease Liability - IC Finance Lease;Balance Sheet Account;221700;Finance leases, Current;Accrued expenses and other current liabilities;
21700000;Current Portion Of Environmental Liabilities;Balance Sheet Account;242500;Prov - decommission/restor/rehab. costs, Current;Accrued expenses and other current liabilities;
21700020;Other Current Liabilities-Accrued Utilities;Balance Sheet Account;214200;Other liabilities, Current;Accrued expenses and other current liabilities;
21700030;Other Accruals And Reserves;Balance Sheet Account;214200;Other liabilities, Current;Accrued expenses and other current liabilities;
21700040;Tank Inspection Liabilities;Balance Sheet Account;214200;Other liabilities, Current;Accrued expenses and other current liabilities;
21700050;Pipeline Release Liabilities;Balance Sheet Account;214200;Other liabilities, Current;Accrued expenses and other current liabilities;
21700060;Branded Fuel Program;Balance Sheet Account;214200;Other liabilities, Current;Accrued expenses and other current liabilities;
21700070;Royalties Accrual;Balance Sheet Account;214200;Other liabilities, Current;Accrued expenses and other current liabilities;
21700080;Consumer Experience Program;Balance Sheet Account;214200;Other liabilities, Current;Accrued expenses and other current liabilities;
21700090;Railcar Equalization;Balance Sheet Account;214200;Other liabilities, Current;Accrued expenses and other current liabilities;
21700100;A/P - Exchange Inventory Due;Balance Sheet Account;214200;Other liabilities, Current;Accrued expenses and other current liabilities;
21700110;Executive Pension - Minimum Liability St;Balance Sheet Account;241100;Provisions for employee benefits, Current;Accrued expenses and other current liabilities;
21700120;Retiree Medical - Minimum Liability St;Balance Sheet Account;241100;Provisions for employee benefits, Current;Accrued expenses and other current liabilities;
21700130;Superfund Tax Payable;Balance Sheet Account;214200;Other liabilities, Current;Accrued expenses and other current liabilities;
21700140;Environmental Fee Payable;Balance Sheet Account;214200;Other liabilities, Current;Accrued expenses and other current liabilities;
21700150;Accrued Liabilties-Rins;Balance Sheet Account;214200;Other liabilities, Current;Accrued expenses and other current liabilities;
21700160;Other Current Liabilities - Benzene Credits;Balance Sheet Account;214200;Other liabilities, Current;Accrued expenses and other current liabilities;
21700170;Other Current Liabilities - Sulfur Credits;Balance Sheet Account;214200;Other liabilities, Current;Accrued expenses and other current liabilities;
21700180;Other Current Liabilities;Balance Sheet Account;214200;Other liabilities, Current;Accrued expenses and other current liabilities;
21700190;Short Term Above Market Lease Liabilities;Balance Sheet Account;214200;Other liabilities, Current;Accrued expenses and other current liabilities;
21700200;Derivative Liability Short Term;Balance Sheet Account;214200;Other liabilities, Current;Accrued expenses and other current liabilities;
21700210;Physical Derivative Liability Short Term;Balance Sheet Account;214200;Other liabilities, Current;Accrued expenses and other current liabilities;
21709000;Accrued Audit Fees;Balance Sheet Account;214200;Other liabilities, Current;Accrued expenses and other current liabilities;
21709900;Short-Term Deferred Revenues;Balance Sheet Account;214200;Other liabilities, Current;Accrued expenses and other current liabilities;
21709910;Notes Payable - Current Portion - Interco;Balance Sheet Account;214250;Other liabilities, Current, Intercompany;Accrued expenses and other current liabilities;
21709920;Accrued Restructuring Costs;Balance Sheet Account;214200;Other liabilities, Current;Accrued expenses and other current liabilities;
21709930;A/P - Subaward for Carbon Capture Project;Balance Sheet Account;214200;Other liabilities, Current;Accrued expenses and other current liabilities;
21730000;Freight Clearing Account (MM);Balance Sheet Account;211100;Trade payables;Accounts payable;
21800000;Liabilities Held for Sale - Current;Balance Sheet Account;242700;Liabilities Held for Sale, Current;Current liabilities of discontinued operations;
21900000;Notes Payable - Long Term;Balance Sheet Account;271100;Borrowings, Non-current;Long-term debt, net of current portion;
21900010;Notes Payable - High Yield Debt;Balance Sheet Account;271100;Borrowings, Non-current;Long-term debt, net of current portion;
21900020;Debt Discount Long-Term;Balance Sheet Account;271100;Borrowings, Non-current;Long-term debt, net of current portion;
21900030;Deferred Financing COSts Long Term;Balance Sheet Account;271100;Borrowings, Non-current;Long-term debt, net of current portion;
21900040;Long Term Portion Of Environmental Liabilities;Balance Sheet Account;262500;Prov - decommission/restor/rehab. costs, N-Current;Environemtnal liabilities, net of current portion;
21900050;Asset Retirement Obligations (Aros);Balance Sheet Account;262550;Asset Retirement Obligations;Asset Retirement Obligations;
22500000;Supply & Offtake Long-Term Step Out;Balance Sheet Account;221600;Supply & Offtake Obligation, Non-Current;Obligation under Inventory Intermediation Agreement;
22500010;J Aron - Fixed Contra Step Out;Balance Sheet Account;221600;Supply & Offtake Obligation, Non-Current;Obligation under Inventory Intermediation Agreement;
22500020;Lt Lease Liability - Operating Lease;Balance Sheet Account;262400;Onerous contracts provision, Non-current;Operating Lease Liabilities, net of current portion;
22500021;LT Lease Liability - IC Operating Lease;Balance Sheet Account;262400;Onerous contracts provision, Non-current;Operating Lease Liabilities, net of current portion;
22500030;Notes Payable - Long Term - Intercompany;Balance Sheet Account;283150;Other liabilities, Non-current, Intercompany;Other non-current liabilities;
22500040;Lt Lease Liability - Finance Lease;Balance Sheet Account;271600;Finance leases, Non-current;Other non-current liabilities;
22500041;LT Lease Liability - IC Finance Lease;Balance Sheet Account;271600;Finance leases, Non-current;Other non-current liabilities;
22500050;Long Term Accrued Lease Liability;Balance Sheet Account;283100;Other liabilities, Non-current;Other non-current liabilities;
22500060;Long Term Deferred Revenue;Balance Sheet Account;283100;Other liabilities, Non-current;Other non-current liabilities;
22500070;Other Long Term Liabilities;Balance Sheet Account;283100;Other liabilities, Non-current;Other non-current liabilities;
22500080;Fin 48 Reserve;Balance Sheet Account;283100;Other liabilities, Non-current;Other non-current liabilities;
22500090;Derivative Liability Long Term;Balance Sheet Account;271400;Derivatives, Non-current;Other non-current liabilities;
22500100;Alon Usa Pension - Minimum Liability Lt;Balance Sheet Account;261100;Provisions for employee benefits, Non-current;Other non-current liabilities;
22500110;Executive Pension - Minimum Liability LT;Balance Sheet Account;261100;Provisions for employee benefits, Non-current;Other non-current liabilities;
22500120;Retiree Medical - Minimum Liability LT;Balance Sheet Account;261100;Provisions for employee benefits, Non-current;Other non-current liabilities;
22500130;Long Term Interest Payable;Balance Sheet Account;283100;Other liabilities, Non-current;Other non-current liabilities;
22500140;Long Term Above Market Lease Liabilities;Balance Sheet Account;283100;Other liabilities, Non-current;Other non-current liabilities;
22509990;PC Clearing;Balance Sheet Account;283100;Other liabilities, Non-current;Other non-current liabilities;
24036000;Valuation Allowance Deferred Tax Assets;Balance Sheet Account;262600;Miscellaneous provisions, Non-current;Deferred tax liabilities;
24037000;Provision for Deferred Tax Liabilities;Balance Sheet Account;262600;Miscellaneous provisions, Non-current;Deferred tax liabilities;
29500100;A/R - Intracompany Auto;Balance Sheet Account;121150;Trade receivables, Gross, Intercompany;Accounts receivable - intercompany;
29500200;Balance Migration Clearing;Balance Sheet Account;121150;Trade receivables, Gross, Intercompany;Accounts receivable - intercompany;
29500900;Document Split Clearing Account CO;Balance Sheet Account;121150;Trade receivables, Gross, Intercompany;Accounts receivable - intercompany;
30000001;Redeemable NCI;Balance Sheet Account;300100;Redeemable Non-Controlling Interest;Redeemable Non-Controlling Interest;
31000000;Common Stock;Balance Sheet Account;311000;Issued capital;Common stock, $0.01 par value;
31100000;Treasury Shares;Balance Sheet Account;313000;Treasury shares;Treasury stock;
32000000;Capital in Excess of Par Value;Balance Sheet Account;312000;Share premium;Additional paid-in capital;
32000100;Membership Interests;Balance Sheet Account;312000;Share premium;Additional paid-in capital;
32000200;Partner CAPital - General Partner;Balance Sheet Account;312000;Share premium;Additional paid-in capital;
32000300;Partner CAPital - Limited Parent;Balance Sheet Account;312000;Share premium;Additional paid-in capital;
32000500;Partner CAPital - Logistic Services;Balance Sheet Account;312000;Share premium;Additional paid-in capital;
32000600;Membership Interests Green Plains;Balance Sheet Account;312000;Share premium;Additional paid-in capital;
32000700;CAPital Contribution - Dk Innovation - Us;Balance Sheet Account;312000;Share premium;Additional paid-in capital;
32000800;CAPital Contribution - Dk Innovation - Israel;Balance Sheet Account;312000;Share premium;Additional paid-in capital;
32000900;Stock Based Compensation;Balance Sheet Account;312000;Share premium;Additional paid-in capital;
32001000;Espp Purchases;Balance Sheet Account;312000;Share premium;Additional paid-in capital;
32001100;Espp Employer Compensation;Balance Sheet Account;312000;Share premium;Additional paid-in capital;
32100000;Other Comprehensive Income;Balance Sheet Account;314100;Remeasurements of defined benefit plans, bef. tax;Accumulated Other Comprehensive Income (loss);
32100100;Other Comprehensive Income - Hedging;Balance Sheet Account;314200;Non-recyclable hedging reserve, before tax;Accumulated Other Comprehensive Income (loss);
32100200;Currency Translation Adjustment;Balance Sheet Account;314800;Foreign currency translation reserve, before tax;Accumulated Other Comprehensive Income (loss);
32100300;Currency Translation Adjustment - Non-Translating;Balance Sheet Account;314800;Foreign currency translation reserve, before tax;Accumulated Other Comprehensive Income (loss);
32100400;Other Comprehensive Income Tax;Balance Sheet Account;314150;Tax on remeasurements of defined benefit plans;Accumulated Other Comprehensive Income (loss);
33000000;Retained Earnings;Balance Sheet Account;316000;Retained earnings;Retained earnings;
33000100;Retained Earnings – Derivative Effect;Balance Sheet Account;316000;Retained earnings;Retained earnings;
33010000;Dividends/Distributions;Balance Sheet Account;316000;Retained earnings;Retained earnings;
33050000;Partner Capital - Limited Public;Balance Sheet Account;321100;NCI - Reserves and retained earnings;Non-controlling interests in subsidiaries;
33050100;Partner Capital - Ltip;Balance Sheet Account;321100;NCI - Reserves and retained earnings;Non-controlling interests in subsidiaries;
33050200;Non-Controlling Interest;Balance Sheet Account;321100;NCI - Reserves and retained earnings;Non-controlling interests in subsidiaries;
33050300;Partner Capital - Yemin;Balance Sheet Account;321100;NCI - Reserves and retained earnings;Non-controlling interests in subsidiaries;
33050400;Partner Capital - Green;Balance Sheet Account;321100;NCI - Reserves and retained earnings;Non-controlling interests in subsidiaries;
33050500;Partner Capital - Ginzburg;Balance Sheet Account;321100;NCI - Reserves and retained earnings;Non-controlling interests in subsidiaries;
33050600;Partner Capital- Delek;Balance Sheet Account;321100;NCI - Reserves and retained earnings;Non-controlling interests in subsidiaries;
39913000;3B Enertia Migration Offset;Balance Sheet Account;316000;Retained earnings;Retained earnings;
39914000;Initial FI-AR offset;Balance Sheet Account;121800;Other receivables, Current, Gross;Accounts receivable, net;
41000000;Sales - Merchandise;Primary Costs or Revenue;411100;Sale of goods;Net Revenues;Total Revenues
41000100;Sales - Food Service;Primary Costs or Revenue;411100;Sale of goods;Net Revenues;Total Revenues
41000400;Sales - Other;Primary Costs or Revenue;411150;Services Revenue;Net Revenues;Total Revenues
41000500;IC Sale - Type Lease - Service Revenue;Primary Costs or Revenue;411150;Services Revenue;Net Revenues;Total Revenues
41001400;Sales - Intercompany Fuel;Primary Costs or Revenue;411100;Sale of goods;Net Revenues;Total Revenues
41001500;Sales - Intercompany Rack/Bulk;Primary Costs or Revenue;411150;Services Revenue;Net Revenues;Total Revenues
41001505;Sales - Intercompany Rack/Bulk DKMS;Primary Costs or Revenue;411150;Services Revenue;Net Revenues;Total Revenues
41001600;Sales - Intercompany - Other;Primary Costs or Revenue;411100;Sale of goods;Net Revenues;Total Revenues
41001700;Sales - Intercompany Management Fees;Primary Costs or Revenue;411150;Services Revenue;Net Revenues;Total Revenues
41001800;Sales - Intercompany Marketing Fees;Primary Costs or Revenue;411150;Services Revenue;Net Revenues;Total Revenues
41001900;Sales - IC Inhouse Fees;Primary Costs or Revenue;411150;Services Revenue;Net Revenues;Total Revenues
41002100;Sales - IC Inhouse Physical - Sell;Primary Costs or Revenue;411100;Sale of goods;Net Revenues;Total Revenues
42000000;Pipeline Revenue;Primary Costs or Revenue;411100;Sale of goods;Net Revenues;Total Revenues
42000100;Line Loss Revenue;Primary Costs or Revenue;411100;Sale of goods;Net Revenues;Total Revenues
42000200;Sales - Intercompany Terminalling;Primary Costs or Revenue;411100;Sale of goods;Net Revenues;Total Revenues
42000210;Variable Terminalling Revenue - IC Finance Lease;Primary Costs or Revenue;411100;Sale of goods;Net Revenues;Total Revenues
42000300;Maintenance Services Revenue;Primary Costs or Revenue;411100;Sale of goods;Net Revenues;Total Revenues
42000400;Rental Income;Primary Costs or Revenue;411100;Sale of goods;Net Revenues;Total Revenues
42000500;Sales - Intercompany Transportation - Pipeline;Primary Costs or Revenue;411100;Sale of goods;Net Revenues;Total Revenues
42000600;Pipeline Revenue - Disposal;Primary Costs or Revenue;411100;Sale of goods;Net Revenues;Total Revenues
42000700;Pipeline Revenue - Fresh Water;Primary Costs or Revenue;411100;Sale of goods;Net Revenues;Total Revenues
42000800;Trucked Revenue - Disposal;Primary Costs or Revenue;411100;Sale of goods;Net Revenues;Total Revenues
42000900;Trucked Revenue - Fresh Water;Primary Costs or Revenue;411100;Sale of goods;Net Revenues;Total Revenues
42001000;Skim Oil Revenue;Primary Costs or Revenue;411100;Sale of goods;Net Revenues;Total Revenues
42001100;Other Water System Revenue;Primary Costs or Revenue;411100;Sale of goods;Net Revenues;Total Revenues
43000000;Energy - Handling Fee Income;Primary Costs or Revenue;411100;Sale of goods;Net Revenues;Total Revenues
43000100;Energy - Additive Fee Income;Primary Costs or Revenue;411100;Sale of goods;Net Revenues;Total Revenues
43000200;Energy - Location Fee Income;Primary Costs or Revenue;411100;Sale of goods;Net Revenues;Total Revenues
43000300;Energy - Freight Allowance;Primary Costs or Revenue;411100;Sale of goods;Net Revenues;Total Revenues
43000400;Energy - Federal Reclamation Fund;Primary Costs or Revenue;411100;Sale of goods;Net Revenues;Total Revenues
43000500;Energy - VAPor Pressure Adjustment;Primary Costs or Revenue;411100;Sale of goods;Net Revenues;Total Revenues
44002000;Sales Discounts - Domestic;Primary Costs or Revenue;411100;Sale of goods;Net Revenues;Total Revenues
44008000;Sales - IC Discounts - Domestic;Primary Costs or Revenue;411100;Sale of goods;Net Revenues;Total Revenues
45000000;Storage Revenue;Primary Costs or Revenue;411100;Sale of goods;Net Revenues;Total Revenues
45000100;Sales - Intercompany Transportation - Trucking;Primary Costs or Revenue;411100;Sale of goods;Net Revenues;Total Revenues
45000200;Freight - Asphalt;Primary Costs or Revenue;411100;Sale of goods;Net Revenues;Total Revenues
45000300;Freight - Gas/Diesel;Primary Costs or Revenue;411100;Sale of goods;Net Revenues;Total Revenues
45000400;Freight - Chemical;Primary Costs or Revenue;411100;Sale of goods;Net Revenues;Total Revenues
45000500;Freight - Crude;Primary Costs or Revenue;411100;Sale of goods;Net Revenues;Total Revenues
45000600;Fuel Surcharge;Primary Costs or Revenue;411100;Sale of goods;Net Revenues;Total Revenues
45000700;Freight - Misc.;Primary Costs or Revenue;411100;Sale of goods;Net Revenues;Total Revenues
45000800;Car Wash Sales;Primary Costs or Revenue;411100;Sale of goods;Net Revenues;Total Revenues
45000900;Other Retail Sales;Primary Costs or Revenue;411100;Sale of goods;Net Revenues;Total Revenues
45001000;Credit Card Revenue;Primary Costs or Revenue;411100;Sale of goods;Net Revenues;Total Revenues
45001100;Sales - Railcar Lease;Primary Costs or Revenue;411100;Sale of goods;Net Revenues;Total Revenues
45001200;Sales - Fuel - Domestic;Primary Costs or Revenue;411100;Sale of goods;Net Revenues;Total Revenues
45001250;Sales - Fuel - Adjustments;Primary Costs or Revenue;411100;Sale of goods;Net Revenues;Total Revenues
45001300;Sales - Commission;Primary Costs or Revenue;411100;Sale of goods;Net Revenues;Total Revenues
45001400;Intangible Amortization - Marketing Agreement;Primary Costs or Revenue;411100;Sale of goods;Net Revenues;Total Revenues
45001500;Trucking Revenue;Primary Costs or Revenue;411100;Sale of goods;Net Revenues;Total Revenues
45001600;Sales – Transportation;Primary Costs or Revenue;411100;Sale of goods;Net Revenues;Total Revenues
45001800;Sales - Intercompany Storage;Primary Costs or Revenue;411100;Sale of goods;Net Revenues;Total Revenues
50000000;COS - Demurrage;Primary Costs or Revenue;412200;Cost of purchased services and materials;Cost of materials and other;Total Cost of Sales
50000010;COS - Feedstock;Primary Costs or Revenue;412200;Cost of purchased services and materials;Cost of materials and other;Total Cost of Sales
50000020;COS - J Aron;Primary Costs or Revenue;412200;Cost of purchased services and materials;Cost of materials and other;Total Cost of Sales
50000030;3Rd Party Dropship COS;Primary Costs or Revenue;412200;Cost of purchased services and materials;Cost of materials and other;Total Cost of Sales
50010000;COS - Commission;Primary Costs or Revenue;412200;Cost of purchased services and materials;Cost of materials and other;Total Cost of Sales
50010010;COS - Miscellaneous;Primary Costs or Revenue;412200;Cost of purchased services and materials;Cost of materials and other;Total Cost of Sales
50010020;Bad Merchandise Write-Off;Primary Costs or Revenue;412200;Cost of purchased services and materials;Cost of materials and other;Total Cost of Sales
50010030;Retail Condiments And Supplies;Primary Costs or Revenue;412200;Cost of purchased services and materials;Cost of materials and other;Total Cost of Sales
50010040;COS - Rebates;Primary Costs or Revenue;412200;Cost of purchased services and materials;Cost of materials and other;Total Cost of Sales
50010045;COS - Rebates - Qty. Disc;Primary Costs or Revenue;412200;Cost of purchased services and materials;Cost of materials and other;Total Cost of Sales
50010050;COS - Other;Primary Costs or Revenue;412200;Cost of purchased services and materials;Cost of materials and other;Total Cost of Sales
50010060;COS - Fuel Promotion/Rebates;Primary Costs or Revenue;412200;Cost of purchased services and materials;Cost of materials and other;Total Cost of Sales
50010070;COS - Feedstock Non-Mm;Primary Costs or Revenue;412200;Cost of purchased services and materials;Cost of materials and other;Total Cost of Sales
50010080;COS - Pipeline Fixed Lease Expense;Primary Costs or Revenue;412200;Cost of purchased services and materials;Cost of materials and other;Total Cost of Sales
50010081;COS - Storage Fixed Lease Expense;Primary Costs or Revenue;412200;Cost of purchased services and materials;Cost of materials and other;Total Cost of Sales
50010090;COS - Pipeline Variable Lease Expense;Primary Costs or Revenue;412200;Cost of purchased services and materials;Cost of materials and other;Total Cost of Sales
50010091;COS - Storage Variable Lease Expense;Primary Costs or Revenue;412200;Cost of purchased services and materials;Cost of materials and other;Total Cost of Sales
50010100;COS - Water Disposal;Primary Costs or Revenue;412200;Cost of purchased services and materials;Cost of materials and other;Total Cost of Sales
50010110;COS - Pipeline Intercompany Lease Expense;Primary Costs or Revenue;412200;Cost of purchased services and materials;Cost of materials and other;Total Cost of Sales
50010120;COS - Storage Intercompany Lease Expense;Primary Costs or Revenue;412200;Cost of purchased services and materials;Cost of materials and other;Total Cost of Sales
50010130;COS - IC Sales Type Lease Expense;Primary Costs or Revenue;412200;Cost of purchased services and materials;Cost of materials and other;Total Cost of Sales
50010140;COS - IC Inhouse Fees;Primary Costs or Revenue;412200;Cost of purchased services and materials;Cost of materials and other;Total Cost of Sales
50010150;COS - IC Inhouse Physical - Buy;Primary Costs or Revenue;412200;Cost of purchased services and materials;Cost of materials and other;Total Cost of Sales
50020000;Barge Fees;Primary Costs or Revenue;412200;Cost of purchased services and materials;Cost of materials and other;Total Cost of Sales
50020001;COS - Barge Lease Ex;Primary Costs or Revenue;412200;Cost of purchased services and materials;Cost of materials and other;Total Cost of Sales
50020010;COS - Lower Of COSt Or Market Adjustment;Primary Costs or Revenue;412200;Cost of purchased services and materials;Cost of materials and other;Total Cost of Sales
50020020;COS - Rins;Primary Costs or Revenue;412200;Cost of purchased services and materials;Cost of materials and other;Total Cost of Sales
50020030;COS - Fees;Primary Costs or Revenue;412200;Cost of purchased services and materials;Cost of materials and other;Total Cost of Sales
50020040;COS - Pipeline Tariff;Primary Costs or Revenue;412200;Cost of purchased services and materials;Cost of materials and other;Total Cost of Sales
50020050;COS - COSt Of Goods Manufactured;Primary Costs or Revenue;412200;Cost of purchased services and materials;Cost of materials and other;Total Cost of Sales
50020060;COS - PRA Clearing;Primary Costs or Revenue;412200;Cost of purchased services and materials;Cost of materials and other;Total Cost of Sales
50020070;Allocation to COGS;Primary Costs or Revenue;412200;Cost of purchased services and materials;Cost of materials and other;Total Cost of Sales
50030000;COS - Additives & Chemicals;Primary Costs or Revenue;412200;Cost of purchased services and materials;Cost of materials and other;Total Cost of Sales
50030010;COS - B100;Primary Costs or Revenue;412200;Cost of purchased services and materials;Cost of materials and other;Total Cost of Sales
50030020;COS - Ethanol;Primary Costs or Revenue;412200;Cost of purchased services and materials;Cost of materials and other;Total Cost of Sales
50030030;COGS - Rins Manual;Primary Costs or Revenue;412200;Cost of purchased services and materials;Cost of materials and other;Total Cost of Sales
50030035;COGS - RINs SRE;Primary Costs or Revenue;412200;Cost of purchased services and materials;Cost of materials and other;Total Cost of Sales
50030040;COS - Glycerin;Primary Costs or Revenue;412200;Cost of purchased services and materials;Cost of materials and other;Total Cost of Sales
50030050;COS - Asphalt Freight;Primary Costs or Revenue;412200;Cost of purchased services and materials;Cost of materials and other;Total Cost of Sales
50030060;COS - Chemical Freight;Primary Costs or Revenue;412200;Cost of purchased services and materials;Cost of materials and other;Total Cost of Sales
50030070;COS - Merchandise;Primary Costs or Revenue;412200;Cost of purchased services and materials;Cost of materials and other;Total Cost of Sales
50040000;COS - Fuel - Change in Inventory;Primary Costs or Revenue;412200;Cost of purchased services and materials;Cost of materials and other;Total Cost of Sales
50040005;COS - Fuel - Audit Adj;Primary Costs or Revenue;412200;Cost of purchased services and materials;Cost of materials and other;Total Cost of Sales
50040010;COS - Fuel;Primary Costs or Revenue;412200;Cost of purchased services and materials;Cost of materials and other;Total Cost of Sales
50040015;COS - Fuel - Adjustments;Primary Costs or Revenue;412200;Cost of purchased services and materials;Cost of materials and other;Total Cost of Sales
50040020;COS - Food Services;Primary Costs or Revenue;412200;Cost of purchased services and materials;Cost of materials and other;Total Cost of Sales
50040030;Car Wash COS;Primary Costs or Revenue;412200;Cost of purchased services and materials;Cost of materials and other;Total Cost of Sales
50040050;COS - Internal Trucking;Primary Costs or Revenue;412200;Cost of purchased services and materials;Cost of materials and other;Total Cost of Sales
50040060;COS - Merchandise Over/Short;Primary Costs or Revenue;412200;Cost of purchased services and materials;Cost of materials and other;Total Cost of Sales
50040070;COS - Merchandise Over/Short Lottery;Primary Costs or Revenue;412200;Cost of purchased services and materials;Cost of materials and other;Total Cost of Sales
50040080;COS - Hedging Over/Short;Primary Costs or Revenue;412300;Hedge (Gains)/Losses;Cost of materials and other;Total Cost of Sales
50050000;COGS - Ic Terminal Marketing Throughput Fees;Primary Costs or Revenue;412200;Cost of purchased services and materials;Cost of materials and other;Total Cost of Sales
50050010;COGS - Ic Pipeline Fees;Primary Costs or Revenue;412200;Cost of purchased services and materials;Cost of materials and other;Total Cost of Sales
50050020;COGS - Intercompany Fuel;Primary Costs or Revenue;412200;Cost of purchased services and materials;Cost of materials and other;Total Cost of Sales
50050030;COGS - Intercompany Trucking;Primary Costs or Revenue;412200;Cost of purchased services and materials;Cost of materials and other;Total Cost of Sales
50050040;COGS - Intercompany Rins;Primary Costs or Revenue;412200;Cost of purchased services and materials;Cost of materials and other;Total Cost of Sales
50050050;COGS - Intercompany;Primary Costs or Revenue;412200;Cost of purchased services and materials;Cost of materials and other;Total Cost of Sales
50050055;COGS - Intercompany - DKMS;Primary Costs or Revenue;412200;Cost of purchased services and materials;Cost of materials and other;Total Cost of Sales
50050060;COS - Inter-Division;Primary Costs or Revenue;412200;Cost of purchased services and materials;Cost of materials and other;Total Cost of Sales
50050070;Unrealized Trading (Gains)/Losses;Primary Costs or Revenue;412300;Hedge (Gains)/Losses;Cost of materials and other;Total Cost of Sales
50050080;Realized Trading (Gains)/Losses;Primary Costs or Revenue;412300;Hedge (Gains)/Losses;Cost of materials and other;Total Cost of Sales
50050090;COS - Purchased Light Product;Primary Costs or Revenue;412200;Cost of purchased services and materials;Cost of materials and other;Total Cost of Sales
50050100;COS - Mexico Freight;Primary Costs or Revenue;412200;Cost of purchased services and materials;Cost of materials and other;Total Cost of Sales
50050110;COS - Mexico Freight Recovery;Primary Costs or Revenue;412200;Cost of purchased services and materials;Cost of materials and other;Total Cost of Sales
50050120;COS - Mexico Lab Spec;Primary Costs or Revenue;412200;Cost of purchased services and materials;Cost of materials and other;Total Cost of Sales
50050130;COS - Mexico Other;Primary Costs or Revenue;412200;Cost of purchased services and materials;Cost of materials and other;Total Cost of Sales
50050200;COS - Intercompany Pipeline Transportation Fees;Primary Costs or Revenue;412200;Cost of purchased services and materials;Cost of materials and other;Total Cost of Sales
50050210;COS - Intercompany Storage Fees;Primary Costs or Revenue;412200;Cost of purchased services and materials;Cost of materials and other;Total Cost of Sales
50050220;COS - Intercompany Other;Primary Costs or Revenue;412200;Cost of purchased services and materials;Cost of materials and other;Total Cost of Sales
50060000;COS - Truck Transportation;Primary Costs or Revenue;412200;Cost of purchased services and materials;Cost of materials and other;Total Cost of Sales
50060005;COS - Truck Lease Expense;Primary Costs or Revenue;412200;Cost of purchased services and materials;Cost of materials and other;Total Cost of Sales
50060006;COS - Truck Short-Term Lease Expense;Primary Costs or Revenue;412200;Cost of purchased services and materials;Cost of materials and other;Total Cost of Sales
50060007;COS - Truck Variable Lease Expense;Primary Costs or Revenue;412200;Cost of purchased services and materials;Cost of materials and other;Total Cost of Sales
50060010;COS - Rail Transportation;Primary Costs or Revenue;412200;Cost of purchased services and materials;Cost of materials and other;Total Cost of Sales
50060020;COS - Rail Car Transloading Fees;Primary Costs or Revenue;412200;Cost of purchased services and materials;Cost of materials and other;Total Cost of Sales
50060030;COS - Rail Car Lease;Primary Costs or Revenue;412200;Cost of purchased services and materials;Cost of materials and other;Total Cost of Sales
50060031;COS - Rail Car Short-Term Lease;Primary Costs or Revenue;412200;Cost of purchased services and materials;Cost of materials and other;Total Cost of Sales
50060040;COS - Rail - Us Lab Specs;Primary Costs or Revenue;412200;Cost of purchased services and materials;Cost of materials and other;Total Cost of Sales
50060050;COS - J Aron Roll Fees;Primary Costs or Revenue;412200;Cost of purchased services and materials;Cost of materials and other;Total Cost of Sales
50060060;COS - Rail Freight;Primary Costs or Revenue;412200;Cost of purchased services and materials;Cost of materials and other;Total Cost of Sales
50060065;COS - Rail Freight Outbound Asphalt;Primary Costs or Revenue;412200;Cost of purchased services and materials;Cost of materials and other;Total Cost of Sales
50060070;COS - Rail Demurrage;Primary Costs or Revenue;412200;Cost of purchased services and materials;Cost of materials and other;Total Cost of Sales
50060080;COS - Railcar Storage;Primary Costs or Revenue;412200;Cost of purchased services and materials;Cost of materials and other;Total Cost of Sales
50060090;COS - Railcar Maintenance, Repairs, Cleaning;Primary Costs or Revenue;412200;Cost of purchased services and materials;Cost of materials and other;Total Cost of Sales
50060100;COS - Rail Mileage Equalization;Primary Costs or Revenue;412200;Cost of purchased services and materials;Cost of materials and other;Total Cost of Sales
50060110;COS - Rail Empty Revenue Freight;Primary Costs or Revenue;412200;Cost of purchased services and materials;Cost of materials and other;Total Cost of Sales
50060120;COS-Rail Switch Fees;Primary Costs or Revenue;412200;Cost of purchased services and materials;Cost of materials and other;Total Cost of Sales
50060130;COS-Rail Logistics Services;Primary Costs or Revenue;412200;Cost of purchased services and materials;Cost of materials and other;Total Cost of Sales
50060140;COS - Rail Equipment - Non-Railcar;Primary Costs or Revenue;412200;Cost of purchased services and materials;Cost of materials and other;Total Cost of Sales
50060150;COS - Rail Bldg, Track, Land Leases & Purchases;Primary Costs or Revenue;412200;Cost of purchased services and materials;Cost of materials and other;Total Cost of Sales
50060160;COS - Railcar Qualification;Primary Costs or Revenue;412200;Cost of purchased services and materials;Cost of materials and other;Total Cost of Sales
50060170;COS - Railcar Cleaning;Primary Costs or Revenue;412200;Cost of purchased services and materials;Cost of materials and other;Total Cost of Sales
50060180;COS - Employee Exp;Primary Costs or Revenue;412200;Cost of purchased services and materials;Cost of materials and other;Total Cost of Sales
50060190;COS - Selling/Merch;Primary Costs or Revenue;412200;Cost of purchased services and materials;Cost of materials and other;Total Cost of Sales
61002000;3rd party material;Primary Costs or Revenue;560300;Maintenance & Repairs;Opex above margin - YB20. Opex below margin - YB30. G&A below margin - YB40/YB50/YB99.;Maintenance & Repairs Expense. Opex - YB20/YB30. G&A - YB40/YB50/YB99
61004000;Travel Expenses - Meals;Primary Costs or Revenue;560800;Travel & Entertaiment;Opex above margin - YB20. Opex below margin - YB30. G&A below margin - YB40/YB50/YB99.;Travel & Entertainment. Opex - YB20/YB30. G&A - YB40/YB50/YB99
61004010;Travel Expenses - Meals & Ent (Non-Deduct);Primary Costs or Revenue;560800;Travel & Entertaiment;Opex above margin - YB20. Opex below margin - YB30. G&A below margin - YB40/YB50/YB99.;Travel & Entertainment. Opex - YB20/YB30. G&A - YB40/YB50/YB99
61005000;Travel Expenses - Ground Transportation;Primary Costs or Revenue;560800;Travel & Entertaiment;Opex above margin - YB20. Opex below margin - YB30. G&A below margin - YB40/YB50/YB99.;Travel & Entertainment. Opex - YB20/YB30. G&A - YB40/YB50/YB99
61005500;Fully Deductible - Lodging;Primary Costs or Revenue;560800;Travel & Entertaiment;Opex above margin - YB20. Opex below margin - YB30. G&A below margin - YB40/YB50/YB99.;Travel & Entertainment. Opex - YB20/YB30. G&A - YB40/YB50/YB99
61007000;Travel Expenses - Airfare, Rail, Mileage;Primary Costs or Revenue;560800;Travel & Entertaiment;Opex above margin - YB20. Opex below margin - YB30. G&A below margin - YB40/YB50/YB99.;Travel & Entertainment. Opex - YB20/YB30. G&A - YB40/YB50/YB99
61008000;Travel Expenses - Miscellaneous;Primary Costs or Revenue;560800;Travel & Entertaiment;Opex above margin - YB20. Opex below margin - YB30. G&A below margin - YB40/YB50/YB99.;Travel & Entertainment. Opex - YB20/YB30. G&A - YB40/YB50/YB99
61008500;Non Deductible - Other Travel;Primary Costs or Revenue;560800;Travel & Entertaiment;Opex above margin - YB20. Opex below margin - YB30. G&A below margin - YB40/YB50/YB99.;Travel & Entertainment. Opex - YB20/YB30. G&A - YB40/YB50/YB99
61010000;Payroll - Salaried Labor;Primary Costs or Revenue;560000;Wages and salaries and other benefit costs;Opex above margin - YB20. Opex below margin - YB30. G&A below margin - YB40/YB50/YB99.;Employee Expense. Opex - YB20/YB30. G&A - YB40/YB50/YB99
61021000;Payroll - Overtime Salaries;Primary Costs or Revenue;560000;Wages and salaries and other benefit costs;Opex above margin - YB20. Opex below margin - YB30. G&A below margin - YB40/YB50/YB99.;Employee Expense. Opex - YB20/YB30. G&A - YB40/YB50/YB99
61021100;Payroll - Hourly Labor;Primary Costs or Revenue;560000;Wages and salaries and other benefit costs;Opex above margin - YB20. Opex below margin - YB30. G&A below margin - YB40/YB50/YB99.;Employee Expense. Opex - YB20/YB30. G&A - YB40/YB50/YB99
61021110;Payroll - Hourly Temp Help;Primary Costs or Revenue;560000;Wages and salaries and other benefit costs;Opex above margin - YB20. Opex below margin - YB30. G&A below margin - YB40/YB50/YB99.;Employee Expense. Opex - YB20/YB30. G&A - YB40/YB50/YB99
61022000;Payroll - Vacation Pay Salaries;Primary Costs or Revenue;560000;Wages and salaries and other benefit costs;Opex above margin - YB20. Opex below margin - YB30. G&A below margin - YB40/YB50/YB99.;Employee Expense. Opex - YB20/YB30. G&A - YB40/YB50/YB99
61023000;Payroll - Overtime Wages;Primary Costs or Revenue;560000;Wages and salaries and other benefit costs;Opex above margin - YB20. Opex below margin - YB30. G&A below margin - YB40/YB50/YB99.;Employee Expense. Opex - YB20/YB30. G&A - YB40/YB50/YB99
61023100;Hourly Temp Help - Overtime;Primary Costs or Revenue;560000;Wages and salaries and other benefit costs;Opex above margin - YB20. Opex below margin - YB30. G&A below margin - YB40/YB50/YB99.;Employee Expense. Opex - YB20/YB30. G&A - YB40/YB50/YB99
61024000;CAPitalized Labor - Contra;Primary Costs or Revenue;560000;Wages and salaries and other benefit costs;Opex above margin - YB20. Opex below margin - YB30. G&A below margin - YB40/YB50/YB99.;Employee Expense. Opex - YB20/YB30. G&A - YB40/YB50/YB99
61024001;Capitalized Labor - AUC;Primary Costs or Revenue;560000;Wages and salaries and other benefit costs;Opex above margin - YB20. Opex below margin - YB30. G&A below margin - YB40/YB50/YB99.;Employee Expense. Opex - YB20/YB30. G&A - YB40/YB50/YB99
61024100;Labor COSt;Primary Costs or Revenue;560000;Wages and salaries and other benefit costs;Opex above margin - YB20. Opex below margin - YB30. G&A below margin - YB40/YB50/YB99.;Employee Expense. Opex - YB20/YB30. G&A - YB40/YB50/YB99
61025000;Bonus;Primary Costs or Revenue;560000;Wages and salaries and other benefit costs;Opex above margin - YB20. Opex below margin - YB30. G&A below margin - YB40/YB50/YB99.;Employee Expense. Opex - YB20/YB30. G&A - YB40/YB50/YB99
61026000;Bonus - Other;Primary Costs or Revenue;560000;Wages and salaries and other benefit costs;Opex above margin - YB20. Opex below margin - YB30. G&A below margin - YB40/YB50/YB99.;Employee Expense. Opex - YB20/YB30. G&A - YB40/YB50/YB99
61026001;Bonus - Incremental;Primary Costs or Revenue;560000;Wages and salaries and other benefit costs;Opex above margin - YB20. Opex below margin - YB30. G&A below margin - YB40/YB50/YB99.;Employee Expense. Opex - YB20/YB30. G&A - YB40/YB50/YB99
61027000;Payroll - Severance;Primary Costs or Revenue;560000;Wages and salaries and other benefit costs;Opex above margin - YB20. Opex below margin - YB30. G&A below margin - YB40/YB50/YB99.;Employee Expense. Opex - YB20/YB30. G&A - YB40/YB50/YB99
61050000;Cash Discounts Expense;Primary Costs or Revenue;561200;Other expenses;Opex above margin - YB20. Opex below margin - YB30. G&A below margin - YB40/YB50/YB99.;Other Operating Expenses - YB20/YB30. Other General and Administrative Expenses - YB40/YB50/YB99
61050005;PDI Merchandise Inv Adj;Primary Costs or Revenue;561200;Other expenses;Opex above margin - YB20. Opex below margin - YB30. G&A below margin - YB40/YB50/YB99.;Other Operating Expenses - YB20/YB30. Other General and Administrative Expenses - YB40/YB50/YB99
61050007;PDI Merchandise Audit Adj;Primary Costs or Revenue;561200;Other expenses;Opex above margin - YB20. Opex below margin - YB30. G&A below margin - YB40/YB50/YB99.;Other Operating Expenses - YB20/YB30. Other General and Administrative Expenses - YB40/YB50/YB99
61052000;Group Insurance;Primary Costs or Revenue;560000;Wages and salaries and other benefit costs;Opex above margin - YB20. Opex below margin - YB30. G&A below margin - YB40/YB50/YB99.;Employee Expense. Opex - YB20/YB30. G&A - YB40/YB50/YB99
61060000;401K/NQDF Match Expense;Primary Costs or Revenue;560000;Wages and salaries and other benefit costs;Opex above margin - YB20. Opex below margin - YB30. G&A below margin - YB40/YB50/YB99.;Employee Expense. Opex - YB20/YB30. G&A - YB40/YB50/YB99
61061000;Casualty;Primary Costs or Revenue;560000;Wages and salaries and other benefit costs;Opex above margin - YB20. Opex below margin - YB30. G&A below margin - YB40/YB50/YB99.;Employee Expense. Opex - YB20/YB30. G&A - YB40/YB50/YB99
61063000;Dues to Associations;Primary Costs or Revenue;560000;Wages and salaries and other benefit costs;Opex above margin - YB20. Opex below margin - YB30. G&A below margin - YB40/YB50/YB99.;Employee Expense. Opex - YB20/YB30. G&A - YB40/YB50/YB99
61065000;Incentive Plan Expense;Primary Costs or Revenue;560000;Wages and salaries and other benefit costs;Opex above margin - YB20. Opex below margin - YB30. G&A below margin - YB40/YB50/YB99.;Employee Expense. Opex - YB20/YB30. G&A - YB40/YB50/YB99
61099999;Labor Allocation (Co Only);Primary Costs or Revenue;560000;Wages and salaries and other benefit costs;Opex above margin - YB20. Opex below margin - YB30. G&A below margin - YB40/YB50/YB99.;Employee Expense. Opex - YB20/YB30. G&A - YB40/YB50/YB99
61100000;Payroll Expense - Salaries;Primary Costs or Revenue;560000;Wages and salaries and other benefit costs;Opex above margin - YB20. Opex below margin - YB30. G&A below margin - YB40/YB50/YB99.;Employee Expense. Opex - YB20/YB30. G&A - YB40/YB50/YB99
61101000;Payroll Expense - Other salary-related expenses;Primary Costs or Revenue;560000;Wages and salaries and other benefit costs;Opex above margin - YB20. Opex below margin - YB30. G&A below margin - YB40/YB50/YB99.;Employee Expense. Opex - YB20/YB30. G&A - YB40/YB50/YB99
61105000;Direct Costs - Carbon Capture Project;Primary Costs or Revenue;560000;Wages and salaries and other benefit costs;Opex above margin - YB20. Opex below margin - YB30. G&A below margin - YB40/YB50/YB99.;Employee Expense. Opex - YB20/YB30. G&A - YB40/YB50/YB99
61106000;Fringe Costs - Carbon Capture Project;Primary Costs or Revenue;560000;Wages and salaries and other benefit costs;Opex above margin - YB20. Opex below margin - YB30. G&A below margin - YB40/YB50/YB99.;Employee Expense. Opex - YB20/YB30. G&A - YB40/YB50/YB99
61107000;Indirect Costs - Carbon Capture Project;Primary Costs or Revenue;560000;Wages and salaries and other benefit costs;Opex above margin - YB20. Opex below margin - YB30. G&A below margin - YB40/YB50/YB99.;Employee Expense. Opex - YB20/YB30. G&A - YB40/YB50/YB99
61200000;Payroll Expense - Tax and Soc Security - Wages;Primary Costs or Revenue;560000;Wages and salaries and other benefit costs;Opex above margin - YB20. Opex below margin - YB30. G&A below margin - YB40/YB50/YB99.;Employee Expense. Opex - YB20/YB30. G&A - YB40/YB50/YB99
61202000;Payroll Taxes - Unemployment;Primary Costs or Revenue;560000;Wages and salaries and other benefit costs;Opex above margin - YB20. Opex below margin - YB30. G&A below margin - YB40/YB50/YB99.;Employee Expense. Opex - YB20/YB30. G&A - YB40/YB50/YB99
61400000;Training and Education;Primary Costs or Revenue;560000;Wages and salaries and other benefit costs;Opex above margin - YB20. Opex below margin - YB30. G&A below margin - YB40/YB50/YB99.;Employee Expense. Opex - YB20/YB30. G&A - YB40/YB50/YB99
61401000;HR Recruitment;Primary Costs or Revenue;560000;Wages and salaries and other benefit costs;Opex above margin - YB20. Opex below margin - YB30. G&A below margin - YB40/YB50/YB99.;Employee Expense. Opex - YB20/YB30. G&A - YB40/YB50/YB99
61402000;Travel - Educ., Training & Seminars;Primary Costs or Revenue;560000;Wages and salaries and other benefit costs;Opex above margin - YB20. Opex below margin - YB30. G&A below margin - YB40/YB50/YB99.;Employee Expense. Opex - YB20/YB30. G&A - YB40/YB50/YB99
61402100;Unallowable Costs - Carbon Capture Project;Primary Costs or Revenue;560000;Wages and salaries and other benefit costs;Opex above margin - YB20. Opex below margin - YB30. G&A below margin - YB40/YB50/YB99.;Employee Expense. Opex - YB20/YB30. G&A - YB40/YB50/YB99
61403000;Meals & Ent - Educ., Training & Seminars;Primary Costs or Revenue;560000;Wages and salaries and other benefit costs;Opex above margin - YB20. Opex below margin - YB30. G&A below margin - YB40/YB50/YB99.;Employee Expense. Opex - YB20/YB30. G&A - YB40/YB50/YB99
61404000;Equipment Outfitting;Primary Costs or Revenue;560000;Wages and salaries and other benefit costs;Opex above margin - YB20. Opex below margin - YB30. G&A below margin - YB40/YB50/YB99.;Employee Expense. Opex - YB20/YB30. G&A - YB40/YB50/YB99
61405000;Medical Expense;Primary Costs or Revenue;560000;Wages and salaries and other benefit costs;Opex above margin - YB20. Opex below margin - YB30. G&A below margin - YB40/YB50/YB99.;Employee Expense. Opex - YB20/YB30. G&A - YB40/YB50/YB99
61406000;Drug Testing;Primary Costs or Revenue;560000;Wages and salaries and other benefit costs;Opex above margin - YB20. Opex below margin - YB30. G&A below margin - YB40/YB50/YB99.;Employee Expense. Opex - YB20/YB30. G&A - YB40/YB50/YB99
61407000;Uniform Expense;Primary Costs or Revenue;560000;Wages and salaries and other benefit costs;Opex above margin - YB20. Opex below margin - YB30. G&A below margin - YB40/YB50/YB99.;Employee Expense. Opex - YB20/YB30. G&A - YB40/YB50/YB99
61408000;Protective Clothing & Safety;Primary Costs or Revenue;560000;Wages and salaries and other benefit costs;Opex above margin - YB20. Opex below margin - YB30. G&A below margin - YB40/YB50/YB99.;Employee Expense. Opex - YB20/YB30. G&A - YB40/YB50/YB99
61409000;Relocation Expense;Primary Costs or Revenue;560000;Wages and salaries and other benefit costs;Opex above margin - YB20. Opex below margin - YB30. G&A below margin - YB40/YB50/YB99.;Employee Expense. Opex - YB20/YB30. G&A - YB40/YB50/YB99
61409100;Housing Allowance;Primary Costs or Revenue;560000;Wages and salaries and other benefit costs;Opex above margin - YB20. Opex below margin - YB30. G&A below margin - YB40/YB50/YB99.;Employee Expense. Opex - YB20/YB30. G&A - YB40/YB50/YB99
61409200;Auto-Employee Reimbursement;Primary Costs or Revenue;560000;Wages and salaries and other benefit costs;Opex above margin - YB20. Opex below margin - YB30. G&A below margin - YB40/YB50/YB99.;Employee Expense. Opex - YB20/YB30. G&A - YB40/YB50/YB99
61510000;Stock Based Compensation;Primary Costs or Revenue;560000;Wages and salaries and other benefit costs;Opex above margin - YB20. Opex below margin - YB30. G&A below margin - YB40/YB50/YB99.;Employee Expense. Opex - YB20/YB30. G&A - YB40/YB50/YB99
61511000;Stock Based Compensation - Allocated;Primary Costs or Revenue;560000;Wages and salaries and other benefit costs;Opex above margin - YB20. Opex below margin - YB30. G&A below margin - YB40/YB50/YB99.;Employee Expense. Opex - YB20/YB30. G&A - YB40/YB50/YB99
61512000;Employee Stock Purchase Plan Expense;Primary Costs or Revenue;560000;Wages and salaries and other benefit costs;Opex above margin - YB20. Opex below margin - YB30. G&A below margin - YB40/YB50/YB99.;Employee Expense. Opex - YB20/YB30. G&A - YB40/YB50/YB99
62000000;Bad Debt Expense;Primary Costs or Revenue;561200;Other expenses;Opex above margin - YB20. Opex below margin - YB30. G&A below margin - YB40/YB50/YB99.;Other Operating Expenses - YB20/YB30. Other General and Administrative Expenses - YB40/YB50/YB99
62000001;Grant Clearing - Carbon Capture Project;Primary Costs or Revenue;561200;Other expenses;Opex above margin - YB20. Opex below margin - YB30. G&A below margin - YB40/YB50/YB99.;Other Operating Expenses - YB20/YB30. Other General and Administrative Expenses - YB40/YB50/YB99
62000002;Participant Costs - Carbon Capture Project;Primary Costs or Revenue;561200;Other expenses;Opex above margin - YB20. Opex below margin - YB30. G&A below margin - YB40/YB50/YB99.;Other Operating Expenses - YB20/YB30. Other General and Administrative Expenses - YB40/YB50/YB99
63001000;Electricity and other Utilities;Primary Costs or Revenue;560100;Variable Expense;Opex above margin - YB20. Opex below margin - YB30. G&A below margin - YB40/YB50/YB99.;Variable Expense. Opex - YB20/YB30. G&A - YB40/YB50/YB99
63001100;Natural Gas;Primary Costs or Revenue;560100;Variable Expense;Opex above margin - YB20. Opex below margin - YB30. G&A below margin - YB40/YB50/YB99.;Variable Expense. Opex - YB20/YB30. G&A - YB40/YB50/YB99
63001200;Process Gas F.O.E. To Ref;Primary Costs or Revenue;560100;Variable Expense;Opex above margin - YB20. Opex below margin - YB30. G&A below margin - YB40/YB50/YB99.;Variable Expense. Opex - YB20/YB30. G&A - YB40/YB50/YB99
63001300;Process Fuel Gas;Primary Costs or Revenue;560100;Variable Expense;Opex above margin - YB20. Opex below margin - YB30. G&A below margin - YB40/YB50/YB99.;Variable Expense. Opex - YB20/YB30. G&A - YB40/YB50/YB99
63002000;Water;Primary Costs or Revenue;560100;Variable Expense;Opex above margin - YB20. Opex below margin - YB30. G&A below margin - YB40/YB50/YB99.;Variable Expense. Opex - YB20/YB30. G&A - YB40/YB50/YB99
63003000;Other Periodic Service;Primary Costs or Revenue;560100;Variable Expense;Opex above margin - YB20. Opex below margin - YB30. G&A below margin - YB40/YB50/YB99.;Variable Expense. Opex - YB20/YB30. G&A - YB40/YB50/YB99
63003100;Utilities - Nitrogen;Primary Costs or Revenue;560100;Variable Expense;Opex above margin - YB20. Opex below margin - YB30. G&A below margin - YB40/YB50/YB99.;Variable Expense. Opex - YB20/YB30. G&A - YB40/YB50/YB99
63003200;Utilities - Oxygen;Primary Costs or Revenue;560100;Variable Expense;Opex above margin - YB20. Opex below margin - YB30. G&A below margin - YB40/YB50/YB99.;Variable Expense. Opex - YB20/YB30. G&A - YB40/YB50/YB99
63003300;Chemical Expense;Primary Costs or Revenue;560100;Variable Expense;Opex above margin - YB20. Opex below margin - YB30. G&A below margin - YB40/YB50/YB99.;Variable Expense. Opex - YB20/YB30. G&A - YB40/YB50/YB99
63003400;Rebilled Expenses;Primary Costs or Revenue;560100;Variable Expense;Opex above margin - YB20. Opex below margin - YB30. G&A below margin - YB40/YB50/YB99.;Variable Expense. Opex - YB20/YB30. G&A - YB40/YB50/YB99
63003500;Sulfuric Acid;Primary Costs or Revenue;560100;Variable Expense;Opex above margin - YB20. Opex below margin - YB30. G&A below margin - YB40/YB50/YB99.;Variable Expense. Opex - YB20/YB30. G&A - YB40/YB50/YB99
63003600;Drag Reducing Agent Expense;Primary Costs or Revenue;560100;Variable Expense;Opex above margin - YB20. Opex below margin - YB30. G&A below margin - YB40/YB50/YB99.;Variable Expense. Opex - YB20/YB30. G&A - YB40/YB50/YB99
63003700;Additives;Primary Costs or Revenue;560100;Variable Expense;Opex above margin - YB20. Opex below margin - YB30. G&A below margin - YB40/YB50/YB99.;Variable Expense. Opex - YB20/YB30. G&A - YB40/YB50/YB99
63004000;Insurance Expense - Casualty & Pollution;Primary Costs or Revenue;560400;Insurance Expense;Opex above margin - YB20. Opex below margin - YB30. G&A below margin - YB40/YB50/YB99.;Insurance Expense. Opex - YB20/YB30. G&A - YB40/YB50/YB99
63004100;Ins. Exp Executive Service & Network Security;Primary Costs or Revenue;560400;Insurance Expense;Opex above margin - YB20. Opex below margin - YB30. G&A below margin - YB40/YB50/YB99.;Insurance Expense. Opex - YB20/YB30. G&A - YB40/YB50/YB99
63004200;Uninsured Losses;Primary Costs or Revenue;560400;Insurance Expense;Opex above margin - YB20. Opex below margin - YB30. G&A below margin - YB40/YB50/YB99.;Insurance Expense. Opex - YB20/YB30. G&A - YB40/YB50/YB99
63004300;Insurance Expense - Property & Time Element;Primary Costs or Revenue;560400;Insurance Expense;Opex above margin - YB20. Opex below margin - YB30. G&A below margin - YB40/YB50/YB99.;Insurance Expense. Opex - YB20/YB30. G&A - YB40/YB50/YB99
63004400;Insurance Expense - Time Element Adjustment;Primary Costs or Revenue;560400;Insurance Expense;Opex above margin - YB20. Opex below margin - YB30. G&A below margin - YB40/YB50/YB99.;Insurance Expense. Opex - YB20/YB30. G&A - YB40/YB50/YB99
63004500;Insurance Expense - Bonds;Primary Costs or Revenue;560400;Insurance Expense;Opex above margin - YB20. Opex below margin - YB30. G&A below margin - YB40/YB50/YB99.;Insurance Expense. Opex - YB20/YB30. G&A - YB40/YB50/YB99
63004600;Catalyst;Primary Costs or Revenue;560100;Variable Expense;Opex above margin - YB20. Opex below margin - YB30. G&A below margin - YB40/YB50/YB99.;Variable Expense. Opex - YB20/YB30. G&A - YB40/YB50/YB99
63004700;Catalyst Surcharge;Primary Costs or Revenue;560100;Variable Expense;Opex above margin - YB20. Opex below margin - YB30. G&A below margin - YB40/YB50/YB99.;Variable Expense. Opex - YB20/YB30. G&A - YB40/YB50/YB99
63004800;Wastewater Chemicals;Primary Costs or Revenue;560100;Variable Expense;Opex above margin - YB20. Opex below margin - YB30. G&A below margin - YB40/YB50/YB99.;Variable Expense. Opex - YB20/YB30. G&A - YB40/YB50/YB99
63005000;Lease Expense;Primary Costs or Revenue;560500;Lease & Rental Expense;Opex above margin - YB20. Opex below margin - YB30. G&A below margin - YB40/YB50/YB99.;Lease & Rental Expense. Opex - YB20/YB30. G&A - YB40/YB50/YB99
63005100;Contra Lease Expense;Primary Costs or Revenue;560500;Lease & Rental Expense;Opex above margin - YB20. Opex below margin - YB30. G&A below margin - YB40/YB50/YB99.;Lease & Rental Expense. Opex - YB20/YB30. G&A - YB40/YB50/YB99
63005200;Short-Term Lease Expense;Primary Costs or Revenue;560500;Lease & Rental Expense;Opex above margin - YB20. Opex below margin - YB30. G&A below margin - YB40/YB50/YB99.;Lease & Rental Expense. Opex - YB20/YB30. G&A - YB40/YB50/YB99
63005300;Variable Lease Expense;Primary Costs or Revenue;560500;Lease & Rental Expense;Opex above margin - YB20. Opex below margin - YB30. G&A below margin - YB40/YB50/YB99.;Lease & Rental Expense. Opex - YB20/YB30. G&A - YB40/YB50/YB99
63006000;License & Permits;Primary Costs or Revenue;560600;Taxes, Licenses & Fees;Opex above margin - YB20. Opex below margin - YB30. G&A below margin - YB40/YB50/YB99.;Taxes, Licenses & Fees. Opex - YB20/YB30. G&A - YB40/YB50/YB99
63006100;Inspection Fees;Primary Costs or Revenue;560600;Taxes, Licenses & Fees;Opex above margin - YB20. Opex below margin - YB30. G&A below margin - YB40/YB50/YB99.;Taxes, Licenses & Fees. Opex - YB20/YB30. G&A - YB40/YB50/YB99
63006200;Inbound Expense;Primary Costs or Revenue;560900;Communication Expense;Opex above margin - YB20. Opex below margin - YB30. G&A below margin - YB40/YB50/YB99.;Communication Expense. Opex - YB20/YB30. G&A - YB40/YB50/YB99
63006300;Cellular Telephone;Primary Costs or Revenue;560900;Communication Expense;Opex above margin - YB20. Opex below margin - YB30. G&A below margin - YB40/YB50/YB99.;Communication Expense. Opex - YB20/YB30. G&A - YB40/YB50/YB99
63006400;Telephone and other Communication;Primary Costs or Revenue;560900;Communication Expense;Opex above margin - YB20. Opex below margin - YB30. G&A below margin - YB40/YB50/YB99.;Communication Expense. Opex - YB20/YB30. G&A - YB40/YB50/YB99
63006500;Outbound Expense;Primary Costs or Revenue;560900;Communication Expense;Opex above margin - YB20. Opex below margin - YB30. G&A below margin - YB40/YB50/YB99.;Communication Expense. Opex - YB20/YB30. G&A - YB40/YB50/YB99
63007000;Fax and Internet;Primary Costs or Revenue;560900;Communication Expense;Opex above margin - YB20. Opex below margin - YB30. G&A below margin - YB40/YB50/YB99.;Communication Expense. Opex - YB20/YB30. G&A - YB40/YB50/YB99
64001000;Depreciation Expense - Buildings;Primary Costs or Revenue;571000;Depreciation/Impairment Expense;Depr & Amort above margin - YB20/YB40. Depr & Amort below margin - YB30/YB50/YB99.;Depreciation & Amortization Expense
64001010;Depr Expense Buildings Reduction Entry Reserve(JP);Primary Costs or Revenue;571000;Depreciation/Impairment Expense;Depr & Amort above margin - YB20/YB40. Depr & Amort below margin - YB30/YB50/YB99.;Depreciation & Amortization Expense
64002000;Depreciation Expense - Machinery & Equipment;Primary Costs or Revenue;571000;Depreciation/Impairment Expense;Depr & Amort above margin - YB20/YB40. Depr & Amort below margin - YB30/YB50/YB99.;Depreciation & Amortization Expense
64003000;Depreciation Expense - Building Improvement;Primary Costs or Revenue;571000;Depreciation/Impairment Expense;Depr & Amort above margin - YB20/YB40. Depr & Amort below margin - YB30/YB50/YB99.;Depreciation & Amortization Expense
64004000;Depreciation Expense - Motor Vehicles;Primary Costs or Revenue;571000;Depreciation/Impairment Expense;Depr & Amort above margin - YB20/YB40. Depr & Amort below margin - YB30/YB50/YB99.;Depreciation & Amortization Expense
64005000;Depreciation Expense - Office Equipment;Primary Costs or Revenue;571000;Depreciation/Impairment Expense;Depr & Amort above margin - YB20/YB40. Depr & Amort below margin - YB30/YB50/YB99.;Depreciation & Amortization Expense
64006000;Depreciation Expense - Furniture;Primary Costs or Revenue;571000;Depreciation/Impairment Expense;Depr & Amort above margin - YB20/YB40. Depr & Amort below margin - YB30/YB50/YB99.;Depreciation & Amortization Expense
64006100;Depreciation Expense - Turnaround Ppe;Primary Costs or Revenue;571000;Depreciation/Impairment Expense;Depr & Amort above margin - YB20/YB40. Depr & Amort below margin - YB30/YB50/YB99.;Depreciation & Amortization Expense
64006200;Depreciation Expense - C-Store Equipment;Primary Costs or Revenue;571000;Depreciation/Impairment Expense;Depr & Amort above margin - YB20/YB40. Depr & Amort below margin - YB30/YB50/YB99.;Depreciation & Amortization Expense
64006300;Depreciation Expense - Cataylst;Primary Costs or Revenue;571000;Depreciation/Impairment Expense;Depr & Amort above margin - YB20/YB40. Depr & Amort below margin - YB30/YB50/YB99.;Depreciation & Amortization Expense
64007000;Depreciation Expense - Computer Hardware;Primary Costs or Revenue;571000;Depreciation/Impairment Expense;Depr & Amort above margin - YB20/YB40. Depr & Amort below margin - YB30/YB50/YB99.;Depreciation & Amortization Expense
64008000;Depreciation Expense - Computer Software;Primary Costs or Revenue;571000;Depreciation/Impairment Expense;Depr & Amort above margin - YB20/YB40. Depr & Amort below margin - YB30/YB50/YB99.;Depreciation & Amortization Expense
64020000;Depreciation Expense - Low Value Assets;Primary Costs or Revenue;571000;Depreciation/Impairment Expense;Depr & Amort above margin - YB20/YB40. Depr & Amort below margin - YB30/YB50/YB99.;Depreciation & Amortization Expense
64021000;Amortization Expense;Primary Costs or Revenue;571001;Amortization Expense;Depr & Amort above margin - YB20/YB40. Depr & Amort below margin - YB30/YB50/YB99.;Depreciation & Amortization Expense
64021500;AMORIZATION EXPENSE - CONTRA;Primary Costs or Revenue;571001;Amortization Expense;Depr & Amort above margin - YB20/YB40. Depr & Amort below margin - YB30/YB50/YB99.;Depreciation & Amortization Expense
64030000;Unplanned Depreciation Expense;Primary Costs or Revenue;571000;Depreciation/Impairment Expense;Depr & Amort above margin - YB20/YB40. Depr & Amort below margin - YB30/YB50/YB99.;Depreciation & Amortization Expense
64040000;Scheduled Deprec Fixed Assets below Asset Value;Primary Costs or Revenue;571000;Depreciation/Impairment Expense;Depr & Amort above margin - YB20/YB40. Depr & Amort below margin - YB30/YB50/YB99.;Depreciation & Amortization Expense
64043000;Amortization Expense - Goodwill;Primary Costs or Revenue;572000;Impairment of goodwill;Asset Impairment;Impairment of Goodwill
64050000;Manual Depreciation - Adjustment;Primary Costs or Revenue;571000;Depreciation/Impairment Expense;Depr & Amort above margin - YB20/YB40. Depr & Amort below margin - YB30/YB50/YB99.;Depreciation & Amortization Expense
64060000;Depreciation - Finance Leases;Primary Costs or Revenue;571000;Depreciation/Impairment Expense;Depr & Amort above margin - YB20/YB40. Depr & Amort below margin - YB30/YB50/YB99.;Depreciation & Amortization Expense
64070000;Depreciation - IC Finance Leases;Primary Costs or Revenue;571000;Depreciation/Impairment Expense;Depr & Amort above margin - YB20/YB40. Depr & Amort below margin - YB30/YB50/YB99.;Depreciation & Amortization Expense
64071000;Depreciation - IC Sales Type Lease Adj;Primary Costs or Revenue;571000;Depreciation/Impairment Expense;Depr & Amort above margin - YB20/YB40. Depr & Amort below margin - YB30/YB50/YB99.;Depreciation & Amortization Expense
64080000;Impairment Expense;Primary Costs or Revenue;572000;Impairment of goodwill;Asset Impairment;Impairment of Goodwill
65000000;Postage and Shipping;Primary Costs or Revenue;560900;Communication Expense;Opex above margin - YB20. Opex below margin - YB30. G&A below margin - YB40/YB50/YB99.;Communication Expense. Opex - YB20/YB30. G&A - YB40/YB50/YB99
65000500;Non Production - Material Consumption;Primary Costs or Revenue;560300;Maintenance & Repairs;Opex above margin - YB20. Opex below margin - YB30. G&A below margin - YB40/YB50/YB99.;Maintenance & Repairs Expense. Opex - YB20/YB30. G&A - YB40/YB50/YB99
65000600;Materials - Internal;Primary Costs or Revenue;560300;Maintenance & Repairs;Opex above margin - YB20. Opex below margin - YB30. G&A below margin - YB40/YB50/YB99.;Maintenance & Repairs Expense. Opex - YB20/YB30. G&A - YB40/YB50/YB99
65001000;Purchased Services;Primary Costs or Revenue;560200;Outside Services;Opex above margin - YB20. Opex below margin - YB30. G&A below margin - YB40/YB50/YB99.;Outside Services. Opex - YB20/YB30. G&A - YB40/YB50/YB99
65002000;Advertising and Sales Costs;Primary Costs or Revenue;561200;Other expenses;Opex above margin - YB20. Opex below margin - YB30. G&A below margin - YB40/YB50/YB99.;Other Operating Expenses - YB20/YB30. Other General and Administrative Expenses - YB40/YB50/YB99
65002100;Advertising - Loyality;Primary Costs or Revenue;561200;Other expenses;Opex above margin - YB20. Opex below margin - YB30. G&A below margin - YB40/YB50/YB99.;Other Operating Expenses - YB20/YB30. Other General and Administrative Expenses - YB40/YB50/YB99
65002200;Employee & Community Events;Primary Costs or Revenue;561200;Other expenses;Opex above margin - YB20. Opex below margin - YB30. G&A below margin - YB40/YB50/YB99.;Other Operating Expenses - YB20/YB30. Other General and Administrative Expenses - YB40/YB50/YB99
65003000;Repairs & Maint - Vehicle Costs;Primary Costs or Revenue;560300;Maintenance & Repairs;Opex above margin - YB20. Opex below margin - YB30. G&A below margin - YB40/YB50/YB99.;Maintenance & Repairs Expense. Opex - YB20/YB30. G&A - YB40/YB50/YB99
65003100;Repairs & Maint - Internal Labor Allocation - Manu;Primary Costs or Revenue;560300;Maintenance & Repairs;Opex above margin - YB20. Opex below margin - YB30. G&A below margin - YB40/YB50/YB99.;Maintenance & Repairs Expense. Opex - YB20/YB30. G&A - YB40/YB50/YB99
65003200;Repairs & Maint - Other;Primary Costs or Revenue;560300;Maintenance & Repairs;Opex above margin - YB20. Opex below margin - YB30. G&A below margin - YB40/YB50/YB99.;Maintenance & Repairs Expense. Opex - YB20/YB30. G&A - YB40/YB50/YB99
65004000;Contract Services - Waste Disposal;Primary Costs or Revenue;560200;Outside Services;Opex above margin - YB20. Opex below margin - YB30. G&A below margin - YB40/YB50/YB99.;Outside Services. Opex - YB20/YB30. G&A - YB40/YB50/YB99
65004100;Contract Services - Environmental;Primary Costs or Revenue;560200;Outside Services;Opex above margin - YB20. Opex below margin - YB30. G&A below margin - YB40/YB50/YB99.;Outside Services. Opex - YB20/YB30. G&A - YB40/YB50/YB99
65005000;Tank Maintenance;Primary Costs or Revenue;560300;Maintenance & Repairs;Opex above margin - YB20. Opex below margin - YB30. G&A below margin - YB40/YB50/YB99.;Maintenance & Repairs Expense. Opex - YB20/YB30. G&A - YB40/YB50/YB99
65005100;Materials - Freight;Primary Costs or Revenue;560300;Maintenance & Repairs;Opex above margin - YB20. Opex below margin - YB30. G&A below margin - YB40/YB50/YB99.;Maintenance & Repairs Expense. Opex - YB20/YB30. G&A - YB40/YB50/YB99
65005200;653 Tank Maintenance > 5 Years;Primary Costs or Revenue;560300;Maintenance & Repairs;Opex above margin - YB20. Opex below margin - YB30. G&A below margin - YB40/YB50/YB99.;Maintenance & Repairs Expense. Opex - YB20/YB30. G&A - YB40/YB50/YB99
65005300;Maintenance - Preventative;Primary Costs or Revenue;560300;Maintenance & Repairs;Opex above margin - YB20. Opex below margin - YB30. G&A below margin - YB40/YB50/YB99.;Maintenance & Repairs Expense. Opex - YB20/YB30. G&A - YB40/YB50/YB99
65005310;Maintenance - Technicians;Primary Costs or Revenue;560300;Maintenance & Repairs;Opex above margin - YB20. Opex below margin - YB30. G&A below margin - YB40/YB50/YB99.;Maintenance & Repairs Expense. Opex - YB20/YB30. G&A - YB40/YB50/YB99
65005400;Repairs & Maint - Roustabouts;Primary Costs or Revenue;560300;Maintenance & Repairs;Opex above margin - YB20. Opex below margin - YB30. G&A below margin - YB40/YB50/YB99.;Maintenance & Repairs Expense. Opex - YB20/YB30. G&A - YB40/YB50/YB99
65006000;Repairs & Maintenance Trailers;Primary Costs or Revenue;560300;Maintenance & Repairs;Opex above margin - YB20. Opex below margin - YB30. G&A below margin - YB40/YB50/YB99.;Maintenance & Repairs Expense. Opex - YB20/YB30. G&A - YB40/YB50/YB99
65006010;Repairs & Maintenance Tractors;Primary Costs or Revenue;560300;Maintenance & Repairs;Opex above margin - YB20. Opex below margin - YB30. G&A below margin - YB40/YB50/YB99.;Maintenance & Repairs Expense. Opex - YB20/YB30. G&A - YB40/YB50/YB99
65006100;Supplies - Tractor Tires-RecAP;Primary Costs or Revenue;560300;Maintenance & Repairs;Opex above margin - YB20. Opex below margin - YB30. G&A below margin - YB40/YB50/YB99.;Maintenance & Repairs Expense. Opex - YB20/YB30. G&A - YB40/YB50/YB99
65006200;Supplies - Trailer Tires-RecAP;Primary Costs or Revenue;560300;Maintenance & Repairs;Opex above margin - YB20. Opex below margin - YB30. G&A below margin - YB40/YB50/YB99.;Maintenance & Repairs Expense. Opex - YB20/YB30. G&A - YB40/YB50/YB99
65006300;Towing Expenses;Primary Costs or Revenue;560300;Maintenance & Repairs;Opex above margin - YB20. Opex below margin - YB30. G&A below margin - YB40/YB50/YB99.;Maintenance & Repairs Expense. Opex - YB20/YB30. G&A - YB40/YB50/YB99
65006400;Truck Wash;Primary Costs or Revenue;560300;Maintenance & Repairs;Opex above margin - YB20. Opex below margin - YB30. G&A below margin - YB40/YB50/YB99.;Maintenance & Repairs Expense. Opex - YB20/YB30. G&A - YB40/YB50/YB99
65006500;Extraordinary Maintenance;Primary Costs or Revenue;560300;Maintenance & Repairs;Opex above margin - YB20. Opex below margin - YB30. G&A below margin - YB40/YB50/YB99.;Maintenance & Repairs Expense. Opex - YB20/YB30. G&A - YB40/YB50/YB99
65006600;Repairs & Maint- Electrical;Primary Costs or Revenue;560300;Maintenance & Repairs;Opex above margin - YB20. Opex below margin - YB30. G&A below margin - YB40/YB50/YB99.;Maintenance & Repairs Expense. Opex - YB20/YB30. G&A - YB40/YB50/YB99
65006700;Repairs & Maint- Automation;Primary Costs or Revenue;560300;Maintenance & Repairs;Opex above margin - YB20. Opex below margin - YB30. G&A below margin - YB40/YB50/YB99.;Maintenance & Repairs Expense. Opex - YB20/YB30. G&A - YB40/YB50/YB99
65006800;Repairs & Maint - SW Pump Repairs;Primary Costs or Revenue;560300;Maintenance & Repairs;Opex above margin - YB20. Opex below margin - YB30. G&A below margin - YB40/YB50/YB99.;Maintenance & Repairs Expense. Opex - YB20/YB30. G&A - YB40/YB50/YB99
65006900;Repairs & Maint- Skim Oil Trucking;Primary Costs or Revenue;560300;Maintenance & Repairs;Opex above margin - YB20. Opex below margin - YB30. G&A below margin - YB40/YB50/YB99.;Maintenance & Repairs Expense. Opex - YB20/YB30. G&A - YB40/YB50/YB99
65006901;Repairs & Maint - Water Hauling;Primary Costs or Revenue;560300;Maintenance & Repairs;Opex above margin - YB20. Opex below margin - YB30. G&A below margin - YB40/YB50/YB99.;Maintenance & Repairs Expense. Opex - YB20/YB30. G&A - YB40/YB50/YB99
65007000;Contract Services - Spill and Clean-Up;Primary Costs or Revenue;560200;Outside Services;Opex above margin - YB20. Opex below margin - YB30. G&A below margin - YB40/YB50/YB99.;Outside Services. Opex - YB20/YB30. G&A - YB40/YB50/YB99
65100000;Office Supplies;Primary Costs or Revenue;560700;Supplies Expense;Opex above margin - YB20. Opex below margin - YB30. G&A below margin - YB40/YB50/YB99.;Supplies Expense. Opex - YB20/YB30. G&A - YB40/YB50/YB99
65101000;Supplies - Storehouse;Primary Costs or Revenue;560700;Supplies Expense;Opex above margin - YB20. Opex below margin - YB30. G&A below margin - YB40/YB50/YB99.;Supplies Expense. Opex - YB20/YB30. G&A - YB40/YB50/YB99
65103000;Equipment Outfitting;Primary Costs or Revenue;560700;Supplies Expense;Opex above margin - YB20. Opex below margin - YB30. G&A below margin - YB40/YB50/YB99.;Supplies Expense. Opex - YB20/YB30. G&A - YB40/YB50/YB99
65104000;Supplies - Trailer Tires New;Primary Costs or Revenue;560700;Supplies Expense;Opex above margin - YB20. Opex below margin - YB30. G&A below margin - YB40/YB50/YB99.;Supplies Expense. Opex - YB20/YB30. G&A - YB40/YB50/YB99
65105000;Supplies - Driver Supplies;Primary Costs or Revenue;560700;Supplies Expense;Opex above margin - YB20. Opex below margin - YB30. G&A below margin - YB40/YB50/YB99.;Supplies Expense. Opex - YB20/YB30. G&A - YB40/YB50/YB99
65150000;Computer Supplies;Primary Costs or Revenue;560700;Supplies Expense;Opex above margin - YB20. Opex below margin - YB30. G&A below margin - YB40/YB50/YB99.;Supplies Expense. Opex - YB20/YB30. G&A - YB40/YB50/YB99
65160000;Supplies - Royalties;Primary Costs or Revenue;560700;Supplies Expense;Opex above margin - YB20. Opex below margin - YB30. G&A below margin - YB40/YB50/YB99.;Supplies Expense. Opex - YB20/YB30. G&A - YB40/YB50/YB99
65200000;Other Supplies;Primary Costs or Revenue;560700;Supplies Expense;Opex above margin - YB20. Opex below margin - YB30. G&A below margin - YB40/YB50/YB99.;Supplies Expense. Opex - YB20/YB30. G&A - YB40/YB50/YB99
65210000;Supplies - Association Dues;Primary Costs or Revenue;560700;Supplies Expense;Opex above margin - YB20. Opex below margin - YB30. G&A below margin - YB40/YB50/YB99.;Supplies Expense. Opex - YB20/YB30. G&A - YB40/YB50/YB99
65211000;Supplies - Association Dues - Non Deductible;Primary Costs or Revenue;560700;Supplies Expense;Opex above margin - YB20. Opex below margin - YB30. G&A below margin - YB40/YB50/YB99.;Supplies Expense. Opex - YB20/YB30. G&A - YB40/YB50/YB99
65220000;Supplies - Janitorial;Primary Costs or Revenue;560700;Supplies Expense;Opex above margin - YB20. Opex below margin - YB30. G&A below margin - YB40/YB50/YB99.;Supplies Expense. Opex - YB20/YB30. G&A - YB40/YB50/YB99
65230000;Supplies - Small Tools;Primary Costs or Revenue;560700;Supplies Expense;Opex above margin - YB20. Opex below margin - YB30. G&A below margin - YB40/YB50/YB99.;Supplies Expense. Opex - YB20/YB30. G&A - YB40/YB50/YB99
65240000;Supplies - Operating;Primary Costs or Revenue;560700;Supplies Expense;Opex above margin - YB20. Opex below margin - YB30. G&A below margin - YB40/YB50/YB99.;Supplies Expense. Opex - YB20/YB30. G&A - YB40/YB50/YB99
65250000;Supplies - Environmental;Primary Costs or Revenue;560700;Supplies Expense;Opex above margin - YB20. Opex below margin - YB30. G&A below margin - YB40/YB50/YB99.;Supplies Expense. Opex - YB20/YB30. G&A - YB40/YB50/YB99
65260000;Supplies - Laboratory;Primary Costs or Revenue;560700;Supplies Expense;Opex above margin - YB20. Opex below margin - YB30. G&A below margin - YB40/YB50/YB99.;Supplies Expense. Opex - YB20/YB30. G&A - YB40/YB50/YB99
65270000;Supplies - Miscellaneous;Primary Costs or Revenue;560700;Supplies Expense;Opex above margin - YB20. Opex below margin - YB30. G&A below margin - YB40/YB50/YB99.;Supplies Expense. Opex - YB20/YB30. G&A - YB40/YB50/YB99
65280000;Supplies - Inventory W/O Adjustments;Primary Costs or Revenue;560700;Supplies Expense;Opex above margin - YB20. Opex below margin - YB30. G&A below margin - YB40/YB50/YB99.;Supplies Expense. Opex - YB20/YB30. G&A - YB40/YB50/YB99
65290000;Supplies - Claims Settlement;Primary Costs or Revenue;560700;Supplies Expense;Opex above margin - YB20. Opex below margin - YB30. G&A below margin - YB40/YB50/YB99.;Supplies Expense. Opex - YB20/YB30. G&A - YB40/YB50/YB99
65300000;Contract Services - Audit;Primary Costs or Revenue;560200;Outside Services;Opex above margin - YB20. Opex below margin - YB30. G&A below margin - YB40/YB50/YB99.;Outside Services. Opex - YB20/YB30. G&A - YB40/YB50/YB99
65301000;Marketing Expenses;Primary Costs or Revenue;561200;Other expenses;Opex above margin - YB20. Opex below margin - YB30. G&A below margin - YB40/YB50/YB99.;Other Operating Expenses - YB20/YB30. Other General and Administrative Expenses - YB40/YB50/YB99
65301050;Business Promotion - Non Deductible;Primary Costs or Revenue;561200;Other expenses;Opex above margin - YB20. Opex below margin - YB30. G&A below margin - YB40/YB50/YB99.;Other Operating Expenses - YB20/YB30. Other General and Administrative Expenses - YB40/YB50/YB99
65301100;Contract Services - Legal;Primary Costs or Revenue;560200;Outside Services;Opex above margin - YB20. Opex below margin - YB30. G&A below margin - YB40/YB50/YB99.;Outside Services. Opex - YB20/YB30. G&A - YB40/YB50/YB99
65301200;Contract Services - Professional Consulting;Primary Costs or Revenue;560200;Outside Services;Opex above margin - YB20. Opex below margin - YB30. G&A below margin - YB40/YB50/YB99.;Outside Services. Opex - YB20/YB30. G&A - YB40/YB50/YB99
65301300;Contract Services - Outside Services;Primary Costs or Revenue;560200;Outside Services;Opex above margin - YB20. Opex below margin - YB30. G&A below margin - YB40/YB50/YB99.;Outside Services. Opex - YB20/YB30. G&A - YB40/YB50/YB99
65301400;Contract Services - Contractors;Primary Costs or Revenue;560200;Outside Services;Opex above margin - YB20. Opex below margin - YB30. G&A below margin - YB40/YB50/YB99.;Outside Services. Opex - YB20/YB30. G&A - YB40/YB50/YB99
65301500;Contract Services - Accounting Services;Primary Costs or Revenue;560200;Outside Services;Opex above margin - YB20. Opex below margin - YB30. G&A below margin - YB40/YB50/YB99.;Outside Services. Opex - YB20/YB30. G&A - YB40/YB50/YB99
65301600;Contract Services - Inspection Fee;Primary Costs or Revenue;560200;Outside Services;Opex above margin - YB20. Opex below margin - YB30. G&A below margin - YB40/YB50/YB99.;Outside Services. Opex - YB20/YB30. G&A - YB40/YB50/YB99
65301700;Contract Services -Mechanical Integrity Inspection;Primary Costs or Revenue;560200;Outside Services;Opex above margin - YB20. Opex below margin - YB30. G&A below margin - YB40/YB50/YB99.;Outside Services. Opex - YB20/YB30. G&A - YB40/YB50/YB99
65301800;Contract Services - Safety;Primary Costs or Revenue;560200;Outside Services;Opex above margin - YB20. Opex below margin - YB30. G&A below margin - YB40/YB50/YB99.;Outside Services. Opex - YB20/YB30. G&A - YB40/YB50/YB99
65301900;Contract Services - Security;Primary Costs or Revenue;560200;Outside Services;Opex above margin - YB20. Opex below margin - YB30. G&A below margin - YB40/YB50/YB99.;Outside Services. Opex - YB20/YB30. G&A - YB40/YB50/YB99
65302000;Contract Services - Medical Tests & Physicals;Primary Costs or Revenue;560200;Outside Services;Opex above margin - YB20. Opex below margin - YB30. G&A below margin - YB40/YB50/YB99.;Outside Services. Opex - YB20/YB30. G&A - YB40/YB50/YB99
65302100;Contract Services - Payroll Processing;Primary Costs or Revenue;560200;Outside Services;Opex above margin - YB20. Opex below margin - YB30. G&A below margin - YB40/YB50/YB99.;Outside Services. Opex - YB20/YB30. G&A - YB40/YB50/YB99
65302200;Contract Services - Other;Primary Costs or Revenue;560200;Outside Services;Opex above margin - YB20. Opex below margin - YB30. G&A below margin - YB40/YB50/YB99.;Outside Services. Opex - YB20/YB30. G&A - YB40/YB50/YB99
65302300;Contract Services - Trash;Primary Costs or Revenue;560200;Outside Services;Opex above margin - YB20. Opex below margin - YB30. G&A below margin - YB40/YB50/YB99.;Outside Services. Opex - YB20/YB30. G&A - YB40/YB50/YB99
65302400;Contract Services - Allocated;Primary Costs or Revenue;560200;Outside Services;Opex above margin - YB20. Opex below margin - YB30. G&A below margin - YB40/YB50/YB99.;Outside Services. Opex - YB20/YB30. G&A - YB40/YB50/YB99
65302500;Contract Services - Reimbursement;Primary Costs or Revenue;560200;Outside Services;Opex above margin - YB20. Opex below margin - YB30. G&A below margin - YB40/YB50/YB99.;Outside Services. Opex - YB20/YB30. G&A - YB40/YB50/YB99
65302600;Contract Services - Contingent Labor;Primary Costs or Revenue;560200;Outside Services;Opex above margin - YB20. Opex below margin - YB30. G&A below margin - YB40/YB50/YB99.;Outside Services. Opex - YB20/YB30. G&A - YB40/YB50/YB99
65900000;Work From Home Reimbursement;Primary Costs or Revenue;560900;Communication Expense;Opex above margin - YB20. Opex below margin - YB30. G&A below margin - YB40/YB50/YB99.;Communication Expense. Opex - YB20/YB30. G&A - YB40/YB50/YB99
66000000;Other Operating Expenses;Primary Costs or Revenue;561100;Fuel & Lubricants;Opex above margin - YB20. Opex below margin - YB30. G&A below margin - YB40/YB50/YB99.;Other Operating Expenses - YB20/YB30. Other General and Administrative Expenses - YB40/YB50/YB99
66000100;Lube Oil, Greases & Water;Primary Costs or Revenue;561100;Fuel & Lubricants;Opex above margin - YB20. Opex below margin - YB30. G&A below margin - YB40/YB50/YB99.;Other Operating Expenses - YB20/YB30. Other General and Administrative Expenses - YB40/YB50/YB99
66000200;Fuel Own Use;Primary Costs or Revenue;561100;Fuel & Lubricants;Opex above margin - YB20. Opex below margin - YB30. G&A below margin - YB40/YB50/YB99.;Other Operating Expenses - YB20/YB30. Other General and Administrative Expenses - YB40/YB50/YB99
66000300;Inbound Expense;Primary Costs or Revenue;561200;Other expenses;Opex above margin - YB20. Opex below margin - YB30. G&A below margin - YB40/YB50/YB99.;Other Operating Expenses - YB20/YB30. Other General and Administrative Expenses - YB40/YB50/YB99
66000400;Third Party Trucking Expense;Primary Costs or Revenue;561200;Other expenses;Opex above margin - YB20. Opex below margin - YB30. G&A below margin - YB40/YB50/YB99.;Other Operating Expenses - YB20/YB30. Other General and Administrative Expenses - YB40/YB50/YB99
66000500;Charitable Contributions;Primary Costs or Revenue;561200;Other expenses;Opex above margin - YB20. Opex below margin - YB30. G&A below margin - YB40/YB50/YB99.;Other Operating Expenses - YB20/YB30. Other General and Administrative Expenses - YB40/YB50/YB99
66000600;Charitable Contributions - Non Deductible;Primary Costs or Revenue;561200;Other expenses;Opex above margin - YB20. Opex below margin - YB30. G&A below margin - YB40/YB50/YB99.;Other Operating Expenses - YB20/YB30. Other General and Administrative Expenses - YB40/YB50/YB99
66000700;Management Fee;Primary Costs or Revenue;561200;Other expenses;Opex above margin - YB20. Opex below margin - YB30. G&A below margin - YB40/YB50/YB99.;Other Operating Expenses - YB20/YB30. Other General and Administrative Expenses - YB40/YB50/YB99
66000800;Management Fee (Delek Us Payroll);Primary Costs or Revenue;561200;Other expenses;Opex above margin - YB20. Opex below margin - YB30. G&A below margin - YB40/YB50/YB99.;Other Operating Expenses - YB20/YB30. Other General and Administrative Expenses - YB40/YB50/YB99
66000900;Outbound Expense;Primary Costs or Revenue;561200;Other expenses;Opex above margin - YB20. Opex below margin - YB30. G&A below margin - YB40/YB50/YB99.;Other Operating Expenses - YB20/YB30. Other General and Administrative Expenses - YB40/YB50/YB99
66001000;Insurance Proceeds;Primary Costs or Revenue;585100;Insurance Proceeds;Other Operating income, net;Insurance Proceeds
67000000;Bank Expense;Primary Costs or Revenue;561000;Service Charges;Opex above margin - YB20. Opex below margin - YB30. G&A below margin - YB40/YB50/YB99.;Service Charges. Opex - YB20/YB30. G&A - YB40/YB50/YB99
67000001;Bank Charges - Virtual Card;Primary Costs or Revenue;561000;Service Charges;Opex above margin - YB20. Opex below margin - YB30. G&A below margin - YB40/YB50/YB99.;Service Charges. Opex - YB20/YB30. G&A - YB40/YB50/YB99
67000100;Credit Card Expense;Primary Costs or Revenue;561000;Service Charges;Opex above margin - YB20. Opex below margin - YB30. G&A below margin - YB40/YB50/YB99.;Service Charges. Opex - YB20/YB30. G&A - YB40/YB50/YB99
67000200;Losses - Credit Cards;Primary Costs or Revenue;561000;Service Charges;Opex above margin - YB20. Opex below margin - YB30. G&A below margin - YB40/YB50/YB99.;Service Charges. Opex - YB20/YB30. G&A - YB40/YB50/YB99
67000300;Brokerage Fees;Primary Costs or Revenue;561000;Service Charges;Opex above margin - YB20. Opex below margin - YB30. G&A below margin - YB40/YB50/YB99.;Service Charges. Opex - YB20/YB30. G&A - YB40/YB50/YB99
67000310;Service Fees;Primary Costs or Revenue;561000;Service Charges;Opex above margin - YB20. Opex below margin - YB30. G&A below margin - YB40/YB50/YB99.;Service Charges. Opex - YB20/YB30. G&A - YB40/YB50/YB99
67000400;Accretion Expense;Primary Costs or Revenue;561200;Other expenses;Opex above margin - YB20. Opex below margin - YB30. G&A below margin - YB40/YB50/YB99.;Other Operating Expenses - YB20/YB30. Other General and Administrative Expenses - YB40/YB50/YB99
67000500;Other Expenses;Primary Costs or Revenue;561200;Other expenses;Opex above margin - YB20. Opex below margin - YB30. G&A below margin - YB40/YB50/YB99.;Other Operating Expenses - YB20/YB30. Other General and Administrative Expenses - YB40/YB50/YB99
67000510;Intercompany Management Fees;Primary Costs or Revenue;561200;Other expenses;Opex above margin - YB20. Opex below margin - YB30. G&A below margin - YB40/YB50/YB99.;Other Operating Expenses - YB20/YB30. Other General and Administrative Expenses - YB40/YB50/YB99
67000600;Environmental;Primary Costs or Revenue;561200;Other expenses;Opex above margin - YB20. Opex below margin - YB30. G&A below margin - YB40/YB50/YB99.;Other Operating Expenses - YB20/YB30. Other General and Administrative Expenses - YB40/YB50/YB99
67000700;Opex Clearing Account;Primary Costs or Revenue;561200;Other expenses;Opex above margin - YB20. Opex below margin - YB30. G&A below margin - YB40/YB50/YB99.;Other Operating Expenses - YB20/YB30. Other General and Administrative Expenses - YB40/YB50/YB99
67000800;Right Of Way Expense;Primary Costs or Revenue;561200;Other expenses;Opex above margin - YB20. Opex below margin - YB30. G&A below margin - YB40/YB50/YB99.;Other Operating Expenses - YB20/YB30. Other General and Administrative Expenses - YB40/YB50/YB99
67000900;Other Non-Operating Expenses;Primary Costs or Revenue;561200;Other expenses;Opex above margin - YB20. Opex below margin - YB30. G&A below margin - YB40/YB50/YB99.;Other Operating Expenses - YB20/YB30. Other General and Administrative Expenses - YB40/YB50/YB99
67000910;G&A Clearing;Primary Costs or Revenue;561200;Other expenses;Opex above margin - YB20. Opex below margin - YB30. G&A below margin - YB40/YB50/YB99.;Other Operating Expenses - YB20/YB30. Other General and Administrative Expenses - YB40/YB50/YB99
67000920;Corporate Clean Team Expense;Primary Costs or Revenue;561200;Other expenses;Opex above margin - YB20. Opex below margin - YB30. G&A below margin - YB40/YB50/YB99.;Other Operating Expenses - YB20/YB30. Other General and Administrative Expenses - YB40/YB50/YB99
67000930;Royalties;Primary Costs or Revenue;561200;Other expenses;Opex above margin - YB20. Opex below margin - YB30. G&A below margin - YB40/YB50/YB99.;Other Operating Expenses - YB20/YB30. Other General and Administrative Expenses - YB40/YB50/YB99
67000940;Restructuring Cost;Primary Costs or Revenue;561200;Other expenses;Opex above margin - YB20. Opex below margin - YB30. G&A below margin - YB40/YB50/YB99.;Other Operating Expenses - YB20/YB30. Other General and Administrative Expenses - YB40/YB50/YB99
67001000;Fines & Assessments;Primary Costs or Revenue;560600;Taxes, Licenses & Fees;Opex above margin - YB20. Opex below margin - YB30. G&A below margin - YB40/YB50/YB99.;Taxes, Licenses & Fees. Opex - YB20/YB30. G&A - YB40/YB50/YB99
69000000;Excise Taxes;Primary Costs or Revenue;560600;Taxes, Licenses & Fees;Opex above margin - YB20. Opex below margin - YB30. G&A below margin - YB40/YB50/YB99.;Taxes, Licenses & Fees. Opex - YB20/YB30. G&A - YB40/YB50/YB99
69000100;Sales & Use Taxes;Primary Costs or Revenue;560600;Taxes, Licenses & Fees;Opex above margin - YB20. Opex below margin - YB30. G&A below margin - YB40/YB50/YB99.;Taxes, Licenses & Fees. Opex - YB20/YB30. G&A - YB40/YB50/YB99
69000200;Property Tax Expense;Primary Costs or Revenue;560600;Taxes, Licenses & Fees;Opex above margin - YB20. Opex below margin - YB30. G&A below margin - YB40/YB50/YB99.;Taxes, Licenses & Fees. Opex - YB20/YB30. G&A - YB40/YB50/YB99
69000300;Business Tax Expense;Primary Costs or Revenue;560600;Taxes, Licenses & Fees;Opex above margin - YB20. Opex below margin - YB30. G&A below margin - YB40/YB50/YB99.;Taxes, Licenses & Fees. Opex - YB20/YB30. G&A - YB40/YB50/YB99
69000400;Franchise Tax Expense;Primary Costs or Revenue;560600;Taxes, Licenses & Fees;Opex above margin - YB20. Opex below margin - YB30. G&A below margin - YB40/YB50/YB99.;Taxes, Licenses & Fees. Opex - YB20/YB30. G&A - YB40/YB50/YB99
69000500;Fuel Tax Expense;Primary Costs or Revenue;560600;Taxes, Licenses & Fees;Opex above margin - YB20. Opex below margin - YB30. G&A below margin - YB40/YB50/YB99.;Taxes, Licenses & Fees. Opex - YB20/YB30. G&A - YB40/YB50/YB99
69000600;Federal Reclamation Fund Tax Expense;Primary Costs or Revenue;560600;Taxes, Licenses & Fees;Opex above margin - YB20. Opex below margin - YB30. G&A below margin - YB40/YB50/YB99.;Taxes, Licenses & Fees. Opex - YB20/YB30. G&A - YB40/YB50/YB99
70040000;Discount Received;Nonoperating Expense or Income;604500;Other Non-Operating Expense;Other income, net (non-operating);Other (Income)/Losses
70100000;Interest Income;Nonoperating Expense or Income;601000;Interest income;Interest Income;Interest (Income)/Expense
70100010;IC Lease Interest Income;Nonoperating Expense or Income;601000;Interest income;Interest Income;Interest (Income)/Expense
70300000;Interest Income - Subsidiaries;Nonoperating Expense or Income;601000;Interest income;Interest Income;Interest (Income)/Expense
70300100;Commodity investment unrealized (gains);Nonoperating Expense or Income;585000;Other expenses;Other Operating income, net;Other Operating (Income)/Expense, net
70300200;Income From Subsidiaries;Nonoperating Expense or Income;608000;Inv Income;Income from Subsidiaries & Consolidated Equity Method Investments;Income from Subsidiaries & Consolidated Equity Method Investments
70300300;Income From Consolidated Equity Method Investments;Nonoperating Expense or Income;608100;Income from Consolidated EMI;Income from Subsidiaries & Consolidated Equity Method Investments;Income from Subsidiaries & Consolidated Equity Method Investments
70300400;Income From Equity Method Investments;Nonoperating Expense or Income;711000;Share of profit - associates / JV at equity method;Income from equity method investments;(Income)/Loss from Equity Method Investments
70800000;Other Extraordinary Income;Nonoperating Expense or Income;585000;Other expenses;Other Operating income, net;Other Operating (Income)/Expense, net
70801000;Miscellaneous Income/(Expense);Nonoperating Expense or Income;604000;Other financial income;Other income, net (non-operating);Other (Income)/Losses
70802000;Foreign Currency Gain/(Loss);Nonoperating Expense or Income;604000;Other financial income;Other income, net (non-operating);Other (Income)/Losses
70803000;Gain Small Price Difference Invoices Receipt (MM);Nonoperating Expense or Income;604000;Other financial income;Other income, net (non-operating);Other (Income)/Losses
70805000;Income From COSt Method Investment;Nonoperating Expense or Income;604000;Other financial income;Other income, net (non-operating);Other (Income)/Losses
70807000;Gain/(Loss) On Sale Of Equity Method Investments;Nonoperating Expense or Income;604000;Other financial income;Other income, net (non-operating);Other (Income)/Losses
70808000;Gain/(Loss) On Debt Extinguishment;Nonoperating Expense or Income;604000;Other financial income;Other income, net (non-operating);Other (Income)/Losses
70808100;Management Transfer Price - Secondary;Nonoperating Expense or Income;604100;Management Transfer Price;Management Transfer Price;Management Transfer Price
70808200;Management Transfer Price - Base;Nonoperating Expense or Income;604100;Management Transfer Price;Management Transfer Price;Management Transfer Price
70808300;Income/(Loss) from Discontinued Operations;Nonoperating Expense or Income;730000;(Profit) / loss from discontinued operations;Income from discontinued operationgs, including gain on sale of discontinued operations;Income/(Loss) Before Taxes - Discontinued Operations
70809000;Nci Income;Nonoperating Expense or Income;792000;Net income - NCI;Non-controlling interests;Net (Income)/Loss attributable to Non-Controlling Interest
70809100;Redeemable NCI;Nonoperating Expense or Income;791000;Redeemable Non-Controlling Interests;Redeemable Non-Controlling Interests;Redeemable Non-Controlling Interests
70810000;Bad Debt Expense - Operating;Nonoperating Expense or Income;585000;Other expenses;Other Operating income, net;Other Operating (Income)/Expense, net
71000000;Bank Charges;Nonoperating Expense or Income;561000;Service Charges;Opex above margin - YB20. Opex below margin - YB30. G&A below margin - YB40/YB50/YB99.;Service Charges. Opex - YB20/YB30. G&A - YB40/YB50/YB99
71010000;Loss from Asset Transactions;Nonoperating Expense or Income;581000;Losses on the disposal of PPE;Other Operating income, net;Other Operating (Income)/Expense, net
71010001;Loss from Non-Subledger Asset Transactions;Nonoperating Expense or Income;581000;Losses on the disposal of PPE;Other Operating income, net;Other Operating (Income)/Expense, net
71010002;Gain/(Loss) on Lease Transactions;Nonoperating Expense or Income;581000;Losses on the disposal of PPE;Other Operating income, net;Other Operating (Income)/Expense, net
71010003;Gain/(Loss) on IC Lease Transactions;Nonoperating Expense or Income;581000;Losses on the disposal of PPE;Other Operating income, net;Other Operating (Income)/Expense, net
71010010;Proceeds from Asset Transactions;Nonoperating Expense or Income;581000;Losses on the disposal of PPE;Other Operating income, net;Other Operating (Income)/Expense, net
71020000;Asset Post-Capitalization;Nonoperating Expense or Income;581000;Losses on the disposal of PPE;Other Operating income, net;Other Operating (Income)/Expense, net
71050000;Cash Discounts Expense;Nonoperating Expense or Income;561200;Other expenses;Opex above margin - YB20. Opex below margin - YB30. G&A below margin - YB40/YB50/YB99.;Other Operating Expenses - YB20/YB30. Other General and Administrative Expenses - YB40/YB50/YB99
71060000;Gain/(Loss) on Sale of Discontinued Operations;Nonoperating Expense or Income;730500;(Gain)/Loss on Sale of Discontinued Operations;Income from discontinued operationgs, including gain on sale of discontinued operations;Income/(Loss) Before Taxes - Discontinued Operations
71100000;Interest Expense - AUC;Primary Costs or Revenue;652000;Interest expenses;Interest Expense;Interest (Income)/Expense
71100001;Interest Expense;Nonoperating Expense or Income;652000;Interest expenses;Interest Expense;Interest (Income)/Expense
71200000;Interest Expense - Finance Lease;Nonoperating Expense or Income;652000;Interest expenses;Interest Expense;Interest (Income)/Expense
71200010;Interest Expense - IC Finance Lease;Nonoperating Expense or Income;652000;Interest expenses;Interest Expense;Interest (Income)/Expense
71300000;Interest Expense - Subsidiaries;Nonoperating Expense or Income;652000;Interest expenses;Interest Expense;Interest (Income)/Expense
72010000;Physcial contract realized (gains)/losses;Nonoperating Expense or Income;585000;Other expenses;Other Operating income, net;Other Operating (Income)/Expense, net
72020000;Physcial contract unrealized (gains)/losses;Nonoperating Expense or Income;585000;Other expenses;Other Operating income, net;Other Operating (Income)/Expense, net
72510000;Financial contract realized (gains)/losses;Nonoperating Expense or Income;585000;Other expenses;Other Operating income, net;Other Operating (Income)/Expense, net
72520000;Financial contract unrealized (gains)/losses;Nonoperating Expense or Income;585000;Other expenses;Other Operating income, net;Other Operating (Income)/Expense, net
75002000;Corporate Income Tax Expense;Nonoperating Expense or Income;721000;Income tax;Income tax (benefit) expense;Income Tax Expense/(Benefit) - Continuing Operations
75002100;Current State Income Tax Expense;Nonoperating Expense or Income;721000;Income tax;Income tax (benefit) expense;Income Tax Expense/(Benefit) - Continuing Operations
75002400;Corporate Income Tax - Disc Ops;Nonoperating Expense or Income;731000;Income Tax Expense/(Benefit) - Disc Ops;Income tax expense (benefit) (disc ops);Income Tax Expense/(Benefit) - Discontinued Operations
75003000;Deferred Tax;Nonoperating Expense or Income;722000;Deferred tax;Income tax (benefit) expense;Income Tax Expense/(Benefit) - Continuing Operations
75003100;Deferred State Income Tax Expense;Nonoperating Expense or Income;722000;Deferred tax;Income tax (benefit) expense;Income Tax Expense/(Benefit) - Continuing Operations
90020000;Internal Labor Settlement;Secondary Costs;560000;Wages and salaries and other benefit costs;Opex above margin - YB20. Opex below margin - YB30. G&A below margin - YB40/YB50/YB99.;Employee Expense. Opex - YB20/YB30. G&A - YB40/YB50/YB99
90030000;Internal Material Settlement;Secondary Costs;560700;Supplies Expense;Opex above margin - YB20. Opex below margin - YB30. G&A below margin - YB40/YB50/YB99.;Supplies Expense. Opex - YB20/YB30. G&A - YB40/YB50/YB99
90040000;External Material Settlement;Secondary Costs;560700;Supplies Expense;Opex above margin - YB20. Opex below margin - YB30. G&A below margin - YB40/YB50/YB99.;Supplies Expense. Opex - YB20/YB30. G&A - YB40/YB50/YB99
90050000;Services Settlement;Secondary Costs;560200;Outside Services;Opex above margin - YB20. Opex below margin - YB30. G&A below margin - YB40/YB50/YB99.;Outside Services. Opex - YB20/YB30. G&A - YB40/YB50/YB99
90060000;Other Settlement;Secondary Costs;561200;Other expenses;Opex above margin - YB20. Opex below margin - YB30. G&A below margin - YB40/YB50/YB99.;Other Operating Expenses - YB20/YB30. Other General and Administrative Expenses - YB40/YB50/YB99
90070000;Group Insurance allocation;Secondary Costs;560000;Wages and salaries and other benefit costs;Opex above margin - YB20. Opex below margin - YB30. G&A below margin - YB40/YB50/YB99.;Employee Expense. Opex - YB20/YB30. G&A - YB40/YB50/YB99
90080000;Trucking allocation;Secondary Costs;561200;Other expenses;Opex above margin - YB20. Opex below margin - YB30. G&A below margin - YB40/YB50/YB99.;Other Operating Expenses - YB20/YB30. Other General and Administrative Expenses - YB40/YB50/YB99
90090000;Refining split Labour;Secondary Costs;560000;Wages and salaries and other benefit costs;Opex above margin - YB20. Opex below margin - YB30. G&A below margin - YB40/YB50/YB99.;Employee Expense. Opex - YB20/YB30. G&A - YB40/YB50/YB99
90091000;Refining split Non Labour;Secondary Costs;561200;Other expenses;Opex above margin - YB20. Opex below margin - YB30. G&A below margin - YB40/YB50/YB99.;Other Operating Expenses - YB20/YB30. Other General and Administrative Expenses - YB40/YB50/YB99
94311000;Personnel hours;Secondary Costs;560000;Wages and salaries and other benefit costs;Opex above margin - YB20. Opex below margin - YB30. G&A below margin - YB40/YB50/YB99.;Employee Expense. Opex - YB20/YB30. G&A - YB40/YB50/YB99
99035980;AUC - WO Cost resettle;Primary Costs or Revenue;560000;Wages and salaries and other benefit costs;Opex above margin - YB20. Opex below margin - YB30. G&A below margin - YB40/YB50/YB99.;Employee Expense. Opex - YB20/YB30. G&A - YB40/YB50/YB99